solid Trunc_Icosa_STL2
   facet normal 5.593962e-01 -3.070244e-01 7.699428e-01
      outer loop
         vertex 1.642991e+02 9.792676e+01 1.328836e+02
         vertex 1.365160e+02 9.792676e+01 1.530692e+02
         vertex 1.623147e+02 2.099436e+01 1.036476e+02
      endloop
   endfacet
   facet normal 5.593962e-01 -3.070244e-01 7.699428e-01
      outer loop
         vertex 1.623147e+02 2.099436e+01 1.036476e+02
         vertex 1.365160e+02 9.792676e+01 1.530692e+02
         vertex 1.093241e+02 2.099436e+01 1.421475e+02
      endloop
   endfacet
   facet normal 9.996987e-01 -2.088631e-02 -1.289284e-02
      outer loop
         vertex 1.642996e+02 1.159824e+02 1.036714e+02
         vertex 1.642991e+02 9.792676e+01 1.328836e+02
         vertex 1.623157e+02 5.543182e+01 4.793121e+01
      endloop
   endfacet
   facet normal 9.996987e-01 -2.088631e-02 -1.289284e-02
      outer loop
         vertex 1.623157e+02 5.543182e+01 4.793121e+01
         vertex 1.642991e+02 9.792676e+01 1.328836e+02
         vertex 1.623147e+02 2.099436e+01 1.036476e+02
      endloop
   endfacet
   facet normal 5.594193e-01 5.513900e-01 -6.188854e-01
      outer loop
         vertex 1.365170e+02 1.340380e+02 9.464484e+01
         vertex 1.642996e+02 1.159824e+02 1.036714e+02
         vertex 1.093260e+02 8.986928e+01 3.071479e+01
      endloop
   endfacet
   facet normal 5.594194e-01 5.513899e-01 -6.188854e-01
      outer loop
         vertex 1.093260e+02 8.986928e+01 3.071479e+01
         vertex 1.642996e+02 1.159824e+02 1.036714e+02
         vertex 1.623157e+02 5.543182e+01 4.793121e+01
      endloop
   endfacet
   facet normal -3.211625e-01 8.375281e-01 -4.420423e-01
      outer loop
         vertex 1.087340e+02 1.340380e+02 1.148304e+02
         vertex 1.365170e+02 1.340380e+02 9.464484e+01
         vertex 5.633537e+01 8.986928e+01 6.921473e+01
      endloop
   endfacet
   facet normal -3.211625e-01 8.375281e-01 -4.420423e-01
      outer loop
         vertex 5.633537e+01 8.986928e+01 6.921473e+01
         vertex 1.365170e+02 1.340380e+02 9.464484e+01
         vertex 1.093260e+02 8.986928e+01 3.071479e+01
      endloop
   endfacet
   facet normal -7.614651e-01 5.513899e-01 3.407933e-01
      outer loop
         vertex 1.087335e+02 1.159824e+02 1.440426e+02
         vertex 1.087340e+02 1.340380e+02 1.148304e+02
         vertex 5.633444e+01 5.543182e+01 1.249311e+02
      endloop
   endfacet
   facet normal -7.614651e-01 5.513899e-01 3.407934e-01
      outer loop
         vertex 5.633444e+01 5.543182e+01 1.249311e+02
         vertex 1.087340e+02 1.340380e+02 1.148304e+02
         vertex 5.633537e+01 8.986928e+01 6.921473e+01
      endloop
   endfacet
   facet normal -3.211857e-01 -2.088631e-02 9.467859e-01
      outer loop
         vertex 1.365160e+02 9.792676e+01 1.530692e+02
         vertex 1.087335e+02 1.159824e+02 1.440426e+02
         vertex 1.093241e+02 2.099436e+01 1.421475e+02
      endloop
   endfacet
   facet normal -3.211857e-01 -2.088631e-02 9.467859e-01
      outer loop
         vertex 1.093241e+02 2.099436e+01 1.421475e+02
         vertex 1.087335e+02 1.159824e+02 1.440426e+02
         vertex 5.633444e+01 5.543182e+01 1.249311e+02
      endloop
   endfacet
   facet normal 3.568435e-01 7.946266e-01 4.911530e-01
      outer loop
         vertex 1.365170e+02 1.340380e+02 9.464484e+01
         vertex 1.087340e+02 1.340380e+02 1.148304e+02
         vertex 1.642996e+02 1.159824e+02 1.036714e+02
      endloop
   endfacet
   facet normal 3.568435e-01 7.946266e-01 4.911530e-01
      outer loop
         vertex 1.642996e+02 1.159824e+02 1.036714e+02
         vertex 1.087340e+02 1.340380e+02 1.148304e+02
         vertex 1.087335e+02 1.159824e+02 1.440426e+02
      endloop
   endfacet
   facet normal 3.568435e-01 7.946266e-01 4.911529e-01
      outer loop
         vertex 1.642996e+02 1.159824e+02 1.036714e+02
         vertex 1.087335e+02 1.159824e+02 1.440426e+02
         vertex 1.642991e+02 9.792676e+01 1.328836e+02
      endloop
   endfacet
   facet normal 3.568435e-01 7.946266e-01 4.911530e-01
      outer loop
         vertex 1.642991e+02 9.792676e+01 1.328836e+02
         vertex 1.087335e+02 1.159824e+02 1.440426e+02
         vertex 1.365160e+02 9.792676e+01 1.530692e+02
      endloop
   endfacet
   facet normal -3.568435e-01 -7.946266e-01 -4.911530e-01
      outer loop
         vertex 1.623147e+02 2.099436e+01 1.036476e+02
         vertex 1.093241e+02 2.099436e+01 1.421475e+02
         vertex 1.623157e+02 5.543182e+01 4.793121e+01
      endloop
   endfacet
   facet normal -3.568435e-01 -7.946266e-01 -4.911530e-01
      outer loop
         vertex 1.623157e+02 5.543182e+01 4.793121e+01
         vertex 1.093241e+02 2.099436e+01 1.421475e+02
         vertex 5.633444e+01 5.543182e+01 1.249311e+02
      endloop
   endfacet
   facet normal -3.568436e-01 -7.946266e-01 -4.911530e-01
      outer loop
         vertex 1.623157e+02 5.543182e+01 4.793121e+01
         vertex 5.633444e+01 5.543182e+01 1.249311e+02
         vertex 1.093260e+02 8.986928e+01 3.071479e+01
      endloop
   endfacet
   facet normal -3.568436e-01 -7.946265e-01 -4.911530e-01
      outer loop
         vertex 1.093260e+02 8.986928e+01 3.071479e+01
         vertex 5.633444e+01 5.543182e+01 1.249311e+02
         vertex 5.633537e+01 8.986928e+01 6.921473e+01
      endloop
   endfacet
   facet normal 0.000000e+00 2.503800e-01 9.681476e-01
      outer loop
         vertex 1.800681e+02 9.584841e+01 1.838005e+02
         vertex 1.487035e+02 9.584841e+01 1.838005e+02
         vertex 1.943858e+02 1.964841e+01 2.035072e+02
      endloop
   endfacet
   facet normal 0.000000e+00 2.503800e-01 9.681476e-01
      outer loop
         vertex 1.943858e+02 1.964841e+01 2.035072e+02
         vertex 1.487035e+02 9.584841e+01 1.838005e+02
         vertex 1.343858e+02 1.964841e+01 2.035072e+02
      endloop
   endfacet
   facet normal 9.207631e-01 2.503800e-01 2.991741e-01
      outer loop
         vertex 1.897602e+02 9.584841e+01 1.539711e+02
         vertex 1.800681e+02 9.584841e+01 1.838005e+02
         vertex 2.129268e+02 1.964841e+01 1.464438e+02
      endloop
   endfacet
   facet normal 9.207631e-01 2.503800e-01 2.991741e-01
      outer loop
         vertex 2.129268e+02 1.964841e+01 1.464438e+02
         vertex 1.800681e+02 9.584841e+01 1.838005e+02
         vertex 1.943858e+02 1.964841e+01 2.035072e+02
      endloop
   endfacet
   facet normal 5.690629e-01 2.503800e-01 -7.832479e-01
      outer loop
         vertex 1.643858e+02 9.584841e+01 1.355355e+02
         vertex 1.897602e+02 9.584841e+01 1.539711e+02
         vertex 1.643858e+02 1.964841e+01 1.111767e+02
      endloop
   endfacet
   facet normal 5.690629e-01 2.503800e-01 -7.832479e-01
      outer loop
         vertex 1.643858e+02 1.964841e+01 1.111767e+02
         vertex 1.897602e+02 9.584841e+01 1.539711e+02
         vertex 2.129268e+02 1.964841e+01 1.464438e+02
      endloop
   endfacet
   facet normal -5.690629e-01 2.503800e-01 -7.832479e-01
      outer loop
         vertex 1.390113e+02 9.584841e+01 1.539711e+02
         vertex 1.643858e+02 9.584841e+01 1.355355e+02
         vertex 1.158448e+02 1.964841e+01 1.464438e+02
      endloop
   endfacet
   facet normal -5.690629e-01 2.503800e-01 -7.832479e-01
      outer loop
         vertex 1.158448e+02 1.964841e+01 1.464438e+02
         vertex 1.643858e+02 9.584841e+01 1.355355e+02
         vertex 1.643858e+02 1.964841e+01 1.111767e+02
      endloop
   endfacet
   facet normal -9.207631e-01 2.503800e-01 2.991741e-01
      outer loop
         vertex 1.487035e+02 9.584841e+01 1.838005e+02
         vertex 1.390113e+02 9.584841e+01 1.539711e+02
         vertex 1.343858e+02 1.964841e+01 2.035072e+02
      endloop
   endfacet
   facet normal -9.207631e-01 2.503800e-01 2.991741e-01
      outer loop
         vertex 1.343858e+02 1.964841e+01 2.035072e+02
         vertex 1.390113e+02 9.584841e+01 1.539711e+02
         vertex 1.158448e+02 1.964841e+01 1.464438e+02
      endloop
   endfacet
   facet normal 0.000000e+00 1.000000e+00 0.000000e+00
      outer loop
         vertex 1.897602e+02 9.584841e+01 1.539711e+02
         vertex 1.643858e+02 9.584841e+01 1.355355e+02
         vertex 1.800681e+02 9.584841e+01 1.838005e+02
      endloop
   endfacet
   facet normal 0.000000e+00 1.000000e+00 0.000000e+00
      outer loop
         vertex 1.800681e+02 9.584841e+01 1.838005e+02
         vertex 1.643858e+02 9.584841e+01 1.355355e+02
         vertex 1.390113e+02 9.584841e+01 1.539711e+02
      endloop
   endfacet
   facet normal 0.000000e+00 1.000000e+00 0.000000e+00
      outer loop
         vertex 1.800681e+02 9.584841e+01 1.838005e+02
         vertex 1.390113e+02 9.584841e+01 1.539711e+02
         vertex 1.487035e+02 9.584841e+01 1.838005e+02
      endloop
   endfacet
   facet normal 0.000000e+00 -1.000000e+00 0.000000e+00
      outer loop
         vertex 1.643858e+02 1.964841e+01 1.111767e+02
         vertex 2.129268e+02 1.964841e+01 1.464438e+02
         vertex 1.158448e+02 1.964841e+01 1.464438e+02
      endloop
   endfacet
   facet normal 0.000000e+00 -1.000000e+00 0.000000e+00
      outer loop
         vertex 1.158448e+02 1.964841e+01 1.464438e+02
         vertex 2.129268e+02 1.964841e+01 1.464438e+02
         vertex 1.943858e+02 1.964841e+01 2.035072e+02
      endloop
   endfacet
   facet normal 0.000000e+00 -1.000000e+00 0.000000e+00
      outer loop
         vertex 1.158448e+02 1.964841e+01 1.464438e+02
         vertex 1.943858e+02 1.964841e+01 2.035072e+02
         vertex 1.343858e+02 1.964841e+01 2.035072e+02
      endloop
   endfacet
   facet normal 9.051220e-01 -3.070244e-01 -2.940920e-01
      outer loop
         vertex 1.364625e+02 9.792676e+01 1.532340e+02
         vertex 1.470747e+02 9.792676e+01 1.858950e+02
         vertex 1.080441e+02 2.099436e+01 1.460869e+02
      endloop
   endfacet
   facet normal 9.051220e-01 -3.070244e-01 -2.940920e-01
      outer loop
         vertex 1.080441e+02 2.099436e+01 1.460869e+02
         vertex 1.470747e+02 9.792676e+01 1.858950e+02
         vertex 1.282848e+02 2.099436e+01 2.083811e+02
      endloop
   endfacet
   facet normal 2.966621e-01 -2.088633e-02 -9.547541e-01
      outer loop
         vertex 1.086802e+02 1.159824e+02 1.442065e+02
         vertex 1.364625e+02 9.792676e+01 1.532340e+02
         vertex 5.505504e+01 5.543182e+01 1.288687e+02
      endloop
   endfacet
   facet normal 2.966621e-01 -2.088630e-02 -9.547541e-01
      outer loop
         vertex 5.505504e+01 5.543182e+01 1.288687e+02
         vertex 1.364625e+02 9.792676e+01 1.532340e+02
         vertex 1.080441e+02 2.099436e+01 1.460869e+02
      endloop
   endfacet
   facet normal -4.157249e-01 5.513900e-01 -7.232855e-01
      outer loop
         vertex 9.151011e+01 1.340380e+02 1.678400e+02
         vertex 1.086802e+02 1.159824e+02 1.442065e+02
         vertex 2.230653e+01 8.986928e+01 1.739447e+02
      endloop
   endfacet
   facet normal -4.157249e-01 5.513899e-01 -7.232856e-01
      outer loop
         vertex 2.230653e+01 8.986928e+01 1.739447e+02
         vertex 1.086802e+02 1.159824e+02 1.442065e+02
         vertex 5.505504e+01 5.543182e+01 1.288687e+02
      endloop
   endfacet
   facet normal -5.196519e-01 8.375281e-01 1.688452e-01
      outer loop
         vertex 1.021223e+02 1.340380e+02 2.005009e+02
         vertex 9.151011e+01 1.340380e+02 1.678400e+02
         vertex 4.254715e+01 8.986928e+01 2.362389e+02
      endloop
   endfacet
   facet normal -5.196518e-01 8.375281e-01 1.688452e-01
      outer loop
         vertex 4.254715e+01 8.986928e+01 2.362389e+02
         vertex 9.151011e+01 1.340380e+02 1.678400e+02
         vertex 2.230653e+01 8.986928e+01 1.739447e+02
      endloop
   endfacet
   facet normal 8.880794e-02 5.513899e-01 8.295073e-01
      outer loop
         vertex 1.299046e+02 1.159824e+02 2.095284e+02
         vertex 1.021223e+02 1.340380e+02 2.005009e+02
         vertex 9.553626e+01 5.543182e+01 2.534571e+02
      endloop
   endfacet
   facet normal 8.880813e-02 5.513899e-01 8.295073e-01
      outer loop
         vertex 9.553626e+01 5.543182e+01 2.534571e+02
         vertex 1.021223e+02 1.340380e+02 2.005009e+02
         vertex 4.254715e+01 8.986928e+01 2.362389e+02
      endloop
   endfacet
   facet normal 8.011951e-01 -2.088633e-02 5.980387e-01
      outer loop
         vertex 1.470747e+02 9.792676e+01 1.858950e+02
         vertex 1.299046e+02 1.159824e+02 2.095284e+02
         vertex 1.282848e+02 2.099436e+01 2.083811e+02
      endloop
   endfacet
   facet normal 8.011950e-01 -2.088633e-02 5.980387e-01
      outer loop
         vertex 1.282848e+02 2.099436e+01 2.083811e+02
         vertex 1.299046e+02 1.159824e+02 2.095284e+02
         vertex 9.553626e+01 5.543182e+01 2.534571e+02
      endloop
   endfacet
   facet normal 5.773850e-01 7.946266e-01 -1.876037e-01
      outer loop
         vertex 1.364625e+02 9.792676e+01 1.532340e+02
         vertex 1.086802e+02 1.159824e+02 1.442065e+02
         vertex 1.470747e+02 9.792676e+01 1.858950e+02
      endloop
   endfacet
   facet normal 5.773849e-01 7.946267e-01 -1.876037e-01
      outer loop
         vertex 1.470747e+02 9.792676e+01 1.858950e+02
         vertex 1.086802e+02 1.159824e+02 1.442065e+02
         vertex 9.151011e+01 1.340380e+02 1.678400e+02
      endloop
   endfacet
   facet normal 5.773849e-01 7.946266e-01 -1.876037e-01
      outer loop
         vertex 1.470747e+02 9.792676e+01 1.858950e+02
         vertex 9.151011e+01 1.340380e+02 1.678400e+02
         vertex 1.299046e+02 1.159824e+02 2.095284e+02
      endloop
   endfacet
   facet normal 5.773849e-01 7.946266e-01 -1.876038e-01
      outer loop
         vertex 1.299046e+02 1.159824e+02 2.095284e+02
         vertex 9.151011e+01 1.340380e+02 1.678400e+02
         vertex 1.021223e+02 1.340380e+02 2.005009e+02
      endloop
   endfacet
   facet normal -5.773850e-01 -7.946266e-01 1.876037e-01
      outer loop
         vertex 9.553626e+01 5.543182e+01 2.534571e+02
         vertex 4.254715e+01 8.986928e+01 2.362389e+02
         vertex 1.282848e+02 2.099436e+01 2.083811e+02
      endloop
   endfacet
   facet normal -5.773850e-01 -7.946266e-01 1.876038e-01
      outer loop
         vertex 1.282848e+02 2.099436e+01 2.083811e+02
         vertex 4.254715e+01 8.986928e+01 2.362389e+02
         vertex 2.230653e+01 8.986928e+01 1.739447e+02
      endloop
   endfacet
   facet normal -5.773850e-01 -7.946266e-01 1.876037e-01
      outer loop
         vertex 1.282848e+02 2.099436e+01 2.083811e+02
         vertex 2.230653e+01 8.986928e+01 1.739447e+02
         vertex 1.080441e+02 2.099436e+01 1.460869e+02
      endloop
   endfacet
   facet normal -5.773850e-01 -7.946266e-01 1.876037e-01
      outer loop
         vertex 1.080441e+02 2.099436e+01 1.460869e+02
         vertex 2.230653e+01 8.986928e+01 1.739447e+02
         vertex 5.505504e+01 5.543182e+01 1.288687e+02
      endloop
   endfacet
   facet normal 0.000000e+00 -3.070244e-01 -9.517016e-01
      outer loop
         vertex 1.472149e+02 9.792676e+01 1.859969e+02
         vertex 1.815567e+02 9.792676e+01 1.859969e+02
         vertex 1.316358e+02 2.099436e+01 2.108157e+02
      endloop
   endfacet
   facet normal 0.000000e+00 -3.070244e-01 -9.517016e-01
      outer loop
         vertex 1.316358e+02 2.099436e+01 2.108157e+02
         vertex 1.815567e+02 9.792676e+01 1.859969e+02
         vertex 1.971358e+02 2.099436e+01 2.108157e+02
      endloop
   endfacet
   facet normal -8.163515e-01 -2.088636e-02 -5.771776e-01
      outer loop
         vertex 1.300440e+02 1.159824e+02 2.096297e+02
         vertex 1.472149e+02 9.792676e+01 1.859969e+02
         vertex 9.888578e+01 5.543182e+01 2.558907e+02
      endloop
   endfacet
   facet normal -8.163515e-01 -2.088632e-02 -5.771776e-01
      outer loop
         vertex 9.888578e+01 5.543182e+01 2.558907e+02
         vertex 1.472149e+02 9.792676e+01 1.859969e+02
         vertex 1.316358e+02 2.099436e+01 2.108157e+02
      endloop
   endfacet
   facet normal -8.163514e-01 5.513900e-01 1.718704e-01
      outer loop
         vertex 1.472149e+02 1.340380e+02 2.332626e+02
         vertex 1.300440e+02 1.159824e+02 2.096297e+02
         vertex 1.316358e+02 8.986928e+01 3.009656e+02
      endloop
   endfacet
   facet normal -8.163515e-01 5.513899e-01 1.718703e-01
      outer loop
         vertex 1.316358e+02 8.986928e+01 3.009656e+02
         vertex 1.300440e+02 1.159824e+02 2.096297e+02
         vertex 9.888578e+01 5.543182e+01 2.558907e+02
      endloop
   endfacet
   facet normal 0.000000e+00 8.375281e-01 5.463943e-01
      outer loop
         vertex 1.815567e+02 1.340380e+02 2.332626e+02
         vertex 1.472149e+02 1.340380e+02 2.332626e+02
         vertex 1.971358e+02 8.986928e+01 3.009656e+02
      endloop
   endfacet
   facet normal 0.000000e+00 8.375281e-01 5.463943e-01
      outer loop
         vertex 1.971358e+02 8.986928e+01 3.009656e+02
         vertex 1.472149e+02 1.340380e+02 2.332626e+02
         vertex 1.316358e+02 8.986928e+01 3.009656e+02
      endloop
   endfacet
   facet normal 8.163515e-01 5.513899e-01 1.718704e-01
      outer loop
         vertex 1.987275e+02 1.159824e+02 2.096297e+02
         vertex 1.815567e+02 1.340380e+02 2.332626e+02
         vertex 2.298858e+02 5.543182e+01 2.558907e+02
      endloop
   endfacet
   facet normal 8.163515e-01 5.513899e-01 1.718703e-01
      outer loop
         vertex 2.298858e+02 5.543182e+01 2.558907e+02
         vertex 1.815567e+02 1.340380e+02 2.332626e+02
         vertex 1.971358e+02 8.986928e+01 3.009656e+02
      endloop
   endfacet
   facet normal 8.163515e-01 -2.088633e-02 -5.771776e-01
      outer loop
         vertex 1.815567e+02 9.792676e+01 1.859969e+02
         vertex 1.987275e+02 1.159824e+02 2.096297e+02
         vertex 1.971358e+02 2.099436e+01 2.108157e+02
      endloop
   endfacet
   facet normal 8.163515e-01 -2.088633e-02 -5.771776e-01
      outer loop
         vertex 1.971358e+02 2.099436e+01 2.108157e+02
         vertex 1.987275e+02 1.159824e+02 2.096297e+02
         vertex 2.298858e+02 5.543182e+01 2.558907e+02
      endloop
   endfacet
   facet normal 0.000000e+00 7.946266e-01 -6.070984e-01
      outer loop
         vertex 1.472149e+02 1.340380e+02 2.332626e+02
         vertex 1.815567e+02 1.340380e+02 2.332626e+02
         vertex 1.300440e+02 1.159824e+02 2.096297e+02
      endloop
   endfacet
   facet normal 0.000000e+00 7.946266e-01 -6.070984e-01
      outer loop
         vertex 1.300440e+02 1.159824e+02 2.096297e+02
         vertex 1.815567e+02 1.340380e+02 2.332626e+02
         vertex 1.987275e+02 1.159824e+02 2.096297e+02
      endloop
   endfacet
   facet normal 0.000000e+00 7.946266e-01 -6.070984e-01
      outer loop
         vertex 1.300440e+02 1.159824e+02 2.096297e+02
         vertex 1.987275e+02 1.159824e+02 2.096297e+02
         vertex 1.472149e+02 9.792676e+01 1.859969e+02
      endloop
   endfacet
   facet normal 0.000000e+00 7.946266e-01 -6.070984e-01
      outer loop
         vertex 1.472149e+02 9.792676e+01 1.859969e+02
         vertex 1.987275e+02 1.159824e+02 2.096297e+02
         vertex 1.815567e+02 9.792676e+01 1.859969e+02
      endloop
   endfacet
   facet normal 0.000000e+00 -7.946266e-01 6.070985e-01
      outer loop
         vertex 1.316358e+02 2.099436e+01 2.108157e+02
         vertex 1.971358e+02 2.099436e+01 2.108157e+02
         vertex 9.888578e+01 5.543182e+01 2.558907e+02
      endloop
   endfacet
   facet normal 0.000000e+00 -7.946266e-01 6.070985e-01
      outer loop
         vertex 9.888578e+01 5.543182e+01 2.558907e+02
         vertex 1.971358e+02 2.099436e+01 2.108157e+02
         vertex 2.298858e+02 5.543182e+01 2.558907e+02
      endloop
   endfacet
   facet normal 0.000000e+00 -7.946265e-01 6.070986e-01
      outer loop
         vertex 9.888578e+01 5.543182e+01 2.558907e+02
         vertex 2.298858e+02 5.543182e+01 2.558907e+02
         vertex 1.316358e+02 8.986928e+01 3.009656e+02
      endloop
   endfacet
   facet normal 0.000000e+00 -7.946265e-01 6.070986e-01
      outer loop
         vertex 1.316358e+02 8.986928e+01 3.009656e+02
         vertex 2.298858e+02 5.543182e+01 2.558907e+02
         vertex 1.971358e+02 8.986928e+01 3.009656e+02
      endloop
   endfacet
   facet normal -5.593962e-01 -3.070244e-01 7.699428e-01
      outer loop
         vertex 1.922555e+02 9.792676e+01 1.530692e+02
         vertex 1.644725e+02 9.792676e+01 1.328836e+02
         vertex 2.194474e+02 2.099436e+01 1.421475e+02
      endloop
   endfacet
   facet normal -5.593962e-01 -3.070244e-01 7.699428e-01
      outer loop
         vertex 2.194474e+02 2.099436e+01 1.421475e+02
         vertex 1.644725e+02 9.792676e+01 1.328836e+02
         vertex 1.664568e+02 2.099436e+01 1.036476e+02
      endloop
   endfacet
   facet normal 3.211857e-01 -2.088634e-02 9.467859e-01
      outer loop
         vertex 2.200381e+02 1.159824e+02 1.440426e+02
         vertex 1.922555e+02 9.792676e+01 1.530692e+02
         vertex 2.724371e+02 5.543182e+01 1.249311e+02
      endloop
   endfacet
   facet normal 3.211857e-01 -2.088629e-02 9.467859e-01
      outer loop
         vertex 2.724371e+02 5.543182e+01 1.249311e+02
         vertex 1.922555e+02 9.792676e+01 1.530692e+02
         vertex 2.194474e+02 2.099436e+01 1.421475e+02
      endloop
   endfacet
   facet normal 7.614651e-01 5.513900e-01 3.407933e-01
      outer loop
         vertex 2.200376e+02 1.340380e+02 1.148304e+02
         vertex 2.200381e+02 1.159824e+02 1.440426e+02
         vertex 2.724362e+02 8.986928e+01 6.921473e+01
      endloop
   endfacet
   facet normal 7.614651e-01 5.513899e-01 3.407933e-01
      outer loop
         vertex 2.724362e+02 8.986928e+01 6.921473e+01
         vertex 2.200381e+02 1.159824e+02 1.440426e+02
         vertex 2.724371e+02 5.543182e+01 1.249311e+02
      endloop
   endfacet
   facet normal 3.211625e-01 8.375281e-01 -4.420423e-01
      outer loop
         vertex 1.922545e+02 1.340380e+02 9.464484e+01
         vertex 2.200376e+02 1.340380e+02 1.148304e+02
         vertex 2.194456e+02 8.986928e+01 3.071479e+01
      endloop
   endfacet
   facet normal 3.211625e-01 8.375281e-01 -4.420423e-01
      outer loop
         vertex 2.194456e+02 8.986928e+01 3.071479e+01
         vertex 2.200376e+02 1.340380e+02 1.148304e+02
         vertex 2.724362e+02 8.986928e+01 6.921473e+01
      endloop
   endfacet
   facet normal -5.594193e-01 5.513899e-01 -6.188854e-01
      outer loop
         vertex 1.644720e+02 1.159824e+02 1.036714e+02
         vertex 1.922545e+02 1.340380e+02 9.464484e+01
         vertex 1.664559e+02 5.543182e+01 4.793121e+01
      endloop
   endfacet
   facet normal -5.594194e-01 5.513899e-01 -6.188854e-01
      outer loop
         vertex 1.664559e+02 5.543182e+01 4.793121e+01
         vertex 1.922545e+02 1.340380e+02 9.464484e+01
         vertex 2.194456e+02 8.986928e+01 3.071479e+01
      endloop
   endfacet
   facet normal -9.996987e-01 -2.088631e-02 -1.289284e-02
      outer loop
         vertex 1.644725e+02 9.792676e+01 1.328836e+02
         vertex 1.644720e+02 1.159824e+02 1.036714e+02
         vertex 1.664568e+02 2.099436e+01 1.036476e+02
      endloop
   endfacet
   facet normal -9.996987e-01 -2.088631e-02 -1.289284e-02
      outer loop
         vertex 1.664568e+02 2.099436e+01 1.036476e+02
         vertex 1.644720e+02 1.159824e+02 1.036714e+02
         vertex 1.664559e+02 5.543182e+01 4.793121e+01
      endloop
   endfacet
   facet normal -3.568435e-01 7.946266e-01 4.911530e-01
      outer loop
         vertex 1.922555e+02 9.792676e+01 1.530692e+02
         vertex 2.200381e+02 1.159824e+02 1.440426e+02
         vertex 1.644725e+02 9.792676e+01 1.328836e+02
      endloop
   endfacet
   facet normal -3.568435e-01 7.946266e-01 4.911530e-01
      outer loop
         vertex 1.644725e+02 9.792676e+01 1.328836e+02
         vertex 2.200381e+02 1.159824e+02 1.440426e+02
         vertex 2.200376e+02 1.340380e+02 1.148304e+02
      endloop
   endfacet
   facet normal -3.568435e-01 7.946266e-01 4.911529e-01
      outer loop
         vertex 1.644725e+02 9.792676e+01 1.328836e+02
         vertex 2.200376e+02 1.340380e+02 1.148304e+02
         vertex 1.644720e+02 1.159824e+02 1.036714e+02
      endloop
   endfacet
   facet normal -3.568435e-01 7.946266e-01 4.911530e-01
      outer loop
         vertex 1.644720e+02 1.159824e+02 1.036714e+02
         vertex 2.200376e+02 1.340380e+02 1.148304e+02
         vertex 1.922545e+02 1.340380e+02 9.464484e+01
      endloop
   endfacet
   facet normal 3.568435e-01 -7.946266e-01 -4.911530e-01
      outer loop
         vertex 2.194474e+02 2.099436e+01 1.421475e+02
         vertex 1.664568e+02 2.099436e+01 1.036476e+02
         vertex 2.724371e+02 5.543182e+01 1.249311e+02
      endloop
   endfacet
   facet normal 3.568435e-01 -7.946266e-01 -4.911530e-01
      outer loop
         vertex 2.724371e+02 5.543182e+01 1.249311e+02
         vertex 1.664568e+02 2.099436e+01 1.036476e+02
         vertex 1.664559e+02 5.543182e+01 4.793121e+01
      endloop
   endfacet
   facet normal 3.568436e-01 -7.946265e-01 -4.911531e-01
      outer loop
         vertex 2.724371e+02 5.543182e+01 1.249311e+02
         vertex 1.664559e+02 5.543182e+01 4.793121e+01
         vertex 2.724362e+02 8.986928e+01 6.921473e+01
      endloop
   endfacet
   facet normal 3.568436e-01 -7.946266e-01 -4.911530e-01
      outer loop
         vertex 2.724362e+02 8.986928e+01 6.921473e+01
         vertex 1.664559e+02 5.543182e+01 4.793121e+01
         vertex 2.194456e+02 8.986928e+01 3.071479e+01
      endloop
   endfacet
   facet normal -7.219358e-01 -5.886360e-01 -3.637532e-01
      outer loop
         vertex 2.229603e+02 1.174250e+02 1.431831e+02
         vertex 2.229584e+02 1.339146e+02 1.165030e+02
         vertex 2.774233e+02 6.156446e+01 1.254864e+02
      endloop
   endfacet
   facet normal -7.219357e-01 -5.886360e-01 -3.637532e-01
      outer loop
         vertex 2.774233e+02 6.156446e+01 1.254864e+02
         vertex 2.229584e+02 1.339146e+02 1.165030e+02
         vertex 2.774197e+02 9.310877e+01 7.444768e+01
      endloop
   endfacet
   facet normal -3.702094e-01 -5.886191e-01 7.186602e-01
      outer loop
         vertex 2.386419e+02 1.339153e+02 1.647677e+02
         vertex 2.229603e+02 1.174250e+02 1.431831e+02
         vertex 3.074219e+02 9.311023e+01 1.667775e+02
      endloop
   endfacet
   facet normal -3.702094e-01 -5.886191e-01 7.186603e-01
      outer loop
         vertex 3.074219e+02 9.311023e+01 1.667775e+02
         vertex 2.229603e+02 1.174250e+02 1.431831e+02
         vertex 2.774233e+02 6.156446e+01 1.254864e+02
      endloop
   endfacet
   facet normal 1.987851e-01 3.795697e-01 9.035548e-01
      outer loop
         vertex 2.483317e+02 1.605965e+02 1.514275e+02
         vertex 2.386419e+02 1.339153e+02 1.647677e+02
         vertex 3.259584e+02 1.441509e+02 1.412579e+02
      endloop
   endfacet
   facet normal 1.987851e-01 3.795698e-01 9.035548e-01
      outer loop
         vertex 3.259584e+02 1.441509e+02 1.412579e+02
         vertex 2.386419e+02 1.339153e+02 1.647677e+02
         vertex 3.074219e+02 9.311023e+01 1.667775e+02
      endloop
   endfacet
   facet normal 1.987165e-01 9.779265e-01 -6.458784e-02
      outer loop
         vertex 2.386388e+02 1.605960e+02 1.215983e+02
         vertex 2.483317e+02 1.605965e+02 1.514275e+02
         vertex 3.074161e+02 1.441500e+02 8.419499e+01
      endloop
   endfacet
   facet normal 1.987167e-01 9.779264e-01 -6.458760e-02
      outer loop
         vertex 3.074161e+02 1.441500e+02 8.419499e+01
         vertex 2.483317e+02 1.605965e+02 1.514275e+02
         vertex 3.259584e+02 1.441509e+02 1.412579e+02
      endloop
   endfacet
   facet normal -3.703201e-01 3.795423e-01 -8.478270e-01
      outer loop
         vertex 2.229584e+02 1.339146e+02 1.165030e+02
         vertex 2.386388e+02 1.605960e+02 1.215983e+02
         vertex 2.774197e+02 9.310877e+01 7.444768e+01
      endloop
   endfacet
   facet normal -3.703201e-01 3.795423e-01 -8.478270e-01
      outer loop
         vertex 2.774197e+02 9.310877e+01 7.444768e+01
         vertex 2.386388e+02 1.605960e+02 1.215983e+02
         vertex 3.074161e+02 1.441500e+02 8.419499e+01
      endloop
   endfacet
   facet normal -8.506778e-01 4.471472e-01 2.764176e-01
      outer loop
         vertex 2.386388e+02 1.605960e+02 1.215983e+02
         vertex 2.229584e+02 1.339146e+02 1.165030e+02
         vertex 2.483317e+02 1.605965e+02 1.514275e+02
      endloop
   endfacet
   facet normal -8.506778e-01 4.471472e-01 2.764176e-01
      outer loop
         vertex 2.483317e+02 1.605965e+02 1.514275e+02
         vertex 2.229584e+02 1.339146e+02 1.165030e+02
         vertex 2.229603e+02 1.174250e+02 1.431831e+02
      endloop
   endfacet
   facet normal -8.506777e-01 4.471471e-01 2.764180e-01
      outer loop
         vertex 2.483317e+02 1.605965e+02 1.514275e+02
         vertex 2.229603e+02 1.174250e+02 1.431831e+02
         vertex 2.386419e+02 1.339153e+02 1.647677e+02
      endloop
   endfacet
   facet normal 8.506778e-01 -4.471472e-01 -2.764176e-01
      outer loop
         vertex 3.259584e+02 1.441509e+02 1.412579e+02
         vertex 3.074219e+02 9.311023e+01 1.667775e+02
         vertex 3.074161e+02 1.441500e+02 8.419499e+01
      endloop
   endfacet
   facet normal 8.506778e-01 -4.471471e-01 -2.764175e-01
      outer loop
         vertex 3.074161e+02 1.441500e+02 8.419499e+01
         vertex 3.074219e+02 9.311023e+01 1.667775e+02
         vertex 2.774233e+02 6.156446e+01 1.254864e+02
      endloop
   endfacet
   facet normal 8.506778e-01 -4.471472e-01 -2.764177e-01
      outer loop
         vertex 3.074161e+02 1.441500e+02 8.419499e+01
         vertex 2.774233e+02 6.156446e+01 1.254864e+02
         vertex 2.774197e+02 9.310877e+01 7.444768e+01
      endloop
   endfacet
   facet normal 6.919167e-01 3.795697e-01 -6.141483e-01
      outer loop
         vertex 2.259602e+02 1.339153e+02 2.037978e+02
         vertex 2.259583e+02 1.605965e+02 2.202857e+02
         vertex 2.827857e+02 9.311023e+01 2.425997e+02
      endloop
   endfacet
   facet normal 6.919167e-01 3.795698e-01 -6.141482e-01
      outer loop
         vertex 2.827857e+02 9.311023e+01 2.425997e+02
         vertex 2.259583e+02 1.605965e+02 2.202857e+02
         vertex 2.827821e+02 1.441509e+02 2.741410e+02
      endloop
   endfacet
   facet normal 1.229121e-01 -5.886191e-01 -7.990120e-01
      outer loop
         vertex 2.005865e+02 1.174250e+02 2.120427e+02
         vertex 2.259602e+02 1.339153e+02 2.037978e+02
         vertex 2.342461e+02 6.156446e+01 2.583721e+02
      endloop
   endfacet
   facet normal 1.229123e-01 -5.886191e-01 -7.990120e-01
      outer loop
         vertex 2.342461e+02 6.156446e+01 2.583721e+02
         vertex 2.259602e+02 1.339153e+02 2.037978e+02
         vertex 2.827857e+02 9.311023e+01 2.425997e+02
      endloop
   endfacet
   facet normal -7.978671e-01 -5.886360e-01 -1.300607e-01
      outer loop
         vertex 1.849027e+02 1.339146e+02 2.336263e+02
         vertex 2.005865e+02 1.174250e+02 2.120427e+02
         vertex 2.042433e+02 9.310877e+01 2.996612e+02
      endloop
   endfacet
   facet normal -7.978670e-01 -5.886361e-01 -1.300607e-01
      outer loop
         vertex 2.042433e+02 9.310877e+01 2.996612e+02
         vertex 2.005865e+02 1.174250e+02 2.120427e+02
         vertex 2.342461e+02 6.156446e+01 2.583721e+02
      endloop
   endfacet
   facet normal -7.979355e-01 3.795424e-01 4.682377e-01
      outer loop
         vertex 2.005834e+02 1.605960e+02 2.387208e+02
         vertex 1.849027e+02 1.339146e+02 2.336263e+02
         vertex 2.342402e+02 1.441500e+02 3.094069e+02
      endloop
   endfacet
   facet normal -7.979355e-01 3.795422e-01 4.682378e-01
      outer loop
         vertex 2.342402e+02 1.441500e+02 3.094069e+02
         vertex 1.849027e+02 1.339146e+02 2.336263e+02
         vertex 2.042433e+02 9.310877e+01 2.996612e+02
      endloop
   endfacet
   facet normal 1.228014e-01 9.779264e-01 1.690555e-01
      outer loop
         vertex 2.259583e+02 1.605965e+02 2.202857e+02
         vertex 2.005834e+02 1.605960e+02 2.387208e+02
         vertex 2.827821e+02 1.441509e+02 2.741410e+02
      endloop
   endfacet
   facet normal 1.228015e-01 9.779265e-01 1.690551e-01
      outer loop
         vertex 2.827821e+02 1.441509e+02 2.741410e+02
         vertex 2.005834e+02 1.605960e+02 2.387208e+02
         vertex 2.342402e+02 1.441500e+02 3.094069e+02
      endloop
   endfacet
   facet normal -5.257387e-01 4.471471e-01 -7.236424e-01
      outer loop
         vertex 2.005834e+02 1.605960e+02 2.387208e+02
         vertex 2.259583e+02 1.605965e+02 2.202857e+02
         vertex 1.849027e+02 1.339146e+02 2.336263e+02
      endloop
   endfacet
   facet normal -5.257386e-01 4.471470e-01 -7.236425e-01
      outer loop
         vertex 1.849027e+02 1.339146e+02 2.336263e+02
         vertex 2.259583e+02 1.605965e+02 2.202857e+02
         vertex 2.259602e+02 1.339153e+02 2.037978e+02
      endloop
   endfacet
   facet normal -5.257386e-01 4.471473e-01 -7.236424e-01
      outer loop
         vertex 1.849027e+02 1.339146e+02 2.336263e+02
         vertex 2.259602e+02 1.339153e+02 2.037978e+02
         vertex 2.005865e+02 1.174250e+02 2.120427e+02
      endloop
   endfacet
   facet normal 5.257385e-01 -4.471471e-01 7.236425e-01
      outer loop
         vertex 2.042433e+02 9.310877e+01 2.996612e+02
         vertex 2.342461e+02 6.156446e+01 2.583721e+02
         vertex 2.342402e+02 1.441500e+02 3.094069e+02
      endloop
   endfacet
   facet normal 5.257386e-01 -4.471471e-01 7.236425e-01
      outer loop
         vertex 2.342402e+02 1.441500e+02 3.094069e+02
         vertex 2.342461e+02 6.156446e+01 2.583721e+02
         vertex 2.827857e+02 9.311023e+01 2.425997e+02
      endloop
   endfacet
   facet normal 5.257386e-01 -4.471471e-01 7.236425e-01
      outer loop
         vertex 2.342402e+02 1.441500e+02 3.094069e+02
         vertex 2.827857e+02 9.311023e+01 2.425997e+02
         vertex 2.827821e+02 1.441509e+02 2.741410e+02
      endloop
   endfacet
   facet normal 4.157115e-01 5.513505e-01 -7.233233e-01
      outer loop
         vertex 2.200899e+02 1.159807e+02 1.442077e+02
         vertex 2.372610e+02 1.340372e+02 1.678398e+02
         vertex 2.737137e+02 5.542866e+01 1.288710e+02
      endloop
   endfacet
   facet normal 4.157115e-01 5.513505e-01 -7.233233e-01
      outer loop
         vertex 2.737137e+02 5.542866e+01 1.288710e+02
         vertex 2.372610e+02 1.340372e+02 1.678398e+02
         vertex 3.064641e+02 8.986770e+01 1.739445e+02
      endloop
   endfacet
   facet normal -2.966909e-01 -2.092576e-02 -9.547443e-01
      outer loop
         vertex 1.923076e+02 9.792592e+01 1.532369e+02
         vertex 2.200899e+02 1.159807e+02 1.442077e+02
         vertex 2.207246e+02 2.099278e+01 1.460924e+02
      endloop
   endfacet
   facet normal -2.966909e-01 -2.092576e-02 -9.547443e-01
      outer loop
         vertex 2.207246e+02 2.099278e+01 1.460924e+02
         vertex 2.200899e+02 1.159807e+02 1.442077e+02
         vertex 2.737137e+02 5.542866e+01 1.288710e+02
      endloop
   endfacet
   facet normal -9.051354e-01 -3.070244e-01 -2.940508e-01
      outer loop
         vertex 1.816964e+02 9.792759e+01 1.858982e+02
         vertex 1.923076e+02 9.792592e+01 1.532369e+02
         vertex 2.004858e+02 2.099594e+01 2.083872e+02
      endloop
   endfacet
   facet normal -9.051354e-01 -3.070244e-01 -2.940508e-01
      outer loop
         vertex 2.004858e+02 2.099594e+01 2.083872e+02
         vertex 1.923076e+02 9.792592e+01 1.532369e+02
         vertex 2.207246e+02 2.099278e+01 1.460924e+02
      endloop
   endfacet
   facet normal -8.011775e-01 -2.084685e-02 5.980636e-01
      outer loop
         vertex 1.988675e+02 1.159840e+02 2.095302e+02
         vertex 1.816964e+02 9.792759e+01 1.858982e+02
         vertex 2.332362e+02 5.543499e+01 2.534607e+02
      endloop
   endfacet
   facet normal -8.011775e-01 -2.084689e-02 5.980635e-01
      outer loop
         vertex 2.332362e+02 5.543499e+01 2.534607e+02
         vertex 1.816964e+02 9.792759e+01 1.858982e+02
         vertex 2.004858e+02 2.099594e+01 2.083872e+02
      endloop
   endfacet
   facet normal -8.877509e-02 5.514294e-01 8.294845e-01
      outer loop
         vertex 2.266498e+02 1.340388e+02 2.005011e+02
         vertex 1.988675e+02 1.159840e+02 2.095302e+02
         vertex 2.862253e+02 8.987086e+01 2.362393e+02
      endloop
   endfacet
   facet normal -8.877509e-02 5.514294e-01 8.294845e-01
      outer loop
         vertex 2.862253e+02 8.987086e+01 2.362393e+02
         vertex 1.988675e+02 1.159840e+02 2.095302e+02
         vertex 2.332362e+02 5.543499e+01 2.534607e+02
      endloop
   endfacet
   facet normal 5.196694e-01 8.375280e-01 1.687913e-01
      outer loop
         vertex 2.372610e+02 1.340372e+02 1.678398e+02
         vertex 2.266498e+02 1.340388e+02 2.005011e+02
         vertex 3.064641e+02 8.986770e+01 1.739445e+02
      endloop
   endfacet
   facet normal 5.196694e-01 8.375281e-01 1.687911e-01
      outer loop
         vertex 3.064641e+02 8.986770e+01 1.739445e+02
         vertex 2.266498e+02 1.340388e+02 2.005011e+02
         vertex 2.862253e+02 8.987086e+01 2.362393e+02
      endloop
   endfacet
   facet normal -5.773788e-01 7.946265e-01 -1.876230e-01
      outer loop
         vertex 2.372610e+02 1.340372e+02 1.678398e+02
         vertex 2.200899e+02 1.159807e+02 1.442077e+02
         vertex 2.266498e+02 1.340388e+02 2.005011e+02
      endloop
   endfacet
   facet normal -5.773788e-01 7.946266e-01 -1.876230e-01
      outer loop
         vertex 2.266498e+02 1.340388e+02 2.005011e+02
         vertex 2.200899e+02 1.159807e+02 1.442077e+02
         vertex 1.923076e+02 9.792592e+01 1.532369e+02
      endloop
   endfacet
   facet normal -5.773788e-01 7.946266e-01 -1.876230e-01
      outer loop
         vertex 2.266498e+02 1.340388e+02 2.005011e+02
         vertex 1.923076e+02 9.792592e+01 1.532369e+02
         vertex 1.988675e+02 1.159840e+02 2.095302e+02
      endloop
   endfacet
   facet normal -5.773786e-01 7.946267e-01 -1.876230e-01
      outer loop
         vertex 1.988675e+02 1.159840e+02 2.095302e+02
         vertex 1.923076e+02 9.792592e+01 1.532369e+02
         vertex 1.816964e+02 9.792759e+01 1.858982e+02
      endloop
   endfacet
   facet normal 5.773787e-01 -7.946266e-01 1.876231e-01
      outer loop
         vertex 2.862253e+02 8.987086e+01 2.362393e+02
         vertex 2.332362e+02 5.543499e+01 2.534607e+02
         vertex 3.064641e+02 8.986770e+01 1.739445e+02
      endloop
   endfacet
   facet normal 5.773787e-01 -7.946266e-01 1.876231e-01
      outer loop
         vertex 3.064641e+02 8.986770e+01 1.739445e+02
         vertex 2.332362e+02 5.543499e+01 2.534607e+02
         vertex 2.004858e+02 2.099594e+01 2.083872e+02
      endloop
   endfacet
   facet normal 5.773787e-01 -7.946266e-01 1.876230e-01
      outer loop
         vertex 3.064641e+02 8.986770e+01 1.739445e+02
         vertex 2.004858e+02 2.099594e+01 2.083872e+02
         vertex 2.737137e+02 5.542866e+01 1.288710e+02
      endloop
   endfacet
   facet normal 5.773787e-01 -7.946266e-01 1.876230e-01
      outer loop
         vertex 2.737137e+02 5.542866e+01 1.288710e+02
         vertex 2.004858e+02 2.099594e+01 2.083872e+02
         vertex 2.207246e+02 2.099278e+01 1.460924e+02
      endloop
   endfacet
   facet normal -1.437021e-01 9.885152e-01 -4.677046e-02
      outer loop
         vertex 2.479557e+02 1.926090e+02 1.713122e+02
         vertex 2.373440e+02 1.926116e+02 2.039733e+02
         vertex 3.287676e+02 2.048239e+02 1.811865e+02
      endloop
   endfacet
   facet normal -1.437022e-01 9.885151e-01 -4.677063e-02
      outer loop
         vertex 3.287676e+02 2.048239e+02 1.811865e+02
         vertex 2.373440e+02 1.926116e+02 2.039733e+02
         vertex 3.085279e+02 2.048290e+02 2.434810e+02
      endloop
   endfacet
   facet normal 2.448490e-02 5.254913e-01 -8.504466e-01
      outer loop
         vertex 2.479568e+02 1.633944e+02 1.532605e+02
         vertex 2.479557e+02 1.926090e+02 1.713122e+02
         vertex 3.287697e+02 1.491029e+02 1.467565e+02
      endloop
   endfacet
   facet normal 2.448504e-02 5.254915e-01 -8.504465e-01
      outer loop
         vertex 3.287697e+02 1.491029e+02 1.467565e+02
         vertex 2.479557e+02 1.926090e+02 1.713122e+02
         vertex 3.287676e+02 2.048239e+02 1.811865e+02
      endloop
   endfacet
   facet normal -1.436504e-01 -4.004285e-01 -9.049981e-01
      outer loop
         vertex 2.373462e+02 1.341825e+02 1.678700e+02
         vertex 2.479568e+02 1.633944e+02 1.532605e+02
         vertex 3.085321e+02 9.338708e+01 1.746211e+02
      endloop
   endfacet
   facet normal -1.436503e-01 -4.004284e-01 -9.049982e-01
      outer loop
         vertex 3.085321e+02 9.338708e+01 1.746211e+02
         vertex 2.479568e+02 1.633944e+02 1.532605e+02
         vertex 3.287697e+02 1.491029e+02 1.467565e+02
      endloop
   endfacet
   facet normal -4.799729e-01 -8.633246e-01 -1.558739e-01
      outer loop
         vertex 2.267345e+02 1.341851e+02 2.005311e+02
         vertex 2.373462e+02 1.341825e+02 1.678700e+02
         vertex 2.882924e+02 9.339220e+01 2.369156e+02
      endloop
   endfacet
   facet normal -4.799730e-01 -8.633245e-01 -1.558739e-01
      outer loop
         vertex 2.882924e+02 9.339220e+01 2.369156e+02
         vertex 2.373462e+02 1.341825e+02 1.678700e+02
         vertex 3.085321e+02 9.338708e+01 1.746211e+02
      endloop
   endfacet
   facet normal -6.481602e-01 -4.003007e-01 6.478022e-01
      outer loop
         vertex 2.267334e+02 1.633997e+02 2.185828e+02
         vertex 2.267345e+02 1.341851e+02 2.005311e+02
         vertex 2.882903e+02 1.491132e+02 2.713455e+02
      endloop
   endfacet
   facet normal -6.481602e-01 -4.003008e-01 6.478022e-01
      outer loop
         vertex 2.882903e+02 1.491132e+02 2.713455e+02
         vertex 2.267345e+02 1.341851e+02 2.005311e+02
         vertex 2.882924e+02 9.339220e+01 2.369156e+02
      endloop
   endfacet
   facet normal -4.800248e-01 5.256190e-01 7.023538e-01
      outer loop
         vertex 2.373440e+02 1.926116e+02 2.039733e+02
         vertex 2.267334e+02 1.633997e+02 2.185828e+02
         vertex 3.085279e+02 2.048290e+02 2.434810e+02
      endloop
   endfacet
   facet normal -4.800248e-01 5.256191e-01 7.023538e-01
      outer loop
         vertex 3.085279e+02 2.048290e+02 2.434810e+02
         vertex 2.267334e+02 1.633997e+02 2.185828e+02
         vertex 2.882903e+02 1.491132e+02 2.713455e+02
      endloop
   endfacet
   facet normal -9.341856e-01 1.875195e-01 -3.035353e-01
      outer loop
         vertex 2.479557e+02 1.926090e+02 1.713122e+02
         vertex 2.479568e+02 1.633944e+02 1.532605e+02
         vertex 2.373440e+02 1.926116e+02 2.039733e+02
      endloop
   endfacet
   facet normal -9.341856e-01 1.875194e-01 -3.035353e-01
      outer loop
         vertex 2.373440e+02 1.926116e+02 2.039733e+02
         vertex 2.479568e+02 1.633944e+02 1.532605e+02
         vertex 2.373462e+02 1.341825e+02 1.678700e+02
      endloop
   endfacet
   facet normal -9.341856e-01 1.875194e-01 -3.035353e-01
      outer loop
         vertex 2.373440e+02 1.926116e+02 2.039733e+02
         vertex 2.373462e+02 1.341825e+02 1.678700e+02
         vertex 2.267334e+02 1.633997e+02 2.185828e+02
      endloop
   endfacet
   facet normal -9.341856e-01 1.875196e-01 -3.035354e-01
      outer loop
         vertex 2.267334e+02 1.633997e+02 2.185828e+02
         vertex 2.373462e+02 1.341825e+02 1.678700e+02
         vertex 2.267345e+02 1.341851e+02 2.005311e+02
      endloop
   endfacet
   facet normal 9.341856e-01 -1.875196e-01 3.035353e-01
      outer loop
         vertex 3.085279e+02 2.048290e+02 2.434810e+02
         vertex 2.882903e+02 1.491132e+02 2.713455e+02
         vertex 3.287676e+02 2.048239e+02 1.811865e+02
      endloop
   endfacet
   facet normal 9.341856e-01 -1.875195e-01 3.035353e-01
      outer loop
         vertex 3.287676e+02 2.048239e+02 1.811865e+02
         vertex 2.882903e+02 1.491132e+02 2.713455e+02
         vertex 2.882924e+02 9.339220e+01 2.369156e+02
      endloop
   endfacet
   facet normal 9.341856e-01 -1.875194e-01 3.035354e-01
      outer loop
         vertex 3.287676e+02 2.048239e+02 1.811865e+02
         vertex 2.882924e+02 9.339220e+01 2.369156e+02
         vertex 3.287697e+02 1.491029e+02 1.467565e+02
      endloop
   endfacet
   facet normal 9.341856e-01 -1.875195e-01 3.035354e-01
      outer loop
         vertex 3.287697e+02 1.491029e+02 1.467565e+02
         vertex 2.882924e+02 9.339220e+01 2.369156e+02
         vertex 3.085321e+02 9.338708e+01 1.746211e+02
      endloop
   endfacet
   facet normal -9.051504e-01 4.003228e-01 1.429837e-01
      outer loop
         vertex 1.923027e+02 2.219139e+02 2.298529e+02
         vertex 1.816910e+02 1.927023e+02 2.444622e+02
         vertex 2.207149e+02 2.627210e+02 2.954639e+02
      endloop
   endfacet
   facet normal -9.051504e-01 4.003228e-01 1.429837e-01
      outer loop
         vertex 2.207149e+02 2.627210e+02 2.954639e+02
         vertex 1.816910e+02 1.927023e+02 2.444622e+02
         vertex 2.004752e+02 2.070057e+02 3.233282e+02
      endloop
   endfacet
   facet normal -2.966780e-01 8.632353e-01 -4.084202e-01
      outer loop
         vertex 2.200862e+02 2.219125e+02 2.096680e+02
         vertex 1.923027e+02 2.219139e+02 2.298529e+02
         vertex 2.737064e+02 2.627184e+02 2.569653e+02
      endloop
   endfacet
   facet normal -2.966779e-01 8.632352e-01 -4.084203e-01
      outer loop
         vertex 2.737064e+02 2.627184e+02 2.569653e+02
         vertex 1.923027e+02 2.219139e+02 2.298529e+02
         vertex 2.207149e+02 2.627210e+02 2.954639e+02
      endloop
   endfacet
   facet normal 4.157572e-01 4.002590e-01 -8.166631e-01
      outer loop
         vertex 2.372581e+02 1.926996e+02 2.040924e+02
         vertex 2.200862e+02 2.219125e+02 2.096680e+02
         vertex 3.064583e+02 2.070006e+02 2.463308e+02
      endloop
   endfacet
   facet normal 4.157572e-01 4.002591e-01 -8.166631e-01
      outer loop
         vertex 3.064583e+02 2.070006e+02 2.463308e+02
         vertex 2.200862e+02 2.219125e+02 2.096680e+02
         vertex 2.737064e+02 2.627184e+02 2.569653e+02
      endloop
   endfacet
   facet normal 5.197199e-01 -5.256295e-01 -6.735020e-01
      outer loop
         vertex 2.266464e+02 1.634880e+02 2.187016e+02
         vertex 2.372581e+02 1.926996e+02 2.040924e+02
         vertex 2.862186e+02 1.512853e+02 2.741951e+02
      endloop
   endfacet
   facet normal 5.197199e-01 -5.256295e-01 -6.735020e-01
      outer loop
         vertex 2.862186e+02 1.512853e+02 2.741951e+02
         vertex 2.372581e+02 1.926996e+02 2.040924e+02
         vertex 3.064583e+02 2.070006e+02 2.463308e+02
      endloop
   endfacet
   facet normal -8.875259e-02 -9.885419e-01 -1.220980e-01
      outer loop
         vertex 1.988629e+02 1.634893e+02 2.388865e+02
         vertex 2.266464e+02 1.634880e+02 2.187016e+02
         vertex 2.332271e+02 1.512879e+02 3.126937e+02
      endloop
   endfacet
   facet normal -8.875268e-02 -9.885419e-01 -1.220980e-01
      outer loop
         vertex 2.332271e+02 1.512879e+02 3.126937e+02
         vertex 2.266464e+02 1.634880e+02 2.187016e+02
         vertex 2.862186e+02 1.512853e+02 2.741951e+02
      endloop
   endfacet
   facet normal -8.011877e-01 -5.255657e-01 2.861448e-01
      outer loop
         vertex 1.816910e+02 1.927023e+02 2.444622e+02
         vertex 1.988629e+02 1.634893e+02 2.388865e+02
         vertex 2.004752e+02 2.070057e+02 3.233282e+02
      endloop
   endfacet
   facet normal -8.011877e-01 -5.255658e-01 2.861448e-01
      outer loop
         vertex 2.004752e+02 2.070057e+02 3.233282e+02
         vertex 1.988629e+02 1.634893e+02 2.388865e+02
         vertex 2.332271e+02 1.512879e+02 3.126937e+02
      endloop
   endfacet
   facet normal -5.773257e-01 -1.876934e-01 -7.946485e-01
      outer loop
         vertex 1.923027e+02 2.219139e+02 2.298529e+02
         vertex 2.200862e+02 2.219125e+02 2.096680e+02
         vertex 1.816910e+02 1.927023e+02 2.444622e+02
      endloop
   endfacet
   facet normal -5.773257e-01 -1.876934e-01 -7.946485e-01
      outer loop
         vertex 1.816910e+02 1.927023e+02 2.444622e+02
         vertex 2.200862e+02 2.219125e+02 2.096680e+02
         vertex 2.372581e+02 1.926996e+02 2.040924e+02
      endloop
   endfacet
   facet normal -5.773257e-01 -1.876934e-01 -7.946485e-01
      outer loop
         vertex 1.816910e+02 1.927023e+02 2.444622e+02
         vertex 2.372581e+02 1.926996e+02 2.040924e+02
         vertex 1.988629e+02 1.634893e+02 2.388865e+02
      endloop
   endfacet
   facet normal -5.773257e-01 -1.876934e-01 -7.946485e-01
      outer loop
         vertex 1.988629e+02 1.634893e+02 2.388865e+02
         vertex 2.372581e+02 1.926996e+02 2.040924e+02
         vertex 2.266464e+02 1.634880e+02 2.187016e+02
      endloop
   endfacet
   facet normal 5.773257e-01 1.876933e-01 7.946485e-01
      outer loop
         vertex 2.207149e+02 2.627210e+02 2.954639e+02
         vertex 2.004752e+02 2.070057e+02 3.233282e+02
         vertex 2.737064e+02 2.627184e+02 2.569653e+02
      endloop
   endfacet
   facet normal 5.773257e-01 1.876934e-01 7.946485e-01
      outer loop
         vertex 2.737064e+02 2.627184e+02 2.569653e+02
         vertex 2.004752e+02 2.070057e+02 3.233282e+02
         vertex 2.332271e+02 1.512879e+02 3.126937e+02
      endloop
   endfacet
   facet normal 5.773257e-01 1.876934e-01 7.946485e-01
      outer loop
         vertex 2.737064e+02 2.627184e+02 2.569653e+02
         vertex 2.332271e+02 1.512879e+02 3.126937e+02
         vertex 3.064583e+02 2.070006e+02 2.463308e+02
      endloop
   endfacet
   facet normal 5.773257e-01 1.876932e-01 7.946485e-01
      outer loop
         vertex 3.064583e+02 2.070006e+02 2.463308e+02
         vertex 2.332271e+02 1.512879e+02 3.126937e+02
         vertex 2.862186e+02 1.512853e+02 2.741951e+02
      endloop
   endfacet
   facet normal -8.163376e-01 -4.003645e-01 -4.162945e-01
      outer loop
         vertex 1.300415e+02 1.633971e+02 2.389285e+02
         vertex 1.472125e+02 1.341838e+02 2.333521e+02
         vertex 9.888072e+01 1.491081e+02 3.137758e+02
      endloop
   endfacet
   facet normal -8.163376e-01 -4.003647e-01 -4.162945e-01
      outer loop
         vertex 9.888072e+01 1.491081e+02 3.137758e+02
         vertex 1.472125e+02 1.341838e+02 2.333521e+02
         vertex 1.316311e+02 9.338965e+01 3.031399e+02
      endloop
   endfacet
   facet normal -8.163435e-01 5.255553e-01 -2.395308e-01
      outer loop
         vertex 1.472122e+02 1.926103e+02 2.445061e+02
         vertex 1.300415e+02 1.633971e+02 2.389285e+02
         vertex 1.316304e+02 2.048265e+02 3.244139e+02
      endloop
   endfacet
   facet normal -8.163435e-01 5.255552e-01 -2.395308e-01
      outer loop
         vertex 1.316304e+02 2.048265e+02 3.244139e+02
         vertex 1.300415e+02 1.633971e+02 2.389285e+02
         vertex 9.888072e+01 1.491081e+02 3.137758e+02
      endloop
   endfacet
   facet normal 5.049117e-06 9.885152e-01 -1.511218e-01
      outer loop
         vertex 1.815539e+02 1.926103e+02 2.445072e+02
         vertex 1.472122e+02 1.926103e+02 2.445061e+02
         vertex 1.971304e+02 2.048265e+02 3.244160e+02
      endloop
   endfacet
   facet normal 5.053860e-06 9.885152e-01 -1.511218e-01
      outer loop
         vertex 1.971304e+02 2.048265e+02 3.244160e+02
         vertex 1.472122e+02 1.926103e+02 2.445061e+02
         vertex 1.316304e+02 2.048265e+02 3.244139e+02
      endloop
   endfacet
   facet normal 8.163595e-01 5.255553e-01 -2.394762e-01
      outer loop
         vertex 1.987250e+02 1.633971e+02 2.389308e+02
         vertex 1.815539e+02 1.926103e+02 2.445072e+02
         vertex 2.298807e+02 1.491081e+02 3.137802e+02
      endloop
   endfacet
   facet normal 8.163595e-01 5.255552e-01 -2.394763e-01
      outer loop
         vertex 2.298807e+02 1.491081e+02 3.137802e+02
         vertex 1.815539e+02 1.926103e+02 2.445072e+02
         vertex 1.971304e+02 2.048265e+02 3.244160e+02
      endloop
   endfacet
   facet normal 8.163654e-01 -4.003646e-01 -4.162399e-01
      outer loop
         vertex 1.815543e+02 1.341838e+02 2.333533e+02
         vertex 1.987250e+02 1.633971e+02 2.389308e+02
         vertex 1.971311e+02 9.338965e+01 3.031421e+02
      endloop
   endfacet
   facet normal 8.163654e-01 -4.003646e-01 -4.162400e-01
      outer loop
         vertex 1.971311e+02 9.338965e+01 3.031421e+02
         vertex 1.987250e+02 1.633971e+02 2.389308e+02
         vertex 2.298807e+02 1.491081e+02 3.137802e+02
      endloop
   endfacet
   facet normal 1.686079e-05 -8.633246e-01 -5.046490e-01
      outer loop
         vertex 1.472125e+02 1.341838e+02 2.333521e+02
         vertex 1.815543e+02 1.341838e+02 2.333533e+02
         vertex 1.316311e+02 9.338965e+01 3.031399e+02
      endloop
   endfacet
   facet normal 1.687662e-05 -8.633246e-01 -5.046490e-01
      outer loop
         vertex 1.316311e+02 9.338965e+01 3.031399e+02
         vertex 1.815543e+02 1.341838e+02 2.333533e+02
         vertex 1.971311e+02 9.338965e+01 3.031421e+02
      endloop
   endfacet
   facet normal 3.281824e-05 1.875197e-01 -9.822608e-01
      outer loop
         vertex 1.815539e+02 1.926103e+02 2.445072e+02
         vertex 1.987250e+02 1.633971e+02 2.389308e+02
         vertex 1.472122e+02 1.926103e+02 2.445061e+02
      endloop
   endfacet
   facet normal 3.269134e-05 1.875195e-01 -9.822609e-01
      outer loop
         vertex 1.472122e+02 1.926103e+02 2.445061e+02
         vertex 1.987250e+02 1.633971e+02 2.389308e+02
         vertex 1.815543e+02 1.341838e+02 2.333533e+02
      endloop
   endfacet
   facet normal 3.273203e-05 1.875195e-01 -9.822609e-01
      outer loop
         vertex 1.472122e+02 1.926103e+02 2.445061e+02
         vertex 1.815543e+02 1.341838e+02 2.333533e+02
         vertex 1.300415e+02 1.633971e+02 2.389285e+02
      endloop
   endfacet
   facet normal 3.281824e-05 1.875196e-01 -9.822609e-01
      outer loop
         vertex 1.300415e+02 1.633971e+02 2.389285e+02
         vertex 1.815543e+02 1.341838e+02 2.333533e+02
         vertex 1.472125e+02 1.341838e+02 2.333521e+02
      endloop
   endfacet
   facet normal -3.282773e-05 -1.875195e-01 9.822609e-01
      outer loop
         vertex 9.888072e+01 1.491081e+02 3.137758e+02
         vertex 1.316311e+02 9.338965e+01 3.031399e+02
         vertex 1.316304e+02 2.048265e+02 3.244139e+02
      endloop
   endfacet
   facet normal -3.284906e-05 -1.875195e-01 9.822609e-01
      outer loop
         vertex 1.316304e+02 2.048265e+02 3.244139e+02
         vertex 1.316311e+02 9.338965e+01 3.031399e+02
         vertex 1.971311e+02 9.338965e+01 3.031421e+02
      endloop
   endfacet
   facet normal -3.284906e-05 -1.875195e-01 9.822609e-01
      outer loop
         vertex 1.316304e+02 2.048265e+02 3.244139e+02
         vertex 1.971311e+02 9.338965e+01 3.031421e+02
         vertex 1.971304e+02 2.048265e+02 3.244160e+02
      endloop
   endfacet
   facet normal -3.287040e-05 -1.875195e-01 9.822609e-01
      outer loop
         vertex 1.971304e+02 2.048265e+02 3.244160e+02
         vertex 1.971311e+02 9.338965e+01 3.031421e+02
         vertex 2.298807e+02 1.491081e+02 3.137802e+02
      endloop
   endfacet
   facet normal -6.919167e-01 3.795697e-01 -6.141483e-01
      outer loop
         vertex 1.028133e+02 1.605965e+02 2.202857e+02
         vertex 1.028114e+02 1.339153e+02 2.037978e+02
         vertex 4.598944e+01 1.441509e+02 2.741410e+02
      endloop
   endfacet
   facet normal -6.919167e-01 3.795698e-01 -6.141483e-01
      outer loop
         vertex 4.598944e+01 1.441509e+02 2.741410e+02
         vertex 1.028114e+02 1.339153e+02 2.037978e+02
         vertex 4.598583e+01 9.311023e+01 2.425997e+02
      endloop
   endfacet
   facet normal -1.228012e-01 9.779265e-01 1.690553e-01
      outer loop
         vertex 1.281882e+02 1.605960e+02 2.387208e+02
         vertex 1.028133e+02 1.605965e+02 2.202857e+02
         vertex 9.453131e+01 1.441500e+02 3.094069e+02
      endloop
   endfacet
   facet normal -1.228016e-01 9.779264e-01 1.690552e-01
      outer loop
         vertex 9.453131e+01 1.441500e+02 3.094069e+02
         vertex 1.028133e+02 1.605965e+02 2.202857e+02
         vertex 4.598944e+01 1.441509e+02 2.741410e+02
      endloop
   endfacet
   facet normal 7.979354e-01 3.795424e-01 4.682379e-01
      outer loop
         vertex 1.438688e+02 1.339146e+02 2.336263e+02
         vertex 1.281882e+02 1.605960e+02 2.387208e+02
         vertex 1.245282e+02 9.310877e+01 2.996612e+02
      endloop
   endfacet
   facet normal 7.979355e-01 3.795422e-01 4.682377e-01
      outer loop
         vertex 1.245282e+02 9.310877e+01 2.996612e+02
         vertex 1.281882e+02 1.605960e+02 2.387208e+02
         vertex 9.453131e+01 1.441500e+02 3.094069e+02
      endloop
   endfacet
   facet normal 7.978671e-01 -5.886360e-01 -1.300606e-01
      outer loop
         vertex 1.281851e+02 1.174250e+02 2.120427e+02
         vertex 1.438688e+02 1.339146e+02 2.336263e+02
         vertex 9.452547e+01 6.156446e+01 2.583721e+02
      endloop
   endfacet
   facet normal 7.978670e-01 -5.886361e-01 -1.300607e-01
      outer loop
         vertex 9.452547e+01 6.156446e+01 2.583721e+02
         vertex 1.438688e+02 1.339146e+02 2.336263e+02
         vertex 1.245282e+02 9.310877e+01 2.996612e+02
      endloop
   endfacet
   facet normal -1.229122e-01 -5.886192e-01 -7.990119e-01
      outer loop
         vertex 1.028114e+02 1.339153e+02 2.037978e+02
         vertex 1.281851e+02 1.174250e+02 2.120427e+02
         vertex 4.598583e+01 9.311023e+01 2.425997e+02
      endloop
   endfacet
   facet normal -1.229123e-01 -5.886190e-01 -7.990120e-01
      outer loop
         vertex 4.598583e+01 9.311023e+01 2.425997e+02
         vertex 1.281851e+02 1.174250e+02 2.120427e+02
         vertex 9.452547e+01 6.156446e+01 2.583721e+02
      endloop
   endfacet
   facet normal 5.257386e-01 4.471473e-01 -7.236424e-01
      outer loop
         vertex 1.281851e+02 1.174250e+02 2.120427e+02
         vertex 1.028114e+02 1.339153e+02 2.037978e+02
         vertex 1.438688e+02 1.339146e+02 2.336263e+02
      endloop
   endfacet
   facet normal 5.257386e-01 4.471470e-01 -7.236425e-01
      outer loop
         vertex 1.438688e+02 1.339146e+02 2.336263e+02
         vertex 1.028114e+02 1.339153e+02 2.037978e+02
         vertex 1.028133e+02 1.605965e+02 2.202857e+02
      endloop
   endfacet
   facet normal 5.257387e-01 4.471471e-01 -7.236424e-01
      outer loop
         vertex 1.438688e+02 1.339146e+02 2.336263e+02
         vertex 1.028133e+02 1.605965e+02 2.202857e+02
         vertex 1.281882e+02 1.605960e+02 2.387208e+02
      endloop
   endfacet
   facet normal -5.257385e-01 -4.471472e-01 7.236424e-01
      outer loop
         vertex 9.453131e+01 1.441500e+02 3.094069e+02
         vertex 4.598944e+01 1.441509e+02 2.741410e+02
         vertex 1.245282e+02 9.310877e+01 2.996612e+02
      endloop
   endfacet
   facet normal -5.257385e-01 -4.471471e-01 7.236425e-01
      outer loop
         vertex 1.245282e+02 9.310877e+01 2.996612e+02
         vertex 4.598944e+01 1.441509e+02 2.741410e+02
         vertex 4.598583e+01 9.311023e+01 2.425997e+02
      endloop
   endfacet
   facet normal -5.257386e-01 -4.471470e-01 7.236425e-01
      outer loop
         vertex 1.245282e+02 9.310877e+01 2.996612e+02
         vertex 4.598583e+01 9.311023e+01 2.425997e+02
         vertex 9.452547e+01 6.156446e+01 2.583721e+02
      endloop
   endfacet
   facet normal 7.219357e-01 -5.886361e-01 -3.637532e-01
      outer loop
         vertex 1.058132e+02 1.339146e+02 1.165030e+02
         vertex 1.058113e+02 1.174250e+02 1.431831e+02
         vertex 5.135190e+01 9.310877e+01 7.444768e+01
      endloop
   endfacet
   facet normal 7.219358e-01 -5.886360e-01 -3.637532e-01
      outer loop
         vertex 5.135190e+01 9.310877e+01 7.444768e+01
         vertex 1.058113e+02 1.174250e+02 1.431831e+02
         vertex 5.134830e+01 6.156446e+01 1.254864e+02
      endloop
   endfacet
   facet normal 3.703201e-01 3.795423e-01 -8.478270e-01
      outer loop
         vertex 9.013277e+01 1.605960e+02 1.215983e+02
         vertex 1.058132e+02 1.339146e+02 1.165030e+02
         vertex 2.135551e+01 1.441500e+02 8.419499e+01
      endloop
   endfacet
   facet normal 3.703201e-01 3.795423e-01 -8.478270e-01
      outer loop
         vertex 2.135551e+01 1.441500e+02 8.419499e+01
         vertex 1.058132e+02 1.339146e+02 1.165030e+02
         vertex 5.135190e+01 9.310877e+01 7.444768e+01
      endloop
   endfacet
   facet normal -1.987167e-01 9.779264e-01 -6.458791e-02
      outer loop
         vertex 8.043987e+01 1.605965e+02 1.514275e+02
         vertex 9.013277e+01 1.605960e+02 1.215983e+02
         vertex 2.813116e+00 1.441509e+02 1.412579e+02
      endloop
   endfacet
   facet normal -1.987166e-01 9.779265e-01 -6.458756e-02
      outer loop
         vertex 2.813116e+00 1.441509e+02 1.412579e+02
         vertex 9.013277e+01 1.605960e+02 1.215983e+02
         vertex 2.135551e+01 1.441500e+02 8.419499e+01
      endloop
   endfacet
   facet normal -1.987850e-01 3.795697e-01 9.035548e-01
      outer loop
         vertex 9.012971e+01 1.339153e+02 1.647677e+02
         vertex 8.043987e+01 1.605965e+02 1.514275e+02
         vertex 2.134968e+01 9.311023e+01 1.667775e+02
      endloop
   endfacet
   facet normal -1.987851e-01 3.795698e-01 9.035548e-01
      outer loop
         vertex 2.134968e+01 9.311023e+01 1.667775e+02
         vertex 8.043987e+01 1.605965e+02 1.514275e+02
         vertex 2.813116e+00 1.441509e+02 1.412579e+02
      endloop
   endfacet
   facet normal 3.702094e-01 -5.886191e-01 7.186602e-01
      outer loop
         vertex 1.058113e+02 1.174250e+02 1.431831e+02
         vertex 9.012971e+01 1.339153e+02 1.647677e+02
         vertex 5.134830e+01 6.156446e+01 1.254864e+02
      endloop
   endfacet
   facet normal 3.702094e-01 -5.886191e-01 7.186603e-01
      outer loop
         vertex 5.134830e+01 6.156446e+01 1.254864e+02
         vertex 9.012971e+01 1.339153e+02 1.647677e+02
         vertex 2.134968e+01 9.311023e+01 1.667775e+02
      endloop
   endfacet
   facet normal 8.506777e-01 4.471471e-01 2.764180e-01
      outer loop
         vertex 9.012971e+01 1.339153e+02 1.647677e+02
         vertex 1.058113e+02 1.174250e+02 1.431831e+02
         vertex 8.043987e+01 1.605965e+02 1.514275e+02
      endloop
   endfacet
   facet normal 8.506778e-01 4.471472e-01 2.764176e-01
      outer loop
         vertex 8.043987e+01 1.605965e+02 1.514275e+02
         vertex 1.058113e+02 1.174250e+02 1.431831e+02
         vertex 1.058132e+02 1.339146e+02 1.165030e+02
      endloop
   endfacet
   facet normal 8.506778e-01 4.471472e-01 2.764176e-01
      outer loop
         vertex 8.043987e+01 1.605965e+02 1.514275e+02
         vertex 1.058132e+02 1.339146e+02 1.165030e+02
         vertex 9.013277e+01 1.605960e+02 1.215983e+02
      endloop
   endfacet
   facet normal -8.506778e-01 -4.471472e-01 -2.764176e-01
      outer loop
         vertex 2.813116e+00 1.441509e+02 1.412579e+02
         vertex 2.135551e+01 1.441500e+02 8.419499e+01
         vertex 2.134968e+01 9.311023e+01 1.667775e+02
      endloop
   endfacet
   facet normal -8.506778e-01 -4.471472e-01 -2.764176e-01
      outer loop
         vertex 2.134968e+01 9.311023e+01 1.667775e+02
         vertex 2.135551e+01 1.441500e+02 8.419499e+01
         vertex 5.135190e+01 9.310877e+01 7.444768e+01
      endloop
   endfacet
   facet normal -8.506779e-01 -4.471470e-01 -2.764176e-01
      outer loop
         vertex 2.134968e+01 9.311023e+01 1.667775e+02
         vertex 5.135190e+01 9.310877e+01 7.444768e+01
         vertex 5.134830e+01 6.156446e+01 1.254864e+02
      endloop
   endfacet
   facet normal 1.437484e-01 9.885152e-01 -4.662790e-02
      outer loop
         vertex 9.142952e+01 1.926090e+02 2.039777e+02
         vertex 8.081685e+01 1.926116e+02 1.713169e+02
         vertex 2.024734e+01 2.048239e+02 2.434893e+02
      endloop
   endfacet
   facet normal 1.437486e-01 9.885151e-01 -4.662778e-02
      outer loop
         vertex 2.024734e+01 2.048239e+02 2.434893e+02
         vertex 8.081685e+01 1.926116e+02 1.713169e+02
         vertex 5.796552e-03 2.048290e+02 1.811954e+02
      endloop
   endfacet
   facet normal 4.800713e-01 5.254913e-01 7.024176e-01
      outer loop
         vertex 1.020392e+02 1.633944e+02 2.185824e+02
         vertex 9.142952e+01 1.926090e+02 2.039777e+02
         vertex 4.048308e+01 1.491029e+02 2.713449e+02
      endloop
   endfacet
   facet normal 4.800711e-01 5.254914e-01 7.024176e-01
      outer loop
         vertex 4.048308e+01 1.491029e+02 2.713449e+02
         vertex 9.142952e+01 1.926090e+02 2.039777e+02
         vertex 2.024734e+01 2.048239e+02 2.434893e+02
      endloop
   endfacet
   facet normal 6.481602e-01 -4.004285e-01 6.477232e-01
      outer loop
         vertex 1.020361e+02 1.341825e+02 2.005264e+02
         vertex 1.020392e+02 1.633944e+02 2.185824e+02
         vertex 4.047728e+01 9.338708e+01 2.369067e+02
      endloop
   endfacet
   facet normal 6.481601e-01 -4.004284e-01 6.477234e-01
      outer loop
         vertex 4.047728e+01 9.338708e+01 2.369067e+02
         vertex 1.020392e+02 1.633944e+02 2.185824e+02
         vertex 4.048308e+01 1.491029e+02 2.713449e+02
      endloop
   endfacet
   facet normal 4.799267e-01 -8.633246e-01 -1.560164e-01
      outer loop
         vertex 9.142344e+01 1.341851e+02 1.678656e+02
         vertex 1.020361e+02 1.341825e+02 2.005264e+02
         vertex 2.023575e+01 9.339220e+01 1.746128e+02
      endloop
   endfacet
   facet normal 4.799267e-01 -8.633246e-01 -1.560164e-01
      outer loop
         vertex 2.023575e+01 9.339220e+01 1.746128e+02
         vertex 1.020361e+02 1.341825e+02 2.005264e+02
         vertex 4.047728e+01 9.338708e+01 2.369067e+02
      endloop
   endfacet
   facet normal 1.436040e-01 -4.003008e-01 -9.050620e-01
      outer loop
         vertex 8.081381e+01 1.633997e+02 1.532609e+02
         vertex 9.142344e+01 1.341851e+02 1.678656e+02
         vertex 0.000000e+00 1.491132e+02 1.467571e+02
      endloop
   endfacet
   facet normal 1.436040e-01 -4.003008e-01 -9.050620e-01
      outer loop
         vertex 0.000000e+00 1.491132e+02 1.467571e+02
         vertex 9.142344e+01 1.341851e+02 1.678656e+02
         vertex 2.023575e+01 9.339220e+01 1.746128e+02
      endloop
   endfacet
   facet normal -2.448500e-02 5.256190e-01 -8.503676e-01
      outer loop
         vertex 8.081685e+01 1.926116e+02 1.713169e+02
         vertex 8.081381e+01 1.633997e+02 1.532609e+02
         vertex 5.796552e-03 2.048290e+02 1.811954e+02
      endloop
   endfacet
   facet normal -2.448501e-02 5.256190e-01 -8.503676e-01
      outer loop
         vertex 5.796552e-03 2.048290e+02 1.811954e+02
         vertex 8.081381e+01 1.633997e+02 1.532609e+02
         vertex 0.000000e+00 1.491132e+02 1.467571e+02
      endloop
   endfacet
   facet normal 9.341856e-01 1.875193e-01 -3.035354e-01
      outer loop
         vertex 9.142952e+01 1.926090e+02 2.039777e+02
         vertex 1.020392e+02 1.633944e+02 2.185824e+02
         vertex 8.081685e+01 1.926116e+02 1.713169e+02
      endloop
   endfacet
   facet normal 9.341856e-01 1.875195e-01 -3.035353e-01
      outer loop
         vertex 8.081685e+01 1.926116e+02 1.713169e+02
         vertex 1.020392e+02 1.633944e+02 2.185824e+02
         vertex 1.020361e+02 1.341825e+02 2.005264e+02
      endloop
   endfacet
   facet normal 9.341856e-01 1.875195e-01 -3.035353e-01
      outer loop
         vertex 8.081685e+01 1.926116e+02 1.713169e+02
         vertex 1.020361e+02 1.341825e+02 2.005264e+02
         vertex 8.081381e+01 1.633997e+02 1.532609e+02
      endloop
   endfacet
   facet normal 9.341856e-01 1.875195e-01 -3.035353e-01
      outer loop
         vertex 8.081381e+01 1.633997e+02 1.532609e+02
         vertex 1.020361e+02 1.341825e+02 2.005264e+02
         vertex 9.142344e+01 1.341851e+02 1.678656e+02
      endloop
   endfacet
   facet normal -9.341856e-01 -1.875195e-01 3.035353e-01
      outer loop
         vertex 4.048308e+01 1.491029e+02 2.713449e+02
         vertex 2.024734e+01 2.048239e+02 2.434893e+02
         vertex 4.047728e+01 9.338708e+01 2.369067e+02
      endloop
   endfacet
   facet normal -9.341856e-01 -1.875195e-01 3.035353e-01
      outer loop
         vertex 4.047728e+01 9.338708e+01 2.369067e+02
         vertex 2.024734e+01 2.048239e+02 2.434893e+02
         vertex 5.796552e-03 2.048290e+02 1.811954e+02
      endloop
   endfacet
   facet normal -9.341856e-01 -1.875195e-01 3.035352e-01
      outer loop
         vertex 4.047728e+01 9.338708e+01 2.369067e+02
         vertex 5.796552e-03 2.048290e+02 1.811954e+02
         vertex 2.023575e+01 9.339220e+01 1.746128e+02
      endloop
   endfacet
   facet normal -9.341856e-01 -1.875195e-01 3.035353e-01
      outer loop
         vertex 2.023575e+01 9.339220e+01 1.746128e+02
         vertex 5.796552e-03 2.048290e+02 1.811954e+02
         vertex 0.000000e+00 1.491132e+02 1.467571e+02
      endloop
   endfacet
   facet normal 6.482384e-01 4.003228e-01 -6.477103e-01
      outer loop
         vertex 1.020444e+02 2.219139e+02 1.239053e+02
         vertex 1.020423e+02 1.927023e+02 1.058487e+02
         vertex 4.049325e+01 2.627210e+02 8.752513e+01
      endloop
   endfacet
   facet normal 6.482384e-01 4.003228e-01 -6.477104e-01
      outer loop
         vertex 4.049325e+01 2.627210e+02 8.752513e+01
         vertex 1.020423e+02 1.927023e+02 1.058487e+02
         vertex 4.048931e+01 2.070057e+02 5.308590e+01
      endloop
   endfacet
   facet normal 4.800809e-01 8.632353e-01 1.560360e-01
      outer loop
         vertex 9.143141e+01 2.219125e+02 1.565660e+02
         vertex 1.020444e+02 2.219139e+02 1.239053e+02
         vertex 2.025113e+01 2.627184e+02 1.498188e+02
      endloop
   endfacet
   facet normal 4.800809e-01 8.632352e-01 1.560361e-01
      outer loop
         vertex 2.025113e+01 2.627184e+02 1.498188e+02
         vertex 1.020444e+02 2.219139e+02 1.239053e+02
         vertex 4.049325e+01 2.627210e+02 8.752513e+01
      endloop
   endfacet
   facet normal 1.436679e-01 4.002590e-01 9.050703e-01
      outer loop
         vertex 8.081637e+01 1.926996e+02 1.711701e+02
         vertex 9.143141e+01 2.219125e+02 1.565660e+02
         vertex 5.081296e-03 2.070006e+02 1.776733e+02
      endloop
   endfacet
   facet normal 1.436679e-01 4.002591e-01 9.050703e-01
      outer loop
         vertex 5.081296e-03 2.070006e+02 1.776733e+02
         vertex 9.143141e+01 2.219125e+02 1.565660e+02
         vertex 2.025113e+01 2.627184e+02 1.498188e+02
      endloop
   endfacet
   facet normal -2.458767e-02 -5.256295e-01 8.503582e-01
      outer loop
         vertex 8.081431e+01 1.634880e+02 1.531136e+02
         vertex 8.081637e+01 1.926996e+02 1.711701e+02
         vertex 1.132488e-03 1.512853e+02 1.432341e+02
      endloop
   endfacet
   facet normal -2.458769e-02 -5.256294e-01 8.503582e-01
      outer loop
         vertex 1.132488e-03 1.512853e+02 1.432341e+02
         vertex 8.081637e+01 1.926996e+02 1.711701e+02
         vertex 5.081296e-03 2.070006e+02 1.776733e+02
      endloop
   endfacet
   facet normal 1.435697e-01 -9.885419e-01 4.661187e-02
      outer loop
         vertex 9.142728e+01 1.634893e+02 1.204529e+02
         vertex 8.081431e+01 1.634880e+02 1.531136e+02
         vertex 2.024326e+01 1.512879e+02 8.094039e+01
      endloop
   endfacet
   facet normal 1.435698e-01 -9.885419e-01 4.661183e-02
      outer loop
         vertex 2.024326e+01 1.512879e+02 8.094039e+01
         vertex 8.081431e+01 1.634880e+02 1.531136e+02
         vertex 1.132488e-03 1.512853e+02 1.432341e+02
      endloop
   endfacet
   facet normal 4.799828e-01 -5.255656e-01 -7.024224e-01
      outer loop
         vertex 1.020423e+02 1.927023e+02 1.058487e+02
         vertex 9.142728e+01 1.634893e+02 1.204529e+02
         vertex 4.048931e+01 2.070057e+02 5.308590e+01
      endloop
   endfacet
   facet normal 4.799828e-01 -5.255657e-01 -7.024224e-01
      outer loop
         vertex 4.048931e+01 2.070057e+02 5.308590e+01
         vertex 9.142728e+01 1.634893e+02 1.204529e+02
         vertex 2.024326e+01 1.512879e+02 8.094039e+01
      endloop
   endfacet
   facet normal 9.341490e-01 -1.876933e-01 3.035406e-01
      outer loop
         vertex 1.020423e+02 1.927023e+02 1.058487e+02
         vertex 1.020444e+02 2.219139e+02 1.239053e+02
         vertex 9.142728e+01 1.634893e+02 1.204529e+02
      endloop
   endfacet
   facet normal 9.341490e-01 -1.876933e-01 3.035406e-01
      outer loop
         vertex 9.142728e+01 1.634893e+02 1.204529e+02
         vertex 1.020444e+02 2.219139e+02 1.239053e+02
         vertex 9.143141e+01 2.219125e+02 1.565660e+02
      endloop
   endfacet
   facet normal 9.341490e-01 -1.876933e-01 3.035406e-01
      outer loop
         vertex 9.142728e+01 1.634893e+02 1.204529e+02
         vertex 9.143141e+01 2.219125e+02 1.565660e+02
         vertex 8.081431e+01 1.634880e+02 1.531136e+02
      endloop
   endfacet
   facet normal 9.341490e-01 -1.876933e-01 3.035406e-01
      outer loop
         vertex 8.081431e+01 1.634880e+02 1.531136e+02
         vertex 9.143141e+01 2.219125e+02 1.565660e+02
         vertex 8.081637e+01 1.926996e+02 1.711701e+02
      endloop
   endfacet
   facet normal -9.341490e-01 1.876932e-01 -3.035407e-01
      outer loop
         vertex 2.024326e+01 1.512879e+02 8.094039e+01
         vertex 1.132488e-03 1.512853e+02 1.432341e+02
         vertex 4.048931e+01 2.070057e+02 5.308590e+01
      endloop
   endfacet
   facet normal -9.341490e-01 1.876935e-01 -3.035406e-01
      outer loop
         vertex 4.048931e+01 2.070057e+02 5.308590e+01
         vertex 1.132488e-03 1.512853e+02 1.432341e+02
         vertex 5.081296e-03 2.070006e+02 1.776733e+02
      endloop
   endfacet
   facet normal -9.341490e-01 1.876934e-01 -3.035406e-01
      outer loop
         vertex 4.048931e+01 2.070057e+02 5.308590e+01
         vertex 5.081296e-03 2.070006e+02 1.776733e+02
         vertex 4.049325e+01 2.627210e+02 8.752513e+01
      endloop
   endfacet
   facet normal -9.341490e-01 1.876931e-01 -3.035407e-01
      outer loop
         vertex 4.049325e+01 2.627210e+02 8.752513e+01
         vertex 5.081296e-03 2.070006e+02 1.776733e+02
         vertex 2.025113e+01 2.627184e+02 1.498188e+02
      endloop
   endfacet
   facet normal 9.051228e-01 -4.003646e-01 -1.430419e-01
      outer loop
         vertex 1.470803e+02 1.633971e+02 7.996670e+01
         vertex 1.364663e+02 1.341838e+02 9.457101e+01
         vertex 1.282957e+02 1.491081e+02 1.098186e+00
      endloop
   endfacet
   facet normal 9.051227e-01 -4.003647e-01 -1.430419e-01
      outer loop
         vertex 1.282957e+02 1.491081e+02 1.098186e+00
         vertex 1.364663e+02 1.341838e+02 9.457101e+01
         vertex 1.080518e+02 9.338965e+01 2.895297e+01
      endloop
   endfacet
   facet normal 8.012284e-01 5.255553e-01 -2.860501e-01
      outer loop
         vertex 1.299105e+02 1.926103e+02 8.554704e+01
         vertex 1.470803e+02 1.633971e+02 7.996670e+01
         vertex 9.554781e+01 2.048265e+02 1.174156e+01
      endloop
   endfacet
   facet normal 8.012285e-01 5.255552e-01 -2.860502e-01
      outer loop
         vertex 9.554781e+01 2.048265e+02 1.174156e+01
         vertex 1.470803e+02 1.633971e+02 7.996670e+01
         vertex 1.282957e+02 1.491081e+02 1.098186e+00
      endloop
   endfacet
   facet normal 8.882308e-02 9.885152e-01 1.222630e-01
      outer loop
         vertex 1.021267e+02 1.926103e+02 1.057317e+02
         vertex 1.299105e+02 1.926103e+02 8.554704e+01
         vertex 4.255591e+01 2.048265e+02 5.023973e+01
      endloop
   endfacet
   facet normal 8.882307e-02 9.885152e-01 1.222631e-01
      outer loop
         vertex 4.255591e+01 2.048265e+02 5.023973e+01
         vertex 1.299105e+02 1.926103e+02 8.554704e+01
         vertex 9.554781e+01 2.048265e+02 1.174156e+01
      endloop
   endfacet
   facet normal -5.196881e-01 5.255552e-01 6.735844e-01
      outer loop
         vertex 9.151279e+01 1.633971e+02 1.203360e+02
         vertex 1.021267e+02 1.926103e+02 1.057317e+02
         vertex 2.231194e+01 1.491081e+02 7.809451e+01
      endloop
   endfacet
   facet normal -5.196881e-01 5.255551e-01 6.735845e-01
      outer loop
         vertex 2.231194e+01 1.491081e+02 7.809451e+01
         vertex 1.021267e+02 1.926103e+02 1.057317e+02
         vertex 4.255591e+01 2.048265e+02 5.023973e+01
      endloop
   endfacet
   facet normal -4.157937e-01 -4.003646e-01 8.165928e-01
      outer loop
         vertex 1.086826e+02 1.341838e+02 1.147557e+02
         vertex 9.151279e+01 1.633971e+02 1.203360e+02
         vertex 5.505986e+01 9.338965e+01 6.745114e+01
      endloop
   endfacet
   facet normal -4.157938e-01 -4.003646e-01 8.165928e-01
      outer loop
         vertex 5.505986e+01 9.338965e+01 6.745114e+01
         vertex 9.151279e+01 1.633971e+02 1.203360e+02
         vertex 2.231194e+01 1.491081e+02 7.809451e+01
      endloop
   endfacet
   facet normal 2.966116e-01 -8.633246e-01 4.082796e-01
      outer loop
         vertex 1.364663e+02 1.341838e+02 9.457101e+01
         vertex 1.086826e+02 1.341838e+02 1.147557e+02
         vertex 1.080518e+02 9.338965e+01 2.895297e+01
      endloop
   endfacet
   facet normal 2.966117e-01 -8.633246e-01 4.082796e-01
      outer loop
         vertex 1.080518e+02 9.338965e+01 2.895297e+01
         vertex 1.086826e+02 1.341838e+02 1.147557e+02
         vertex 5.505986e+01 9.338965e+01 6.745114e+01
      endloop
   endfacet
   facet normal 5.773320e-01 1.875194e-01 7.946850e-01
      outer loop
         vertex 9.151279e+01 1.633971e+02 1.203360e+02
         vertex 1.086826e+02 1.341838e+02 1.147557e+02
         vertex 1.021267e+02 1.926103e+02 1.057317e+02
      endloop
   endfacet
   facet normal 5.773319e-01 1.875194e-01 7.946850e-01
      outer loop
         vertex 1.021267e+02 1.926103e+02 1.057317e+02
         vertex 1.086826e+02 1.341838e+02 1.147557e+02
         vertex 1.364663e+02 1.341838e+02 9.457101e+01
      endloop
   endfacet
   facet normal 5.773320e-01 1.875195e-01 7.946850e-01
      outer loop
         vertex 1.021267e+02 1.926103e+02 1.057317e+02
         vertex 1.364663e+02 1.341838e+02 9.457101e+01
         vertex 1.299105e+02 1.926103e+02 8.554704e+01
      endloop
   endfacet
   facet normal 5.773318e-01 1.875195e-01 7.946851e-01
      outer loop
         vertex 1.299105e+02 1.926103e+02 8.554704e+01
         vertex 1.364663e+02 1.341838e+02 9.457101e+01
         vertex 1.470803e+02 1.633971e+02 7.996670e+01
      endloop
   endfacet
   facet normal -5.773319e-01 -1.875194e-01 -7.946850e-01
      outer loop
         vertex 1.282957e+02 1.491081e+02 1.098186e+00
         vertex 1.080518e+02 9.338965e+01 2.895297e+01
         vertex 9.554781e+01 2.048265e+02 1.174156e+01
      endloop
   endfacet
   facet normal -5.773320e-01 -1.875194e-01 -7.946850e-01
      outer loop
         vertex 9.554781e+01 2.048265e+02 1.174156e+01
         vertex 1.080518e+02 9.338965e+01 2.895297e+01
         vertex 5.505986e+01 9.338965e+01 6.745114e+01
      endloop
   endfacet
   facet normal -5.773319e-01 -1.875195e-01 -7.946850e-01
      outer loop
         vertex 9.554781e+01 2.048265e+02 1.174156e+01
         vertex 5.505986e+01 9.338965e+01 6.745114e+01
         vertex 4.255591e+01 2.048265e+02 5.023973e+01
      endloop
   endfacet
   facet normal -5.773319e-01 -1.875195e-01 -7.946851e-01
      outer loop
         vertex 4.255591e+01 2.048265e+02 5.023973e+01
         vertex 5.505986e+01 9.338965e+01 6.745114e+01
         vertex 2.231194e+01 1.491081e+02 7.809451e+01
      endloop
   endfacet
   facet normal -1.499651e-04 -3.070245e-01 -9.517016e-01
      outer loop
         vertex 1.472102e+02 9.792841e+01 1.859991e+02
         vertex 1.815519e+02 9.792510e+01 1.859947e+02
         vertex 1.316268e+02 2.099753e+01 2.108199e+02
      endloop
   endfacet
   facet normal -1.500396e-04 -3.070244e-01 -9.517016e-01
      outer loop
         vertex 1.316268e+02 2.099753e+01 2.108199e+02
         vertex 1.815519e+02 9.792510e+01 1.859947e+02
         vertex 1.971268e+02 2.099120e+01 2.108116e+02
      endloop
   endfacet
   facet normal -8.164265e-01 -2.080744e-02 -5.770744e-01
      outer loop
         vertex 1.300440e+02 1.159857e+02 2.096341e+02
         vertex 1.472102e+02 9.792841e+01 1.859991e+02
         vertex 9.888578e+01 5.543815e+01 2.558989e+02
      endloop
   endfacet
   facet normal -8.164265e-01 -2.080746e-02 -5.770744e-01
      outer loop
         vertex 9.888578e+01 5.543815e+01 2.558989e+02
         vertex 1.472102e+02 9.792841e+01 1.859991e+02
         vertex 1.316268e+02 2.099753e+01 2.108199e+02
      endloop
   endfacet
   facet normal -8.162765e-01 5.514687e-01 1.719735e-01
      outer loop
         vertex 1.472196e+02 1.340396e+02 2.332648e+02
         vertex 1.300440e+02 1.159857e+02 2.096341e+02
         vertex 1.316448e+02 8.987244e+01 3.009697e+02
      endloop
   endfacet
   facet normal -8.162765e-01 5.514688e-01 1.719736e-01
      outer loop
         vertex 1.316448e+02 8.987244e+01 3.009697e+02
         vertex 1.300440e+02 1.159857e+02 2.096341e+02
         vertex 9.888578e+01 5.543815e+01 2.558989e+02
      endloop
   endfacet
   facet normal 1.501507e-04 8.375281e-01 5.463943e-01
      outer loop
         vertex 1.815614e+02 1.340363e+02 2.332604e+02
         vertex 1.472196e+02 1.340396e+02 2.332648e+02
         vertex 1.971448e+02 8.986612e+01 3.009614e+02
      endloop
   endfacet
   facet normal 1.499958e-04 8.375280e-01 5.463943e-01
      outer loop
         vertex 1.971448e+02 8.986612e+01 3.009614e+02
         vertex 1.472196e+02 1.340396e+02 2.332648e+02
         vertex 1.316448e+02 8.987244e+01 3.009697e+02
      endloop
   endfacet
   facet normal 8.164264e-01 5.513111e-01 1.717672e-01
      outer loop
         vertex 1.987275e+02 1.159791e+02 2.096254e+02
         vertex 1.815614e+02 1.340363e+02 2.332604e+02
         vertex 2.298858e+02 5.542549e+01 2.558824e+02
      endloop
   endfacet
   facet normal 8.164265e-01 5.513111e-01 1.717671e-01
      outer loop
         vertex 2.298858e+02 5.542549e+01 2.558824e+02
         vertex 1.815614e+02 1.340363e+02 2.332604e+02
         vertex 1.971448e+02 8.986612e+01 3.009614e+02
      endloop
   endfacet
   facet normal 8.162765e-01 -2.096516e-02 -5.772808e-01
      outer loop
         vertex 1.815519e+02 9.792510e+01 1.859947e+02
         vertex 1.987275e+02 1.159791e+02 2.096254e+02
         vertex 1.971268e+02 2.099120e+01 2.108116e+02
      endloop
   endfacet
   facet normal 8.162765e-01 -2.096516e-02 -5.772808e-01
      outer loop
         vertex 1.971268e+02 2.099120e+01 2.108116e+02
         vertex 1.987275e+02 1.159791e+02 2.096254e+02
         vertex 2.298858e+02 5.542549e+01 2.558824e+02
      endloop
   endfacet
   facet normal 1.008713e-07 7.946265e-01 -6.070986e-01
      outer loop
         vertex 1.472196e+02 1.340396e+02 2.332648e+02
         vertex 1.815614e+02 1.340363e+02 2.332604e+02
         vertex 1.300440e+02 1.159857e+02 2.096341e+02
      endloop
   endfacet
   facet normal -3.855955e-08 7.946267e-01 -6.070984e-01
      outer loop
         vertex 1.300440e+02 1.159857e+02 2.096341e+02
         vertex 1.815614e+02 1.340363e+02 2.332604e+02
         vertex 1.987275e+02 1.159791e+02 2.096254e+02
      endloop
   endfacet
   facet normal -3.859122e-08 7.946265e-01 -6.070986e-01
      outer loop
         vertex 1.300440e+02 1.159857e+02 2.096341e+02
         vertex 1.987275e+02 1.159791e+02 2.096254e+02
         vertex 1.472102e+02 9.792841e+01 1.859991e+02
      endloop
   endfacet
   facet normal -3.859122e-08 7.946265e-01 -6.070986e-01
      outer loop
         vertex 1.472102e+02 9.792841e+01 1.859991e+02
         vertex 1.987275e+02 1.159791e+02 2.096254e+02
         vertex 1.815519e+02 9.792510e+01 1.859947e+02
      endloop
   endfacet
   facet normal -1.068493e-07 -7.946266e-01 6.070985e-01
      outer loop
         vertex 9.888578e+01 5.543815e+01 2.558989e+02
         vertex 1.316268e+02 2.099753e+01 2.108199e+02
         vertex 1.316448e+02 8.987244e+01 3.009697e+02
      endloop
   endfacet
   facet normal 2.780726e-08 -7.946266e-01 6.070985e-01
      outer loop
         vertex 1.316448e+02 8.987244e+01 3.009697e+02
         vertex 1.316268e+02 2.099753e+01 2.108199e+02
         vertex 1.971268e+02 2.099120e+01 2.108116e+02
      endloop
   endfacet
   facet normal 5.181884e-08 -7.946266e-01 6.070985e-01
      outer loop
         vertex 1.316448e+02 8.987244e+01 3.009697e+02
         vertex 1.971268e+02 2.099120e+01 2.108116e+02
         vertex 1.971448e+02 8.986612e+01 3.009614e+02
      endloop
   endfacet
   facet normal 5.991790e-09 -7.946266e-01 6.070985e-01
      outer loop
         vertex 1.971448e+02 8.986612e+01 3.009614e+02
         vertex 1.971268e+02 2.099120e+01 2.108116e+02
         vertex 2.298858e+02 5.542549e+01 2.558824e+02
      endloop
   endfacet
   facet normal 8.162625e-01 -4.004923e-01 -4.163189e-01
      outer loop
         vertex 1.815543e+02 1.341811e+02 2.333516e+02
         vertex 1.987301e+02 1.633917e+02 2.389275e+02
         vertex 1.971315e+02 9.338453e+01 3.031389e+02
      endloop
   endfacet
   facet normal 8.162626e-01 -4.004922e-01 -4.163188e-01
      outer loop
         vertex 1.971315e+02 9.338453e+01 3.031389e+02
         vertex 1.987301e+02 1.633917e+02 2.389275e+02
         vertex 2.298908e+02 1.490978e+02 3.137738e+02
      endloop
   endfacet
   facet normal -1.669049e-04 -8.633246e-01 -5.046491e-01
      outer loop
         vertex 1.472125e+02 1.341865e+02 2.333538e+02
         vertex 1.815543e+02 1.341811e+02 2.333516e+02
         vertex 1.316315e+02 9.339476e+01 3.031431e+02
      endloop
   endfacet
   facet normal -1.668467e-04 -8.633246e-01 -5.046490e-01
      outer loop
         vertex 1.316315e+02 9.339476e+01 3.031431e+02
         vertex 1.815543e+02 1.341811e+02 2.333516e+02
         vertex 1.971315e+02 9.338453e+01 3.031389e+02
      endloop
   endfacet
   facet normal -8.164404e-01 -4.002370e-01 -4.162156e-01
      outer loop
         vertex 1.300466e+02 1.634024e+02 2.389319e+02
         vertex 1.472125e+02 1.341865e+02 2.333538e+02
         vertex 9.889084e+01 1.491183e+02 3.137821e+02
      endloop
   endfacet
   facet normal -8.164404e-01 -4.002370e-01 -4.162156e-01
      outer loop
         vertex 9.889084e+01 1.491183e+02 3.137821e+02
         vertex 1.472125e+02 1.341865e+02 2.333538e+02
         vertex 1.316315e+02 9.339476e+01 3.031431e+02
      endloop
   endfacet
   facet normal -8.162845e-01 5.256828e-01 -2.394520e-01
      outer loop
         vertex 1.472224e+02 1.926130e+02 2.445078e+02
         vertex 1.300466e+02 1.634024e+02 2.389319e+02
         vertex 1.316502e+02 2.048316e+02 3.244170e+02
      endloop
   endfacet
   facet normal -8.162845e-01 5.256828e-01 -2.394520e-01
      outer loop
         vertex 1.316502e+02 2.048316e+02 3.244170e+02
         vertex 1.300466e+02 1.634024e+02 2.389319e+02
         vertex 9.889084e+01 1.491183e+02 3.137821e+02
      endloop
   endfacet
   facet normal 1.448720e-04 9.885152e-01 -1.511217e-01
      outer loop
         vertex 1.815641e+02 1.926076e+02 2.445056e+02
         vertex 1.472224e+02 1.926130e+02 2.445078e+02
         vertex 1.971502e+02 2.048214e+02 3.244129e+02
      endloop
   endfacet
   facet normal 1.449390e-04 9.885152e-01 -1.511217e-01
      outer loop
         vertex 1.971502e+02 2.048214e+02 3.244129e+02
         vertex 1.472224e+02 1.926130e+02 2.445078e+02
         vertex 1.316502e+02 2.048316e+02 3.244170e+02
      endloop
   endfacet
   facet normal 8.164185e-01 5.254275e-01 -2.395553e-01
      outer loop
         vertex 1.987301e+02 1.633917e+02 2.389275e+02
         vertex 1.815641e+02 1.926076e+02 2.445056e+02
         vertex 2.298908e+02 1.490978e+02 3.137738e+02
      endloop
   endfacet
   facet normal 8.164185e-01 5.254276e-01 -2.395552e-01
      outer loop
         vertex 2.298908e+02 1.490978e+02 3.137738e+02
         vertex 1.815641e+02 1.926076e+02 2.445056e+02
         vertex 1.971502e+02 2.048214e+02 3.244129e+02
      endloop
   endfacet
   facet normal -3.268119e-05 1.875193e-01 -9.822609e-01
      outer loop
         vertex 1.815543e+02 1.341811e+02 2.333516e+02
         vertex 1.472125e+02 1.341865e+02 2.333538e+02
         vertex 1.987301e+02 1.633917e+02 2.389275e+02
      endloop
   endfacet
   facet normal -3.278772e-05 1.875195e-01 -9.822609e-01
      outer loop
         vertex 1.987301e+02 1.633917e+02 2.389275e+02
         vertex 1.472125e+02 1.341865e+02 2.333538e+02
         vertex 1.300466e+02 1.634024e+02 2.389319e+02
      endloop
   endfacet
   facet normal -3.278772e-05 1.875194e-01 -9.822609e-01
      outer loop
         vertex 1.987301e+02 1.633917e+02 2.389275e+02
         vertex 1.300466e+02 1.634024e+02 2.389319e+02
         vertex 1.815641e+02 1.926076e+02 2.445056e+02
      endloop
   endfacet
   facet normal -3.272187e-05 1.875193e-01 -9.822609e-01
      outer loop
         vertex 1.815641e+02 1.926076e+02 2.445056e+02
         vertex 1.300466e+02 1.634024e+02 2.389319e+02
         vertex 1.472224e+02 1.926130e+02 2.445078e+02
      endloop
   endfacet
   facet normal 3.281499e-05 -1.875196e-01 9.822609e-01
      outer loop
         vertex 1.971315e+02 9.338453e+01 3.031389e+02
         vertex 2.298908e+02 1.490978e+02 3.137738e+02
         vertex 1.316315e+02 9.339476e+01 3.031431e+02
      endloop
   endfacet
   facet normal 3.270329e-05 -1.875194e-01 9.822609e-01
      outer loop
         vertex 1.316315e+02 9.339476e+01 3.031431e+02
         vertex 2.298908e+02 1.490978e+02 3.137738e+02
         vertex 1.971502e+02 2.048214e+02 3.244129e+02
      endloop
   endfacet
   facet normal 3.292673e-05 -1.875195e-01 9.822609e-01
      outer loop
         vertex 1.316315e+02 9.339476e+01 3.031431e+02
         vertex 1.971502e+02 2.048214e+02 3.244129e+02
         vertex 9.889084e+01 1.491183e+02 3.137821e+02
      endloop
   endfacet
   facet normal 3.281503e-05 -1.875193e-01 9.822609e-01
      outer loop
         vertex 9.889084e+01 1.491183e+02 3.137821e+02
         vertex 1.971502e+02 2.048214e+02 3.244129e+02
         vertex 1.316502e+02 2.048316e+02 3.244170e+02
      endloop
   endfacet
   facet normal -9.207666e-01 3.795424e-01 9.020235e-02
      outer loop
         vertex 1.390103e+02 1.339146e+02 9.238384e+01
         vertex 1.487018e+02 1.605960e+02 7.904545e+01
         vertex 1.158428e+02 9.310877e+01 2.759232e+01
      endloop
   endfacet
   facet normal -9.207666e-01 3.795423e-01 9.020243e-02
      outer loop
         vertex 1.158428e+02 9.310877e+01 2.759232e+01
         vertex 1.487018e+02 1.605960e+02 7.904545e+01
         vertex 1.343824e+02 1.441500e+02 2.076134e+00
      endloop
   endfacet
   facet normal -5.690403e-01 -5.886360e-01 5.741958e-01
      outer loop
         vertex 1.643852e+02 1.174250e+02 1.006267e+02
         vertex 1.390103e+02 1.339146e+02 9.238384e+01
         vertex 1.643846e+02 6.156446e+01 4.336073e+01
      endloop
   endfacet
   facet normal -5.690402e-01 -5.886360e-01 5.741958e-01
      outer loop
         vertex 1.643846e+02 6.156446e+01 4.336073e+01
         vertex 1.390103e+02 1.339146e+02 9.238384e+01
         vertex 1.158428e+02 9.310877e+01 2.759232e+01
      endloop
   endfacet
   facet normal 5.690854e-01 -5.886192e-01 5.741683e-01
      outer loop
         vertex 1.897592e+02 1.339153e+02 9.238262e+01
         vertex 1.643852e+02 1.174250e+02 1.006267e+02
         vertex 2.129248e+02 9.311023e+01 2.758998e+01
      endloop
   endfacet
   facet normal 5.690855e-01 -5.886190e-01 5.741683e-01
      outer loop
         vertex 2.129248e+02 9.311023e+01 2.758998e+01
         vertex 1.643852e+02 1.174250e+02 1.006267e+02
         vertex 1.643846e+02 6.156446e+01 4.336073e+01
      endloop
   endfacet
   facet normal 9.207597e-01 3.795697e-01 9.015795e-02
      outer loop
         vertex 1.800663e+02 1.605965e+02 7.904469e+01
         vertex 1.897592e+02 1.339153e+02 9.238262e+01
         vertex 1.943824e+02 1.441509e+02 2.074689e+00
      endloop
   endfacet
   facet normal 9.207596e-01 3.795698e-01 9.015796e-02
      outer loop
         vertex 1.943824e+02 1.441509e+02 2.074689e+00
         vertex 1.897592e+02 1.339153e+02 9.238262e+01
         vertex 2.129248e+02 9.311023e+01 2.758998e+01
      endloop
   endfacet
   facet normal -1.993029e-05 9.779265e-01 -2.089493e-01
      outer loop
         vertex 1.487018e+02 1.605960e+02 7.904545e+01
         vertex 1.800663e+02 1.605965e+02 7.904469e+01
         vertex 1.343824e+02 1.441500e+02 2.076134e+00
      endloop
   endfacet
   facet normal -1.960588e-05 9.779264e-01 -2.089495e-01
      outer loop
         vertex 1.343824e+02 1.441500e+02 2.076134e+00
         vertex 1.800663e+02 1.605965e+02 7.904469e+01
         vertex 1.943824e+02 1.441509e+02 2.074689e+00
      endloop
   endfacet
   facet normal 1.487466e-05 4.471471e-01 8.944604e-01
      outer loop
         vertex 1.800663e+02 1.605965e+02 7.904469e+01
         vertex 1.487018e+02 1.605960e+02 7.904545e+01
         vertex 1.897592e+02 1.339153e+02 9.238262e+01
      endloop
   endfacet
   facet normal 1.490584e-05 4.471471e-01 8.944604e-01
      outer loop
         vertex 1.897592e+02 1.339153e+02 9.238262e+01
         vertex 1.487018e+02 1.605960e+02 7.904545e+01
         vertex 1.390103e+02 1.339146e+02 9.238384e+01
      endloop
   endfacet
   facet normal 1.490583e-05 4.471472e-01 8.944604e-01
      outer loop
         vertex 1.897592e+02 1.339153e+02 9.238262e+01
         vertex 1.390103e+02 1.339146e+02 9.238384e+01
         vertex 1.643852e+02 1.174250e+02 1.006267e+02
      endloop
   endfacet
   facet normal -1.488473e-05 -4.471472e-01 -8.944604e-01
      outer loop
         vertex 1.943824e+02 1.441509e+02 2.074689e+00
         vertex 2.129248e+02 9.311023e+01 2.758998e+01
         vertex 1.343824e+02 1.441500e+02 2.076134e+00
      endloop
   endfacet
   facet normal -1.480984e-05 -4.471471e-01 -8.944604e-01
      outer loop
         vertex 1.343824e+02 1.441500e+02 2.076134e+00
         vertex 2.129248e+02 9.311023e+01 2.758998e+01
         vertex 1.643846e+02 6.156446e+01 4.336073e+01
      endloop
   endfacet
   facet normal -1.494902e-05 -4.471472e-01 -8.944604e-01
      outer loop
         vertex 1.343824e+02 1.441500e+02 2.076134e+00
         vertex 1.643846e+02 6.156446e+01 4.336073e+01
         vertex 1.158428e+02 9.310877e+01 2.759232e+01
      endloop
   endfacet
   facet normal 1.987290e-01 9.779264e-01 -6.455000e-02
      outer loop
         vertex 2.386406e+02 1.605965e+02 1.216014e+02
         vertex 2.483321e+02 1.605960e+02 1.514311e+02
         vertex 3.074195e+02 1.441509e+02 8.420093e+01
      endloop
   endfacet
   facet normal 1.987287e-01 9.779265e-01 -6.455024e-02
      outer loop
         vertex 3.074195e+02 1.441509e+02 8.420093e+01
         vertex 2.483321e+02 1.605960e+02 1.514311e+02
         vertex 3.259591e+02 1.441500e+02 1.412648e+02
      endloop
   endfacet
   facet normal -3.702758e-01 3.795697e-01 -8.478341e-01
      outer loop
         vertex 2.229602e+02 1.339153e+02 1.165046e+02
         vertex 2.386406e+02 1.605965e+02 1.216014e+02
         vertex 2.774231e+02 9.311023e+01 7.445072e+01
      endloop
   endfacet
   facet normal -3.702756e-01 3.795698e-01 -8.478341e-01
      outer loop
         vertex 2.774231e+02 9.311023e+01 7.445072e+01
         vertex 2.386406e+02 1.605965e+02 1.216014e+02
         vertex 3.074195e+02 1.441509e+02 8.420093e+01
      endloop
   endfacet
   facet normal -7.219236e-01 -5.886191e-01 -3.638047e-01
      outer loop
         vertex 2.229607e+02 1.174250e+02 1.431842e+02
         vertex 2.229602e+02 1.339153e+02 1.165046e+02
         vertex 2.774240e+02 6.156446e+01 1.254886e+02
      endloop
   endfacet
   facet normal -7.219236e-01 -5.886191e-01 -3.638047e-01
      outer loop
         vertex 2.774240e+02 6.156446e+01 1.254886e+02
         vertex 2.229602e+02 1.339153e+02 1.165046e+02
         vertex 2.774231e+02 9.311023e+01 7.445072e+01
      endloop
   endfacet
   facet normal -3.702496e-01 -5.886361e-01 7.186257e-01
      outer loop
         vertex 2.386413e+02 1.339146e+02 1.647700e+02
         vertex 2.229607e+02 1.174250e+02 1.431842e+02
         vertex 3.074209e+02 9.310877e+01 1.667820e+02
      endloop
   endfacet
   facet normal -3.702496e-01 -5.886360e-01 7.186257e-01
      outer loop
         vertex 3.074209e+02 9.310877e+01 1.667820e+02
         vertex 2.229607e+02 1.174250e+02 1.431842e+02
         vertex 2.774240e+02 6.156446e+01 1.254886e+02
      endloop
   endfacet
   facet normal 1.987449e-01 3.795424e-01 9.035751e-01
      outer loop
         vertex 2.483321e+02 1.605960e+02 1.514311e+02
         vertex 2.386413e+02 1.339146e+02 1.647700e+02
         vertex 3.259591e+02 1.441500e+02 1.412648e+02
      endloop
   endfacet
   facet normal 1.987449e-01 3.795423e-01 9.035752e-01
      outer loop
         vertex 3.259591e+02 1.441500e+02 1.412648e+02
         vertex 2.386413e+02 1.339146e+02 1.647700e+02
         vertex 3.074209e+02 9.310877e+01 1.667820e+02
      endloop
   endfacet
   facet normal -8.506871e-01 4.471470e-01 2.763893e-01
      outer loop
         vertex 2.386406e+02 1.605965e+02 1.216014e+02
         vertex 2.229602e+02 1.339153e+02 1.165046e+02
         vertex 2.483321e+02 1.605960e+02 1.514311e+02
      endloop
   endfacet
   facet normal -8.506870e-01 4.471472e-01 2.763891e-01
      outer loop
         vertex 2.483321e+02 1.605960e+02 1.514311e+02
         vertex 2.229602e+02 1.339153e+02 1.165046e+02
         vertex 2.229607e+02 1.174250e+02 1.431842e+02
      endloop
   endfacet
   facet normal -8.506870e-01 4.471472e-01 2.763891e-01
      outer loop
         vertex 2.483321e+02 1.605960e+02 1.514311e+02
         vertex 2.229607e+02 1.174250e+02 1.431842e+02
         vertex 2.386413e+02 1.339146e+02 1.647700e+02
      endloop
   endfacet
   facet normal 8.506871e-01 -4.471470e-01 -2.763893e-01
      outer loop
         vertex 2.774240e+02 6.156446e+01 1.254886e+02
         vertex 2.774231e+02 9.311023e+01 7.445072e+01
         vertex 3.074209e+02 9.310877e+01 1.667820e+02
      endloop
   endfacet
   facet normal 8.506869e-01 -4.471473e-01 -2.763893e-01
      outer loop
         vertex 3.074209e+02 9.310877e+01 1.667820e+02
         vertex 2.774231e+02 9.311023e+01 7.445072e+01
         vertex 3.074195e+02 1.441509e+02 8.420093e+01
      endloop
   endfacet
   facet normal 8.506870e-01 -4.471471e-01 -2.763892e-01
      outer loop
         vertex 3.074209e+02 9.310877e+01 1.667820e+02
         vertex 3.074195e+02 1.441509e+02 8.420093e+01
         vertex 3.259591e+02 1.441500e+02 1.412648e+02
      endloop
   endfacet
   facet normal 1.228412e-01 -5.886933e-01 -7.989682e-01
      outer loop
         vertex 2.005791e+02 1.174244e+02 2.120472e+02
         vertex 2.259549e+02 1.339110e+02 2.038011e+02
         vertex 2.342320e+02 6.156318e+01 2.583808e+02
      endloop
   endfacet
   facet normal 1.228411e-01 -5.886933e-01 -7.989682e-01
      outer loop
         vertex 2.342320e+02 6.156318e+01 2.583808e+02
         vertex 2.259549e+02 1.339110e+02 2.038011e+02
         vertex 2.827755e+02 9.310190e+01 2.426061e+02
      endloop
   endfacet
   facet normal -7.979382e-01 -5.885493e-01 -1.300169e-01
      outer loop
         vertex 1.848974e+02 1.339174e+02 2.336295e+02
         vertex 2.005791e+02 1.174244e+02 2.120472e+02
         vertex 2.042331e+02 9.311418e+01 2.996676e+02
      endloop
   endfacet
   facet normal -7.979381e-01 -5.885494e-01 -1.300169e-01
      outer loop
         vertex 2.042331e+02 9.311418e+01 2.996676e+02
         vertex 2.005791e+02 1.174244e+02 2.120472e+02
         vertex 2.342320e+02 6.156318e+01 2.583808e+02
      endloop
   endfacet
   facet normal -7.978897e-01 3.796734e-01 4.682095e-01
      outer loop
         vertex 2.005813e+02 1.605973e+02 2.387220e+02
         vertex 1.848974e+02 1.339174e+02 2.336295e+02
         vertex 2.342362e+02 1.441525e+02 3.094095e+02
      endloop
   endfacet
   facet normal -7.978897e-01 3.796735e-01 4.682095e-01
      outer loop
         vertex 2.342362e+02 1.441525e+02 3.094095e+02
         vertex 1.848974e+02 1.339174e+02 2.336295e+02
         vertex 2.042331e+02 9.311418e+01 2.996676e+02
      endloop
   endfacet
   facet normal 1.229198e-01 9.779242e-01 1.689822e-01
      outer loop
         vertex 2.259562e+02 1.605933e+02 2.202870e+02
         vertex 2.005813e+02 1.605973e+02 2.387220e+02
         vertex 2.827780e+02 1.441449e+02 2.741435e+02
      endloop
   endfacet
   facet normal 1.229196e-01 9.779242e-01 1.689826e-01
      outer loop
         vertex 2.827780e+02 1.441449e+02 2.741435e+02
         vertex 2.005813e+02 1.605973e+02 2.387220e+02
         vertex 2.342362e+02 1.441525e+02 3.094095e+02
      endloop
   endfacet
   facet normal 6.919625e-01 3.794406e-01 -6.141764e-01
      outer loop
         vertex 2.259549e+02 1.339110e+02 2.038011e+02
         vertex 2.259562e+02 1.605933e+02 2.202870e+02
         vertex 2.827755e+02 9.310190e+01 2.426061e+02
      endloop
   endfacet
   facet normal 6.919625e-01 3.794406e-01 -6.141765e-01
      outer loop
         vertex 2.827755e+02 9.310190e+01 2.426061e+02
         vertex 2.259562e+02 1.605933e+02 2.202870e+02
         vertex 2.827780e+02 1.441449e+02 2.741435e+02
      endloop
   endfacet
   facet normal -5.256844e-01 4.471568e-01 -7.236758e-01
      outer loop
         vertex 2.259562e+02 1.605933e+02 2.202870e+02
         vertex 2.259549e+02 1.339110e+02 2.038011e+02
         vertex 2.005813e+02 1.605973e+02 2.387220e+02
      endloop
   endfacet
   facet normal -5.256844e-01 4.471568e-01 -7.236758e-01
      outer loop
         vertex 2.005813e+02 1.605973e+02 2.387220e+02
         vertex 2.259549e+02 1.339110e+02 2.038011e+02
         vertex 2.005791e+02 1.174244e+02 2.120472e+02
      endloop
   endfacet
   facet normal -5.256848e-01 4.471567e-01 -7.236756e-01
      outer loop
         vertex 2.005813e+02 1.605973e+02 2.387220e+02
         vertex 2.005791e+02 1.174244e+02 2.120472e+02
         vertex 1.848974e+02 1.339174e+02 2.336295e+02
      endloop
   endfacet
   facet normal 5.256846e-01 -4.471568e-01 7.236757e-01
      outer loop
         vertex 2.827755e+02 9.310190e+01 2.426061e+02
         vertex 2.827780e+02 1.441449e+02 2.741435e+02
         vertex 2.342320e+02 6.156318e+01 2.583808e+02
      endloop
   endfacet
   facet normal 5.256846e-01 -4.471568e-01 7.236757e-01
      outer loop
         vertex 2.342320e+02 6.156318e+01 2.583808e+02
         vertex 2.827780e+02 1.441449e+02 2.741435e+02
         vertex 2.342362e+02 1.441525e+02 3.094095e+02
      endloop
   endfacet
   facet normal 5.256845e-01 -4.471568e-01 7.236757e-01
      outer loop
         vertex 2.342320e+02 6.156318e+01 2.583808e+02
         vertex 2.342362e+02 1.441525e+02 3.094095e+02
         vertex 2.042331e+02 9.311418e+01 2.996676e+02
      endloop
   endfacet
   facet normal 5.691417e-01 5.885174e-01 -5.742169e-01
      outer loop
         vertex 1.897590e+02 2.221760e+02 2.320445e+02
         vertex 1.643863e+02 2.386668e+02 2.237975e+02
         vertex 2.129244e+02 2.629876e+02 2.968332e+02
      endloop
   endfacet
   facet normal 5.691418e-01 5.885173e-01 -5.742169e-01
      outer loop
         vertex 2.129244e+02 2.629876e+02 2.968332e+02
         vertex 1.643863e+02 2.386668e+02 2.237975e+02
         vertex 1.643867e+02 2.945342e+02 2.810567e+02
      endloop
   endfacet
   facet normal 9.207413e-01 -3.796336e-01 -9.007635e-02
      outer loop
         vertex 1.800641e+02 1.954970e+02 2.453853e+02
         vertex 1.897590e+02 2.221760e+02 2.320445e+02
         vertex 1.943781e+02 2.119510e+02 3.223539e+02
      endloop
   endfacet
   facet normal 9.207413e-01 -3.796336e-01 -9.007635e-02
      outer loop
         vertex 1.943781e+02 2.119510e+02 3.223539e+02
         vertex 1.897590e+02 2.221760e+02 2.320445e+02
         vertex 2.129244e+02 2.629876e+02 2.968332e+02
      endloop
   endfacet
   facet normal -8.382917e-05 -9.779013e-01 2.090671e-01
      outer loop
         vertex 1.486995e+02 1.954993e+02 2.453833e+02
         vertex 1.800641e+02 1.954970e+02 2.453853e+02
         vertex 1.343781e+02 2.119554e+02 3.223501e+02
      endloop
   endfacet
   facet normal -8.410469e-05 -9.779013e-01 2.090670e-01
      outer loop
         vertex 1.343781e+02 2.119554e+02 3.223501e+02
         vertex 1.800641e+02 1.954970e+02 2.453853e+02
         vertex 1.943781e+02 2.119510e+02 3.223539e+02
      endloop
   endfacet
   facet normal -9.207849e-01 -3.795002e-01 -9.019274e-02
      outer loop
         vertex 1.390101e+02 2.221797e+02 2.320413e+02
         vertex 1.486995e+02 1.954993e+02 2.453833e+02
         vertex 1.158424e+02 2.629946e+02 2.968270e+02
      endloop
   endfacet
   facet normal -9.207849e-01 -3.795002e-01 -9.019269e-02
      outer loop
         vertex 1.158424e+02 2.629946e+02 2.968270e+02
         vertex 1.486995e+02 1.954993e+02 2.453833e+02
         vertex 1.343781e+02 2.119554e+02 3.223501e+02
      endloop
   endfacet
   facet normal -5.689841e-01 5.885997e-01 -5.742887e-01
      outer loop
         vertex 1.643863e+02 2.386668e+02 2.237975e+02
         vertex 1.390101e+02 2.221797e+02 2.320413e+02
         vertex 1.643867e+02 2.945342e+02 2.810567e+02
      endloop
   endfacet
   facet normal -5.689838e-01 5.885997e-01 -5.742889e-01
      outer loop
         vertex 1.643867e+02 2.945342e+02 2.810567e+02
         vertex 1.390101e+02 2.221797e+02 2.320413e+02
         vertex 1.158424e+02 2.629946e+02 2.968270e+02
      endloop
   endfacet
   facet normal 2.421724e-05 -4.472546e-01 -8.944067e-01
      outer loop
         vertex 1.800641e+02 1.954970e+02 2.453853e+02
         vertex 1.486995e+02 1.954993e+02 2.453833e+02
         vertex 1.897590e+02 2.221760e+02 2.320445e+02
      endloop
   endfacet
   facet normal 2.415738e-05 -4.472545e-01 -8.944067e-01
      outer loop
         vertex 1.897590e+02 2.221760e+02 2.320445e+02
         vertex 1.486995e+02 1.954993e+02 2.453833e+02
         vertex 1.390101e+02 2.221797e+02 2.320413e+02
      endloop
   endfacet
   facet normal 2.415737e-05 -4.472547e-01 -8.944067e-01
      outer loop
         vertex 1.897590e+02 2.221760e+02 2.320445e+02
         vertex 1.390101e+02 2.221797e+02 2.320413e+02
         vertex 1.643863e+02 2.386668e+02 2.237975e+02
      endloop
   endfacet
   facet normal -2.398611e-05 4.472549e-01 8.944065e-01
      outer loop
         vertex 1.343781e+02 2.119554e+02 3.223501e+02
         vertex 1.943781e+02 2.119510e+02 3.223539e+02
         vertex 1.158424e+02 2.629946e+02 2.968270e+02
      endloop
   endfacet
   facet normal -2.415806e-05 4.472547e-01 8.944067e-01
      outer loop
         vertex 1.158424e+02 2.629946e+02 2.968270e+02
         vertex 1.943781e+02 2.119510e+02 3.223539e+02
         vertex 2.129244e+02 2.629876e+02 2.968332e+02
      endloop
   endfacet
   facet normal -2.415806e-05 4.472547e-01 8.944067e-01
      outer loop
         vertex 1.158424e+02 2.629946e+02 2.968270e+02
         vertex 2.129244e+02 2.629876e+02 2.968332e+02
         vertex 1.643867e+02 2.945342e+02 2.810567e+02
      endloop
   endfacet
   facet normal 7.979355e-01 3.795157e-01 4.682593e-01
      outer loop
         vertex 1.438688e+02 1.339105e+02 2.336238e+02
         vertex 1.281882e+02 1.605917e+02 2.387198e+02
         vertex 1.245282e+02 9.310097e+01 2.996564e+02
      endloop
   endfacet
   facet normal 7.979355e-01 3.795157e-01 4.682593e-01
      outer loop
         vertex 1.245282e+02 9.310097e+01 2.996564e+02
         vertex 1.281882e+02 1.605917e+02 2.387198e+02
         vertex 9.453131e+01 1.441416e+02 3.094050e+02
      endloop
   endfacet
   facet normal 7.978671e-01 -5.886287e-01 -1.300940e-01
      outer loop
         vertex 1.281851e+02 1.174222e+02 2.120393e+02
         vertex 1.438688e+02 1.339105e+02 2.336238e+02
         vertex 9.452547e+01 6.155900e+01 2.583655e+02
      endloop
   endfacet
   facet normal 7.978670e-01 -5.886287e-01 -1.300941e-01
      outer loop
         vertex 9.452547e+01 6.155900e+01 2.583655e+02
         vertex 1.438688e+02 1.339105e+02 2.336238e+02
         vertex 1.245282e+02 9.310097e+01 2.996564e+02
      endloop
   endfacet
   facet normal -1.229122e-01 -5.885736e-01 -7.990455e-01
      outer loop
         vertex 1.028114e+02 1.339130e+02 2.037953e+02
         vertex 1.281851e+02 1.174222e+02 2.120393e+02
         vertex 4.598583e+01 9.310566e+01 2.425949e+02
      endloop
   endfacet
   facet normal -1.229122e-01 -5.885737e-01 -7.990454e-01
      outer loop
         vertex 4.598583e+01 9.310566e+01 2.425949e+02
         vertex 1.281851e+02 1.174222e+02 2.120393e+02
         vertex 9.452547e+01 6.155900e+01 2.583655e+02
      endloop
   endfacet
   facet normal -6.919167e-01 3.796047e-01 -6.141267e-01
      outer loop
         vertex 1.028133e+02 1.605932e+02 2.202848e+02
         vertex 1.028114e+02 1.339130e+02 2.037953e+02
         vertex 4.598944e+01 1.441445e+02 2.741391e+02
      endloop
   endfacet
   facet normal -6.919167e-01 3.796047e-01 -6.141267e-01
      outer loop
         vertex 4.598944e+01 1.441445e+02 2.741391e+02
         vertex 1.028114e+02 1.339130e+02 2.037953e+02
         vertex 4.598583e+01 9.310566e+01 2.425949e+02
      endloop
   endfacet
   facet normal -1.228018e-01 9.779168e-01 1.691106e-01
      outer loop
         vertex 1.281882e+02 1.605917e+02 2.387198e+02
         vertex 1.028133e+02 1.605932e+02 2.202848e+02
         vertex 9.453131e+01 1.441416e+02 3.094050e+02
      endloop
   endfacet
   facet normal -1.228015e-01 9.779169e-01 1.691107e-01
      outer loop
         vertex 9.453131e+01 1.441416e+02 3.094050e+02
         vertex 1.028133e+02 1.605932e+02 2.202848e+02
         vertex 4.598944e+01 1.441445e+02 2.741391e+02
      endloop
   endfacet
   facet normal 5.257384e-01 4.471883e-01 -7.236171e-01
      outer loop
         vertex 1.028133e+02 1.605932e+02 2.202848e+02
         vertex 1.281882e+02 1.605917e+02 2.387198e+02
         vertex 1.028114e+02 1.339130e+02 2.037953e+02
      endloop
   endfacet
   facet normal 5.257386e-01 4.471882e-01 -7.236171e-01
      outer loop
         vertex 1.028114e+02 1.339130e+02 2.037953e+02
         vertex 1.281882e+02 1.605917e+02 2.387198e+02
         vertex 1.438688e+02 1.339105e+02 2.336238e+02
      endloop
   endfacet
   facet normal 5.257386e-01 4.471882e-01 -7.236171e-01
      outer loop
         vertex 1.028114e+02 1.339130e+02 2.037953e+02
         vertex 1.438688e+02 1.339105e+02 2.336238e+02
         vertex 1.281851e+02 1.174222e+02 2.120393e+02
      endloop
   endfacet
   facet normal -5.257386e-01 -4.471883e-01 7.236170e-01
      outer loop
         vertex 4.598583e+01 9.310566e+01 2.425949e+02
         vertex 9.452547e+01 6.155900e+01 2.583655e+02
         vertex 4.598944e+01 1.441445e+02 2.741391e+02
      endloop
   endfacet
   facet normal -5.257386e-01 -4.471882e-01 7.236170e-01
      outer loop
         vertex 4.598944e+01 1.441445e+02 2.741391e+02
         vertex 9.452547e+01 6.155900e+01 2.583655e+02
         vertex 1.245282e+02 9.310097e+01 2.996564e+02
      endloop
   endfacet
   facet normal -5.257386e-01 -4.471882e-01 7.236171e-01
      outer loop
         vertex 4.598944e+01 1.441445e+02 2.741391e+02
         vertex 1.245282e+02 9.310097e+01 2.996564e+02
         vertex 9.453131e+01 1.441416e+02 3.094050e+02
      endloop
   endfacet
   facet normal 5.594003e-01 -5.513672e-01 6.189228e-01
      outer loop
         vertex 1.365140e+02 2.220481e+02 2.297843e+02
         vertex 1.642967e+02 2.401037e+02 2.207583e+02
         vertex 1.093200e+02 2.662183e+02 2.937120e+02
      endloop
   endfacet
   facet normal 5.594003e-01 -5.513672e-01 6.189228e-01
      outer loop
         vertex 1.093200e+02 2.662183e+02 2.937120e+02
         vertex 1.642967e+02 2.401037e+02 2.207583e+02
         vertex 1.623101e+02 3.006558e+02 2.764967e+02
      endloop
   endfacet
   facet normal -3.211722e-01 -8.375185e-01 4.420533e-01
      outer loop
         vertex 1.087317e+02 2.220472e+02 2.095976e+02
         vertex 1.365140e+02 2.220481e+02 2.297843e+02
         vertex 5.633092e+01 2.662167e+02 2.552100e+02
      endloop
   endfacet
   facet normal -3.211721e-01 -8.375185e-01 4.420534e-01
      outer loop
         vertex 5.633092e+01 2.662167e+02 2.552100e+02
         vertex 1.365140e+02 2.220481e+02 2.297843e+02
         vertex 1.093200e+02 2.662183e+02 2.937120e+02
      endloop
   endfacet
   facet normal -7.614467e-01 -5.514066e-01 -3.408074e-01
      outer loop
         vertex 1.087322e+02 2.401020e+02 1.803850e+02
         vertex 1.087317e+02 2.220472e+02 2.095976e+02
         vertex 5.633185e+01 3.006526e+02 1.994927e+02
      endloop
   endfacet
   facet normal -7.614466e-01 -5.514066e-01 -3.408075e-01
      outer loop
         vertex 5.633185e+01 3.006526e+02 1.994927e+02
         vertex 1.087317e+02 2.220472e+02 2.095976e+02
         vertex 5.633092e+01 2.662167e+02 2.552100e+02
      endloop
   endfacet
   facet normal -3.211489e-01 2.085650e-02 -9.467990e-01
      outer loop
         vertex 1.365149e+02 2.581576e+02 1.713589e+02
         vertex 1.087322e+02 2.401020e+02 1.803850e+02
         vertex 1.093219e+02 3.350901e+02 1.822774e+02
      endloop
   endfacet
   facet normal -3.211489e-01 2.085650e-02 -9.467990e-01
      outer loop
         vertex 1.093219e+02 3.350901e+02 1.822774e+02
         vertex 1.087322e+02 2.401020e+02 1.803850e+02
         vertex 5.633185e+01 3.006526e+02 1.994927e+02
      endloop
   endfacet
   facet normal 5.594234e-01 3.070078e-01 -7.699297e-01
      outer loop
         vertex 1.642972e+02 2.581585e+02 1.915456e+02
         vertex 1.365149e+02 2.581576e+02 1.713589e+02
         vertex 1.623110e+02 3.350917e+02 2.207794e+02
      endloop
   endfacet
   facet normal 5.594234e-01 3.070078e-01 -7.699296e-01
      outer loop
         vertex 1.623110e+02 3.350917e+02 2.207794e+02
         vertex 1.365149e+02 2.581576e+02 1.713589e+02
         vertex 1.093219e+02 3.350901e+02 1.822774e+02
      endloop
   endfacet
   facet normal 9.996980e-01 2.089590e-02 1.293132e-02
      outer loop
         vertex 1.642967e+02 2.401037e+02 2.207583e+02
         vertex 1.642972e+02 2.581585e+02 1.915456e+02
         vertex 1.623101e+02 3.006558e+02 2.764967e+02
      endloop
   endfacet
   facet normal 9.996980e-01 2.089590e-02 1.293132e-02
      outer loop
         vertex 1.623101e+02 3.006558e+02 2.764967e+02
         vertex 1.642972e+02 2.581585e+02 1.915456e+02
         vertex 1.623110e+02 3.350917e+02 2.207794e+02
      endloop
   endfacet
   facet normal 3.568698e-01 -7.946373e-01 -4.911165e-01
      outer loop
         vertex 1.087322e+02 2.401020e+02 1.803850e+02
         vertex 1.365149e+02 2.581576e+02 1.713589e+02
         vertex 1.087317e+02 2.220472e+02 2.095976e+02
      endloop
   endfacet
   facet normal 3.568701e-01 -7.946373e-01 -4.911163e-01
      outer loop
         vertex 1.087317e+02 2.220472e+02 2.095976e+02
         vertex 1.365149e+02 2.581576e+02 1.713589e+02
         vertex 1.642972e+02 2.581585e+02 1.915456e+02
      endloop
   endfacet
   facet normal 3.568699e-01 -7.946372e-01 -4.911167e-01
      outer loop
         vertex 1.087317e+02 2.220472e+02 2.095976e+02
         vertex 1.642972e+02 2.581585e+02 1.915456e+02
         vertex 1.365140e+02 2.220481e+02 2.297843e+02
      endloop
   endfacet
   facet normal 3.568702e-01 -7.946372e-01 -4.911165e-01
      outer loop
         vertex 1.365140e+02 2.220481e+02 2.297843e+02
         vertex 1.642972e+02 2.581585e+02 1.915456e+02
         vertex 1.642967e+02 2.401037e+02 2.207583e+02
      endloop
   endfacet
   facet normal -3.568700e-01 7.946373e-01 4.911164e-01
      outer loop
         vertex 1.623110e+02 3.350917e+02 2.207794e+02
         vertex 1.093219e+02 3.350901e+02 1.822774e+02
         vertex 1.623101e+02 3.006558e+02 2.764967e+02
      endloop
   endfacet
   facet normal -3.568700e-01 7.946373e-01 4.911164e-01
      outer loop
         vertex 1.623101e+02 3.006558e+02 2.764967e+02
         vertex 1.093219e+02 3.350901e+02 1.822774e+02
         vertex 5.633185e+01 3.006526e+02 1.994927e+02
      endloop
   endfacet
   facet normal -3.568701e-01 7.946372e-01 4.911165e-01
      outer loop
         vertex 1.623101e+02 3.006558e+02 2.764967e+02
         vertex 5.633185e+01 3.006526e+02 1.994927e+02
         vertex 1.093200e+02 2.662183e+02 2.937120e+02
      endloop
   endfacet
   facet normal -3.568702e-01 7.946372e-01 4.911166e-01
      outer loop
         vertex 1.093200e+02 2.662183e+02 2.937120e+02
         vertex 5.633185e+01 3.006526e+02 1.994927e+02
         vertex 5.633092e+01 2.662167e+02 2.552100e+02
      endloop
   endfacet
   facet normal 9.051371e-01 4.003383e-01 1.430248e-01
      outer loop
         vertex 1.470801e+02 1.926932e+02 2.444637e+02
         vertex 1.364674e+02 2.219060e+02 2.298574e+02
         vertex 1.282954e+02 2.069880e+02 3.233311e+02
      endloop
   endfacet
   facet normal 9.051371e-01 4.003383e-01 1.430248e-01
      outer loop
         vertex 1.282954e+02 2.069880e+02 3.233311e+02
         vertex 1.364674e+02 2.219060e+02 2.298574e+02
         vertex 1.080538e+02 2.627054e+02 2.954726e+02
      endloop
   endfacet
   facet normal 8.012053e-01 -5.255683e-01 2.860908e-01
      outer loop
         vertex 1.299092e+02 1.634803e+02 2.388850e+02
         vertex 1.470801e+02 1.926932e+02 2.444637e+02
         vertex 9.554537e+01 1.512701e+02 3.126910e+02
      endloop
   endfacet
   facet normal 8.012053e-01 -5.255682e-01 2.860909e-01
      outer loop
         vertex 9.554537e+01 1.512701e+02 3.126910e+02
         vertex 1.470801e+02 1.926932e+02 2.444637e+02
         vertex 1.282954e+02 2.069880e+02 3.233311e+02
      endloop
   endfacet
   facet normal 8.878559e-02 -9.885264e-01 -1.221996e-01
      outer loop
         vertex 1.021256e+02 1.634801e+02 2.187001e+02
         vertex 1.299092e+02 1.634803e+02 2.388850e+02
         vertex 4.255383e+01 1.512698e+02 2.741923e+02
      endloop
   endfacet
   facet normal 8.878562e-02 -9.885264e-01 -1.221995e-01
      outer loop
         vertex 4.255383e+01 1.512698e+02 2.741923e+02
         vertex 1.299092e+02 1.634803e+02 2.388850e+02
         vertex 9.554537e+01 1.512701e+02 3.126910e+02
      endloop
   endfacet
   facet normal -5.197023e-01 -5.255776e-01 -6.735560e-01
      outer loop
         vertex 9.151298e+01 1.926929e+02 2.040939e+02
         vertex 1.021256e+02 1.634801e+02 2.187001e+02
         vertex 2.231228e+01 2.069872e+02 2.463338e+02
      endloop
   endfacet
   facet normal -5.197023e-01 -5.255776e-01 -6.735560e-01
      outer loop
         vertex 2.231228e+01 2.069872e+02 2.463338e+02
         vertex 1.021256e+02 1.634801e+02 2.187001e+02
         vertex 4.255383e+01 1.512698e+02 2.741923e+02
      endloop
   endfacet
   facet normal -4.157705e-01 4.003291e-01 -8.166220e-01
      outer loop
         vertex 1.086839e+02 2.219058e+02 2.096725e+02
         vertex 9.151298e+01 1.926929e+02 2.040939e+02
         vertex 5.506229e+01 2.627050e+02 2.569740e+02
      endloop
   endfacet
   facet normal -4.157705e-01 4.003291e-01 -8.166220e-01
      outer loop
         vertex 5.506229e+01 2.627050e+02 2.569740e+02
         vertex 9.151298e+01 1.926929e+02 2.040939e+02
         vertex 2.231228e+01 2.069872e+02 2.463338e+02
      endloop
   endfacet
   facet normal 2.966492e-01 8.632870e-01 -4.083316e-01
      outer loop
         vertex 1.364674e+02 2.219060e+02 2.298574e+02
         vertex 1.086839e+02 2.219058e+02 2.096725e+02
         vertex 1.080538e+02 2.627054e+02 2.954726e+02
      endloop
   endfacet
   facet normal 2.966491e-01 8.632871e-01 -4.083316e-01
      outer loop
         vertex 1.080538e+02 2.627054e+02 2.954726e+02
         vertex 1.086839e+02 2.219058e+02 2.096725e+02
         vertex 5.506229e+01 2.627050e+02 2.569740e+02
      endloop
   endfacet
   facet normal 5.773320e-01 -1.875924e-01 -7.946678e-01
      outer loop
         vertex 1.470801e+02 1.926932e+02 2.444637e+02
         vertex 1.299092e+02 1.634803e+02 2.388850e+02
         vertex 1.364674e+02 2.219060e+02 2.298574e+02
      endloop
   endfacet
   facet normal 5.773319e-01 -1.875924e-01 -7.946678e-01
      outer loop
         vertex 1.364674e+02 2.219060e+02 2.298574e+02
         vertex 1.299092e+02 1.634803e+02 2.388850e+02
         vertex 1.021256e+02 1.634801e+02 2.187001e+02
      endloop
   endfacet
   facet normal 5.773320e-01 -1.875925e-01 -7.946678e-01
      outer loop
         vertex 1.364674e+02 2.219060e+02 2.298574e+02
         vertex 1.021256e+02 1.634801e+02 2.187001e+02
         vertex 1.086839e+02 2.219058e+02 2.096725e+02
      endloop
   endfacet
   facet normal 5.773320e-01 -1.875925e-01 -7.946678e-01
      outer loop
         vertex 1.086839e+02 2.219058e+02 2.096725e+02
         vertex 1.021256e+02 1.634801e+02 2.187001e+02
         vertex 9.151298e+01 1.926929e+02 2.040939e+02
      endloop
   endfacet
   facet normal -5.773319e-01 1.875924e-01 7.946679e-01
      outer loop
         vertex 5.506229e+01 2.627050e+02 2.569740e+02
         vertex 2.231228e+01 2.069872e+02 2.463338e+02
         vertex 1.080538e+02 2.627054e+02 2.954726e+02
      endloop
   endfacet
   facet normal -5.773318e-01 1.875924e-01 7.946679e-01
      outer loop
         vertex 1.080538e+02 2.627054e+02 2.954726e+02
         vertex 2.231228e+01 2.069872e+02 2.463338e+02
         vertex 4.255383e+01 1.512698e+02 2.741923e+02
      endloop
   endfacet
   facet normal -5.773320e-01 1.875925e-01 7.946678e-01
      outer loop
         vertex 1.080538e+02 2.627054e+02 2.954726e+02
         vertex 4.255383e+01 1.512698e+02 2.741923e+02
         vertex 1.282954e+02 2.069880e+02 3.233311e+02
      endloop
   endfacet
   facet normal -5.773320e-01 1.875927e-01 7.946677e-01
      outer loop
         vertex 1.282954e+02 2.069880e+02 3.233311e+02
         vertex 4.255383e+01 1.512698e+02 2.741923e+02
         vertex 9.554537e+01 1.512701e+02 3.126910e+02
      endloop
   endfacet
   facet normal -5.049117e-06 9.885152e-01 -1.511218e-01
      outer loop
         vertex 1.815594e+02 1.926103e+02 2.445061e+02
         vertex 1.472177e+02 1.926103e+02 2.445072e+02
         vertex 1.971412e+02 2.048265e+02 3.244139e+02
      endloop
   endfacet
   facet normal -5.053860e-06 9.885152e-01 -1.511218e-01
      outer loop
         vertex 1.971412e+02 2.048265e+02 3.244139e+02
         vertex 1.472177e+02 1.926103e+02 2.445072e+02
         vertex 1.316412e+02 2.048265e+02 3.244160e+02
      endloop
   endfacet
   facet normal 8.163435e-01 5.255551e-01 -2.395309e-01
      outer loop
         vertex 1.987301e+02 1.633970e+02 2.389285e+02
         vertex 1.815594e+02 1.926103e+02 2.445061e+02
         vertex 2.298908e+02 1.491081e+02 3.137758e+02
      endloop
   endfacet
   facet normal 8.163435e-01 5.255552e-01 -2.395308e-01
      outer loop
         vertex 2.298908e+02 1.491081e+02 3.137758e+02
         vertex 1.815594e+02 1.926103e+02 2.445061e+02
         vertex 1.971412e+02 2.048265e+02 3.244139e+02
      endloop
   endfacet
   facet normal 8.163375e-01 -4.003647e-01 -4.162945e-01
      outer loop
         vertex 1.815590e+02 1.341838e+02 2.333521e+02
         vertex 1.987301e+02 1.633970e+02 2.389285e+02
         vertex 1.971405e+02 9.338964e+01 3.031399e+02
      endloop
   endfacet
   facet normal 8.163376e-01 -4.003646e-01 -4.162945e-01
      outer loop
         vertex 1.971405e+02 9.338964e+01 3.031399e+02
         vertex 1.987301e+02 1.633970e+02 2.389285e+02
         vertex 2.298908e+02 1.491081e+02 3.137758e+02
      endloop
   endfacet
   facet normal -1.686079e-05 -8.633246e-01 -5.046490e-01
      outer loop
         vertex 1.472173e+02 1.341838e+02 2.333533e+02
         vertex 1.815590e+02 1.341838e+02 2.333521e+02
         vertex 1.316405e+02 9.338965e+01 3.031421e+02
      endloop
   endfacet
   facet normal -1.697483e-05 -8.633246e-01 -5.046491e-01
      outer loop
         vertex 1.316405e+02 9.338965e+01 3.031421e+02
         vertex 1.815590e+02 1.341838e+02 2.333521e+02
         vertex 1.971405e+02 9.338964e+01 3.031399e+02
      endloop
   endfacet
   facet normal -8.163654e-01 -4.003646e-01 -4.162400e-01
      outer loop
         vertex 1.300466e+02 1.633971e+02 2.389308e+02
         vertex 1.472173e+02 1.341838e+02 2.333533e+02
         vertex 9.889084e+01 1.491081e+02 3.137801e+02
      endloop
   endfacet
   facet normal -8.163653e-01 -4.003647e-01 -4.162400e-01
      outer loop
         vertex 9.889084e+01 1.491081e+02 3.137801e+02
         vertex 1.472173e+02 1.341838e+02 2.333533e+02
         vertex 1.316405e+02 9.338965e+01 3.031421e+02
      endloop
   endfacet
   facet normal -8.163594e-01 5.255553e-01 -2.394763e-01
      outer loop
         vertex 1.472177e+02 1.926103e+02 2.445072e+02
         vertex 1.300466e+02 1.633971e+02 2.389308e+02
         vertex 1.316412e+02 2.048265e+02 3.244160e+02
      endloop
   endfacet
   facet normal -8.163595e-01 5.255552e-01 -2.394763e-01
      outer loop
         vertex 1.316412e+02 2.048265e+02 3.244160e+02
         vertex 1.300466e+02 1.633971e+02 2.389308e+02
         vertex 9.889084e+01 1.491081e+02 3.137801e+02
      endloop
   endfacet
   facet normal -3.281824e-05 1.875197e-01 -9.822608e-01
      outer loop
         vertex 1.815590e+02 1.341838e+02 2.333521e+02
         vertex 1.472173e+02 1.341838e+02 2.333533e+02
         vertex 1.987301e+02 1.633970e+02 2.389285e+02
      endloop
   endfacet
   facet normal -3.267100e-05 1.875195e-01 -9.822609e-01
      outer loop
         vertex 1.987301e+02 1.633970e+02 2.389285e+02
         vertex 1.472173e+02 1.341838e+02 2.333533e+02
         vertex 1.300466e+02 1.633971e+02 2.389308e+02
      endloop
   endfacet
   facet normal -3.267100e-05 1.875194e-01 -9.822609e-01
      outer loop
         vertex 1.987301e+02 1.633970e+02 2.389285e+02
         vertex 1.300466e+02 1.633971e+02 2.389308e+02
         vertex 1.815594e+02 1.926103e+02 2.445061e+02
      endloop
   endfacet
   facet normal -3.281824e-05 1.875197e-01 -9.822608e-01
      outer loop
         vertex 1.815594e+02 1.926103e+02 2.445061e+02
         vertex 1.300466e+02 1.633971e+02 2.389308e+02
         vertex 1.472177e+02 1.926103e+02 2.445072e+02
      endloop
   endfacet
   facet normal 3.242347e-05 -1.875195e-01 9.822609e-01
      outer loop
         vertex 9.889084e+01 1.491081e+02 3.137801e+02
         vertex 1.316405e+02 9.338965e+01 3.031421e+02
         vertex 1.316412e+02 2.048265e+02 3.244160e+02
      endloop
   endfacet
   facet normal 3.282773e-05 -1.875195e-01 9.822609e-01
      outer loop
         vertex 1.316412e+02 2.048265e+02 3.244160e+02
         vertex 1.316405e+02 9.338965e+01 3.031421e+02
         vertex 1.971405e+02 9.338964e+01 3.031399e+02
      endloop
   endfacet
   facet normal 3.284906e-05 -1.875194e-01 9.822609e-01
      outer loop
         vertex 1.316412e+02 2.048265e+02 3.244160e+02
         vertex 1.971405e+02 9.338964e+01 3.031399e+02
         vertex 1.971412e+02 2.048265e+02 3.244139e+02
      endloop
   endfacet
   facet normal 3.284906e-05 -1.875194e-01 9.822609e-01
      outer loop
         vertex 1.971412e+02 2.048265e+02 3.244139e+02
         vertex 1.971405e+02 9.338964e+01 3.031399e+02
         vertex 2.298908e+02 1.491081e+02 3.137758e+02
      endloop
   endfacet
   facet normal -9.207172e-01 -3.796515e-01 -9.024727e-02
      outer loop
         vertex 1.389976e+02 2.221788e+02 2.320373e+02
         vertex 1.486902e+02 1.955006e+02 2.453813e+02
         vertex 1.158183e+02 2.629930e+02 2.968194e+02
      endloop
   endfacet
   facet normal -9.207172e-01 -3.796515e-01 -9.024721e-02
      outer loop
         vertex 1.158183e+02 2.629930e+02 2.968194e+02
         vertex 1.486902e+02 1.955006e+02 2.453813e+02
         vertex 1.343602e+02 2.119579e+02 3.223462e+02
      endloop
   endfacet
   facet normal -5.690333e-01 5.884824e-01 -5.743602e-01
      outer loop
         vertex 1.643718e+02 2.386696e+02 2.237947e+02
         vertex 1.389976e+02 2.221788e+02 2.320373e+02
         vertex 1.643588e+02 2.945397e+02 2.810514e+02
      endloop
   endfacet
   facet normal -5.690331e-01 5.884824e-01 -5.743603e-01
      outer loop
         vertex 1.643588e+02 2.945397e+02 2.810514e+02
         vertex 1.389976e+02 2.221788e+02 2.320373e+02
         vertex 1.158183e+02 2.629930e+02 2.968194e+02
      endloop
   endfacet
   facet normal 5.690927e-01 5.885819e-01 -5.741993e-01
      outer loop
         vertex 1.897465e+02 2.221832e+02 2.320445e+02
         vertex 1.643718e+02 2.386696e+02 2.237947e+02
         vertex 2.129003e+02 2.630015e+02 2.968331e+02
      endloop
   endfacet
   facet normal 5.690927e-01 5.885819e-01 -5.741993e-01
      outer loop
         vertex 2.129003e+02 2.630015e+02 2.968331e+02
         vertex 1.643718e+02 2.386696e+02 2.237947e+02
         vertex 1.643588e+02 2.945397e+02 2.810514e+02
      endloop
   endfacet
   facet normal 9.208090e-01 -3.794905e-01 -8.998696e-02
      outer loop
         vertex 1.800548e+02 1.955033e+02 2.453857e+02
         vertex 1.897465e+02 2.221832e+02 2.320445e+02
         vertex 1.943602e+02 2.119632e+02 3.223547e+02
      endloop
   endfacet
   facet normal 9.208090e-01 -3.794906e-01 -8.998696e-02
      outer loop
         vertex 1.943602e+02 2.119632e+02 3.223547e+02
         vertex 1.897465e+02 2.221832e+02 2.320445e+02
         vertex 2.129003e+02 2.630015e+02 2.968331e+02
      endloop
   endfacet
   facet normal 5.592885e-05 -9.778917e-01 2.091121e-01
      outer loop
         vertex 1.486902e+02 1.955006e+02 2.453813e+02
         vertex 1.800548e+02 1.955033e+02 2.453857e+02
         vertex 1.343602e+02 2.119579e+02 3.223462e+02
      endloop
   endfacet
   facet normal 5.569440e-05 -9.778917e-01 2.091119e-01
      outer loop
         vertex 1.343602e+02 2.119579e+02 3.223462e+02
         vertex 1.800548e+02 1.955033e+02 2.453857e+02
         vertex 1.943602e+02 2.119632e+02 3.223547e+02
      endloop
   endfacet
   facet normal 1.655874e-04 -4.472955e-01 -8.943862e-01
      outer loop
         vertex 1.643718e+02 2.386696e+02 2.237947e+02
         vertex 1.897465e+02 2.221832e+02 2.320445e+02
         vertex 1.389976e+02 2.221788e+02 2.320373e+02
      endloop
   endfacet
   facet normal 1.655874e-04 -4.472957e-01 -8.943861e-01
      outer loop
         vertex 1.389976e+02 2.221788e+02 2.320373e+02
         vertex 1.897465e+02 2.221832e+02 2.320445e+02
         vertex 1.800548e+02 1.955033e+02 2.453857e+02
      endloop
   endfacet
   facet normal 1.655149e-04 -4.472958e-01 -8.943861e-01
      outer loop
         vertex 1.389976e+02 2.221788e+02 2.320373e+02
         vertex 1.800548e+02 1.955033e+02 2.453857e+02
         vertex 1.486902e+02 1.955006e+02 2.453813e+02
      endloop
   endfacet
   facet normal -1.654996e-04 4.472958e-01 8.943861e-01
      outer loop
         vertex 1.643588e+02 2.945397e+02 2.810514e+02
         vertex 1.158183e+02 2.629930e+02 2.968194e+02
         vertex 2.129003e+02 2.630015e+02 2.968331e+02
      endloop
   endfacet
   facet normal -1.654996e-04 4.472958e-01 8.943860e-01
      outer loop
         vertex 2.129003e+02 2.630015e+02 2.968331e+02
         vertex 1.158183e+02 2.629930e+02 2.968194e+02
         vertex 1.343602e+02 2.119579e+02 3.223462e+02
      endloop
   endfacet
   facet normal -1.653797e-04 4.472957e-01 8.943861e-01
      outer loop
         vertex 2.129003e+02 2.630015e+02 2.968331e+02
         vertex 1.343602e+02 2.119579e+02 3.223462e+02
         vertex 1.943602e+02 2.119632e+02 3.223547e+02
      endloop
   endfacet
   facet normal 5.690566e-01 -2.504415e-01 7.832328e-01
      outer loop
         vertex 1.643768e+02 2.602320e+02 1.889082e+02
         vertex 1.897520e+02 2.602372e+02 1.704736e+02
         vertex 1.643685e+02 3.364284e+02 2.132783e+02
      endloop
   endfacet
   facet normal 5.690566e-01 -2.504415e-01 7.832328e-01
      outer loop
         vertex 1.643685e+02 3.364284e+02 2.132783e+02
         vertex 1.897520e+02 2.602372e+02 1.704736e+02
         vertex 2.129109e+02 3.364383e+02 1.780131e+02
      endloop
   endfacet
   facet normal -5.690694e-01 -2.505514e-01 7.831884e-01
      outer loop
         vertex 1.390031e+02 2.602323e+02 1.704716e+02
         vertex 1.643768e+02 2.602320e+02 1.889082e+02
         vertex 1.158288e+02 3.364289e+02 1.780093e+02
      endloop
   endfacet
   facet normal -5.690694e-01 -2.505514e-01 7.831884e-01
      outer loop
         vertex 1.158288e+02 3.364289e+02 1.780093e+02
         vertex 1.643768e+02 2.602320e+02 1.889082e+02
         vertex 1.643685e+02 3.364284e+02 2.132783e+02
      endloop
   endfacet
   facet normal -9.207273e-01 -2.504244e-01 -2.992472e-01
      outer loop
         vertex 1.486964e+02 2.602377e+02 1.406425e+02
         vertex 1.390031e+02 2.602323e+02 1.704716e+02
         vertex 1.343721e+02 3.364392e+02 1.209467e+02
      endloop
   endfacet
   facet normal -9.207272e-01 -2.504244e-01 -2.992473e-01
      outer loop
         vertex 1.343721e+02 3.364392e+02 1.209467e+02
         vertex 1.390031e+02 2.602323e+02 1.704716e+02
         vertex 1.158288e+02 3.364289e+02 1.780093e+02
      endloop
   endfacet
   facet normal 6.196727e-05 -2.502361e-01 -9.681849e-01
      outer loop
         vertex 1.800610e+02 2.602407e+02 1.406438e+02
         vertex 1.486964e+02 2.602377e+02 1.406425e+02
         vertex 1.943721e+02 3.364450e+02 1.209490e+02
      endloop
   endfacet
   facet normal 6.192393e-05 -2.502360e-01 -9.681849e-01
      outer loop
         vertex 1.943721e+02 3.364450e+02 1.209490e+02
         vertex 1.486964e+02 2.602377e+02 1.406425e+02
         vertex 1.343721e+02 3.364392e+02 1.209467e+02
      endloop
   endfacet
   facet normal 9.207990e-01 -2.502466e-01 -2.991752e-01
      outer loop
         vertex 1.897520e+02 2.602372e+02 1.704736e+02
         vertex 1.800610e+02 2.602407e+02 1.406438e+02
         vertex 2.129109e+02 3.364383e+02 1.780131e+02
      endloop
   endfacet
   facet normal 9.207990e-01 -2.502466e-01 -2.991753e-01
      outer loop
         vertex 2.129109e+02 3.364383e+02 1.780131e+02
         vertex 1.800610e+02 2.602407e+02 1.406438e+02
         vertex 1.943721e+02 3.364450e+02 1.209490e+02
      endloop
   endfacet
   facet normal 9.620899e-05 -1.000000e+00 -1.485742e-04
      outer loop
         vertex 1.390031e+02 2.602323e+02 1.704716e+02
         vertex 1.486964e+02 2.602377e+02 1.406425e+02
         vertex 1.643768e+02 2.602320e+02 1.889082e+02
      endloop
   endfacet
   facet normal 9.645023e-05 -1.000000e+00 -1.486526e-04
      outer loop
         vertex 1.643768e+02 2.602320e+02 1.889082e+02
         vertex 1.486964e+02 2.602377e+02 1.406425e+02
         vertex 1.800610e+02 2.602407e+02 1.406438e+02
      endloop
   endfacet
   facet normal 9.710588e-05 -1.000000e+00 -1.484395e-04
      outer loop
         vertex 1.643768e+02 2.602320e+02 1.889082e+02
         vertex 1.800610e+02 2.602407e+02 1.406438e+02
         vertex 1.897520e+02 2.602372e+02 1.704736e+02
      endloop
   endfacet
   facet normal -9.647680e-05 1.000000e+00 1.488330e-04
      outer loop
         vertex 1.158288e+02 3.364289e+02 1.780093e+02
         vertex 1.643685e+02 3.364284e+02 2.132783e+02
         vertex 1.343721e+02 3.364392e+02 1.209467e+02
      endloop
   endfacet
   facet normal -9.684567e-05 1.000000e+00 1.489528e-04
      outer loop
         vertex 1.343721e+02 3.364392e+02 1.209467e+02
         vertex 1.643685e+02 3.364284e+02 2.132783e+02
         vertex 2.129109e+02 3.364383e+02 1.780131e+02
      endloop
   endfacet
   facet normal -9.636663e-05 1.000000e+00 1.482936e-04
      outer loop
         vertex 1.343721e+02 3.364392e+02 1.209467e+02
         vertex 2.129109e+02 3.364383e+02 1.780131e+02
         vertex 1.943721e+02 3.364450e+02 1.209490e+02
      endloop
   endfacet
   facet normal 7.616096e-01 -5.512050e-01 -3.407696e-01
      outer loop
         vertex 2.200253e+02 2.220591e+02 2.096037e+02
         vertex 2.200226e+02 2.401151e+02 1.803917e+02
         vertex 2.724116e+02 2.662398e+02 2.552219e+02
      endloop
   endfacet
   facet normal 7.616096e-01 -5.512051e-01 -3.407695e-01
      outer loop
         vertex 2.724116e+02 2.662398e+02 2.552219e+02
         vertex 2.200226e+02 2.401151e+02 1.803917e+02
         vertex 2.724065e+02 3.006779e+02 1.995060e+02
      endloop
   endfacet
   facet normal 3.213443e-01 -8.374565e-01 4.420457e-01
      outer loop
         vertex 1.922414e+02 2.220523e+02 2.297882e+02
         vertex 2.200253e+02 2.220591e+02 2.096037e+02
         vertex 2.194195e+02 2.662268e+02 2.937198e+02
      endloop
   endfacet
   facet normal 3.213447e-01 -8.374564e-01 4.420457e-01
      outer loop
         vertex 2.194195e+02 2.662268e+02 2.937198e+02
         vertex 2.200253e+02 2.220591e+02 2.096037e+02
         vertex 2.724116e+02 2.662398e+02 2.552219e+02
      endloop
   endfacet
   facet normal -5.593122e-01 -5.515298e-01 6.188577e-01
      outer loop
         vertex 1.644549e+02 2.401014e+02 2.207607e+02
         vertex 1.922414e+02 2.220523e+02 2.297882e+02
         vertex 1.664223e+02 3.006518e+02 2.765017e+02
      endloop
   endfacet
   facet normal -5.593125e-01 -5.515297e-01 6.188574e-01
      outer loop
         vertex 1.664223e+02 3.006518e+02 2.765017e+02
         vertex 1.922414e+02 2.220523e+02 2.297882e+02
         vertex 2.194195e+02 2.662268e+02 2.937198e+02
      endloop
   endfacet
   facet normal -9.997042e-01 2.064827e-02 1.285398e-02
      outer loop
         vertex 1.644522e+02 2.581573e+02 1.915488e+02
         vertex 1.644549e+02 2.401014e+02 2.207607e+02
         vertex 1.664172e+02 3.350899e+02 2.207857e+02
      endloop
   endfacet
   facet normal -9.997042e-01 2.064827e-02 1.285398e-02
      outer loop
         vertex 1.664172e+02 3.350899e+02 2.207857e+02
         vertex 1.644549e+02 2.401014e+02 2.207607e+02
         vertex 1.664223e+02 3.006518e+02 2.765017e+02
      endloop
   endfacet
   facet normal -5.594391e-01 3.068997e-01 -7.699614e-01
      outer loop
         vertex 1.922361e+02 2.581642e+02 1.713643e+02
         vertex 1.644522e+02 2.581573e+02 1.915488e+02
         vertex 2.194093e+02 3.351029e+02 1.822878e+02
      endloop
   endfacet
   facet normal -5.594391e-01 3.068997e-01 -7.699614e-01
      outer loop
         vertex 2.194093e+02 3.351029e+02 1.822878e+02
         vertex 1.644522e+02 2.581573e+02 1.915488e+02
         vertex 1.664172e+02 3.350899e+02 2.207857e+02
      endloop
   endfacet
   facet normal 3.212178e-01 2.097301e-02 -9.467731e-01
      outer loop
         vertex 2.200226e+02 2.401151e+02 1.803917e+02
         vertex 1.922361e+02 2.581642e+02 1.713643e+02
         vertex 2.724065e+02 3.006779e+02 1.995060e+02
      endloop
   endfacet
   facet normal 3.212177e-01 2.097303e-02 -9.467731e-01
      outer loop
         vertex 2.724065e+02 3.006779e+02 1.995060e+02
         vertex 1.922361e+02 2.581642e+02 1.713643e+02
         vertex 2.194093e+02 3.351029e+02 1.822878e+02
      endloop
   endfacet
   facet normal -3.566354e-01 -7.947061e-01 -4.911756e-01
      outer loop
         vertex 2.200253e+02 2.220591e+02 2.096037e+02
         vertex 1.922414e+02 2.220523e+02 2.297882e+02
         vertex 2.200226e+02 2.401151e+02 1.803917e+02
      endloop
   endfacet
   facet normal -3.566351e-01 -7.947062e-01 -4.911755e-01
      outer loop
         vertex 2.200226e+02 2.401151e+02 1.803917e+02
         vertex 1.922414e+02 2.220523e+02 2.297882e+02
         vertex 1.644549e+02 2.401014e+02 2.207607e+02
      endloop
   endfacet
   facet normal -3.566351e-01 -7.947062e-01 -4.911755e-01
      outer loop
         vertex 2.200226e+02 2.401151e+02 1.803917e+02
         vertex 1.644549e+02 2.401014e+02 2.207607e+02
         vertex 1.922361e+02 2.581642e+02 1.713643e+02
      endloop
   endfacet
   facet normal -3.566354e-01 -7.947061e-01 -4.911756e-01
      outer loop
         vertex 1.922361e+02 2.581642e+02 1.713643e+02
         vertex 1.644549e+02 2.401014e+02 2.207607e+02
         vertex 1.644522e+02 2.581573e+02 1.915488e+02
      endloop
   endfacet
   facet normal 3.566352e-01 7.947063e-01 4.911754e-01
      outer loop
         vertex 2.194093e+02 3.351029e+02 1.822878e+02
         vertex 1.664172e+02 3.350899e+02 2.207857e+02
         vertex 2.724065e+02 3.006779e+02 1.995060e+02
      endloop
   endfacet
   facet normal 3.566352e-01 7.947063e-01 4.911754e-01
      outer loop
         vertex 2.724065e+02 3.006779e+02 1.995060e+02
         vertex 1.664172e+02 3.350899e+02 2.207857e+02
         vertex 1.664223e+02 3.006518e+02 2.765017e+02
      endloop
   endfacet
   facet normal 3.566353e-01 7.947061e-01 4.911756e-01
      outer loop
         vertex 2.724065e+02 3.006779e+02 1.995060e+02
         vertex 1.664223e+02 3.006518e+02 2.765017e+02
         vertex 2.724116e+02 2.662398e+02 2.552219e+02
      endloop
   endfacet
   facet normal 3.566353e-01 7.947061e-01 4.911757e-01
      outer loop
         vertex 2.724116e+02 2.662398e+02 2.552219e+02
         vertex 1.664223e+02 3.006518e+02 2.765017e+02
         vertex 2.194195e+02 2.662268e+02 2.937198e+02
      endloop
   endfacet
   facet normal -8.862616e-02 -5.512143e-01 -8.296434e-01
      outer loop
         vertex 2.266388e+02 2.220725e+02 1.239436e+02
         vertex 1.988520e+02 2.401228e+02 1.149193e+02
         vertex 2.862034e+02 2.662660e+02 8.821855e+01
      endloop
   endfacet
   facet normal -8.862615e-02 -5.512144e-01 -8.296434e-01
      outer loop
         vertex 2.862034e+02 2.662660e+02 8.821855e+01
         vertex 1.988520e+02 2.401228e+02 1.149193e+02
         vertex 2.332056e+02 3.006932e+02 7.100659e+01
      endloop
   endfacet
   facet normal 5.198858e-01 -8.373463e-01 -1.690263e-01
      outer loop
         vertex 2.372497e+02 2.220675e+02 1.566050e+02
         vertex 2.266388e+02 2.220725e+02 1.239436e+02
         vertex 3.064415e+02 2.662565e+02 1.505135e+02
      endloop
   endfacet
   facet normal 5.198858e-01 -8.373464e-01 -1.690262e-01
      outer loop
         vertex 3.064415e+02 2.662565e+02 1.505135e+02
         vertex 2.266388e+02 2.220725e+02 1.239436e+02
         vertex 2.862034e+02 2.662660e+02 8.821855e+01
      endloop
   endfacet
   facet normal 4.158462e-01 -5.514510e-01 7.231692e-01
      outer loop
         vertex 2.200738e+02 2.401128e+02 1.802421e+02
         vertex 2.372497e+02 2.220675e+02 1.566050e+02
         vertex 2.736820e+02 3.006742e+02 1.955966e+02
      endloop
   endfacet
   facet normal 4.158463e-01 -5.514510e-01 7.231692e-01
      outer loop
         vertex 2.736820e+02 3.006742e+02 1.955966e+02
         vertex 2.372497e+02 2.220675e+02 1.566050e+02
         vertex 3.064415e+02 2.662565e+02 1.505135e+02
      endloop
   endfacet
   facet normal -2.967050e-01 2.057616e-02 9.547475e-01
      outer loop
         vertex 1.922870e+02 2.581630e+02 1.712178e+02
         vertex 2.200738e+02 2.401128e+02 1.802421e+02
         vertex 2.206842e+02 3.351014e+02 1.783846e+02
      endloop
   endfacet
   facet normal -2.967050e-01 2.057616e-02 9.547475e-01
      outer loop
         vertex 2.206842e+02 3.351014e+02 1.783846e+02
         vertex 2.200738e+02 2.401128e+02 1.802421e+02
         vertex 2.736820e+02 3.006742e+02 1.955966e+02
      endloop
   endfacet
   facet normal -9.052168e-01 3.067081e-01 2.941304e-01
      outer loop
         vertex 1.816761e+02 2.581680e+02 1.385564e+02
         vertex 1.922870e+02 2.581630e+02 1.712178e+02
         vertex 2.004460e+02 3.351109e+02 1.160896e+02
      endloop
   endfacet
   facet normal -9.052168e-01 3.067080e-01 2.941303e-01
      outer loop
         vertex 2.004460e+02 3.351109e+02 1.160896e+02
         vertex 1.922870e+02 2.581630e+02 1.712178e+02
         vertex 2.206842e+02 3.351014e+02 1.783846e+02
      endloop
   endfacet
   facet normal -8.011773e-01 2.081282e-02 -5.980650e-01
      outer loop
         vertex 1.988520e+02 2.401228e+02 1.149193e+02
         vertex 1.816761e+02 2.581680e+02 1.385564e+02
         vertex 2.332056e+02 3.006932e+02 7.100659e+01
      endloop
   endfacet
   facet normal -8.011773e-01 2.081273e-02 -5.980650e-01
      outer loop
         vertex 2.332056e+02 3.006932e+02 7.100659e+01
         vertex 1.816761e+02 2.581680e+02 1.385564e+02
         vertex 2.004460e+02 3.351109e+02 1.160896e+02
      endloop
   endfacet
   facet normal -5.771769e-01 -7.948281e-01 1.873901e-01
      outer loop
         vertex 2.372497e+02 2.220675e+02 1.566050e+02
         vertex 2.200738e+02 2.401128e+02 1.802421e+02
         vertex 2.266388e+02 2.220725e+02 1.239436e+02
      endloop
   endfacet
   facet normal -5.771765e-01 -7.948284e-01 1.873902e-01
      outer loop
         vertex 2.266388e+02 2.220725e+02 1.239436e+02
         vertex 2.200738e+02 2.401128e+02 1.802421e+02
         vertex 1.922870e+02 2.581630e+02 1.712178e+02
      endloop
   endfacet
   facet normal -5.771768e-01 -7.948282e-01 1.873899e-01
      outer loop
         vertex 2.266388e+02 2.220725e+02 1.239436e+02
         vertex 1.922870e+02 2.581630e+02 1.712178e+02
         vertex 1.988520e+02 2.401228e+02 1.149193e+02
      endloop
   endfacet
   facet normal -5.771766e-01 -7.948284e-01 1.873900e-01
      outer loop
         vertex 1.988520e+02 2.401228e+02 1.149193e+02
         vertex 1.922870e+02 2.581630e+02 1.712178e+02
         vertex 1.816761e+02 2.581680e+02 1.385564e+02
      endloop
   endfacet
   facet normal 5.771764e-01 7.948285e-01 -1.873901e-01
      outer loop
         vertex 2.004460e+02 3.351109e+02 1.160896e+02
         vertex 2.206842e+02 3.351014e+02 1.783846e+02
         vertex 2.332056e+02 3.006932e+02 7.100659e+01
      endloop
   endfacet
   facet normal 5.771767e-01 7.948283e-01 -1.873900e-01
      outer loop
         vertex 2.332056e+02 3.006932e+02 7.100659e+01
         vertex 2.206842e+02 3.351014e+02 1.783846e+02
         vertex 2.736820e+02 3.006742e+02 1.955966e+02
      endloop
   endfacet
   facet normal 5.771767e-01 7.948283e-01 -1.873901e-01
      outer loop
         vertex 2.332056e+02 3.006932e+02 7.100659e+01
         vertex 2.736820e+02 3.006742e+02 1.955966e+02
         vertex 2.862034e+02 2.662660e+02 8.821855e+01
      endloop
   endfacet
   facet normal 5.771768e-01 7.948282e-01 -1.873900e-01
      outer loop
         vertex 2.862034e+02 2.662660e+02 8.821855e+01
         vertex 2.736820e+02 3.006742e+02 1.955966e+02
         vertex 3.064415e+02 2.662565e+02 1.505135e+02
      endloop
   endfacet
   facet normal -8.163100e-01 -5.513824e-01 -1.720915e-01
      outer loop
         vertex 1.472149e+02 2.220697e+02 9.118332e+01
         vertex 1.300420e+02 2.401161e+02 1.148217e+02
         vertex 1.316356e+02 2.662607e+02 2.349490e+01
      endloop
   endfacet
   facet normal -8.163099e-01 -5.513825e-01 -1.720915e-01
      outer loop
         vertex 1.316356e+02 2.662607e+02 2.349490e+01
         vertex 1.300420e+02 2.401161e+02 1.148217e+02
         vertex 9.888168e+01 3.006806e+02 6.858036e+01
      endloop
   endfacet
   facet normal 7.439486e-05 -8.373404e-01 -5.466818e-01
      outer loop
         vertex 1.815566e+02 2.220719e+02 9.118466e+01
         vertex 1.472149e+02 2.220697e+02 9.118332e+01
         vertex 1.971356e+02 2.662648e+02 2.349746e+01
      endloop
   endfacet
   facet normal 7.434881e-05 -8.373404e-01 -5.466819e-01
      outer loop
         vertex 1.971356e+02 2.662648e+02 2.349746e+01
         vertex 1.472149e+02 2.220697e+02 9.118332e+01
         vertex 1.316356e+02 2.662607e+02 2.349490e+01
      endloop
   endfacet
   facet normal 8.163931e-01 -5.512792e-01 -1.720278e-01
      outer loop
         vertex 1.987255e+02 2.401205e+02 1.148244e+02
         vertex 1.815566e+02 2.220719e+02 9.118466e+01
         vertex 2.298817e+02 3.006889e+02 6.858548e+01
      endloop
   endfacet
   facet normal 8.163931e-01 -5.512792e-01 -1.720277e-01
      outer loop
         vertex 2.298817e+02 3.006889e+02 6.858548e+01
         vertex 1.815566e+02 2.220719e+02 9.118466e+01
         vertex 1.971356e+02 2.662648e+02 2.349746e+01
      endloop
   endfacet
   facet normal 8.163276e-01 2.073979e-02 5.772167e-01
      outer loop
         vertex 1.815525e+02 2.581669e+02 1.384628e+02
         vertex 1.987255e+02 2.401205e+02 1.148244e+02
         vertex 1.971277e+02 3.351088e+02 1.136709e+02
      endloop
   endfacet
   facet normal 8.163276e-01 2.073979e-02 5.772167e-01
      outer loop
         vertex 1.971277e+02 3.351088e+02 1.136709e+02
         vertex 1.987255e+02 2.401205e+02 1.148244e+02
         vertex 2.298817e+02 3.006889e+02 6.858548e+01
      endloop
   endfacet
   facet normal -5.646610e-05 3.066978e-01 9.518069e-01
      outer loop
         vertex 1.472108e+02 2.581647e+02 1.384614e+02
         vertex 1.815525e+02 2.581669e+02 1.384628e+02
         vertex 1.316277e+02 3.351046e+02 1.136684e+02
      endloop
   endfacet
   facet normal -5.658683e-05 3.066977e-01 9.518070e-01
      outer loop
         vertex 1.316277e+02 3.351046e+02 1.136684e+02
         vertex 1.815525e+02 2.581669e+02 1.384628e+02
         vertex 1.971277e+02 3.351088e+02 1.136709e+02
      endloop
   endfacet
   facet normal -8.163753e-01 2.063659e-02 5.771529e-01
      outer loop
         vertex 1.300420e+02 2.401161e+02 1.148217e+02
         vertex 1.472108e+02 2.581647e+02 1.384614e+02
         vertex 9.888168e+01 3.006806e+02 6.858036e+01
      endloop
   endfacet
   facet normal -8.163753e-01 2.063661e-02 5.771529e-01
      outer loop
         vertex 9.888168e+01 3.006806e+02 6.858036e+01
         vertex 1.472108e+02 2.581647e+02 1.384614e+02
         vertex 1.316277e+02 3.351046e+02 1.136684e+02
      endloop
   endfacet
   facet normal 2.665566e-05 -7.948350e-01 6.068257e-01
      outer loop
         vertex 1.987255e+02 2.401205e+02 1.148244e+02
         vertex 1.815525e+02 2.581669e+02 1.384628e+02
         vertex 1.815566e+02 2.220719e+02 9.118466e+01
      endloop
   endfacet
   facet normal 2.631078e-05 -7.948350e-01 6.068257e-01
      outer loop
         vertex 1.815566e+02 2.220719e+02 9.118466e+01
         vertex 1.815525e+02 2.581669e+02 1.384628e+02
         vertex 1.472108e+02 2.581647e+02 1.384614e+02
      endloop
   endfacet
   facet normal 2.665565e-05 -7.948348e-01 6.068258e-01
      outer loop
         vertex 1.815566e+02 2.220719e+02 9.118466e+01
         vertex 1.472108e+02 2.581647e+02 1.384614e+02
         vertex 1.472149e+02 2.220697e+02 9.118332e+01
      endloop
   endfacet
   facet normal 2.631076e-05 -7.948348e-01 6.068258e-01
      outer loop
         vertex 1.472149e+02 2.220697e+02 9.118332e+01
         vertex 1.472108e+02 2.581647e+02 1.384614e+02
         vertex 1.300420e+02 2.401161e+02 1.148217e+02
      endloop
   endfacet
   facet normal -2.655862e-05 7.948351e-01 -6.068255e-01
      outer loop
         vertex 1.316277e+02 3.351046e+02 1.136684e+02
         vertex 1.971277e+02 3.351088e+02 1.136709e+02
         vertex 9.888168e+01 3.006806e+02 6.858036e+01
      endloop
   endfacet
   facet normal -2.655862e-05 7.948351e-01 -6.068255e-01
      outer loop
         vertex 9.888168e+01 3.006806e+02 6.858036e+01
         vertex 1.971277e+02 3.351088e+02 1.136709e+02
         vertex 2.298817e+02 3.006889e+02 6.858548e+01
      endloop
   endfacet
   facet normal -2.655858e-05 7.948348e-01 -6.068259e-01
      outer loop
         vertex 9.888168e+01 3.006806e+02 6.858036e+01
         vertex 2.298817e+02 3.006889e+02 6.858548e+01
         vertex 1.316356e+02 2.662607e+02 2.349490e+01
      endloop
   endfacet
   facet normal -2.652407e-05 7.948348e-01 -6.068259e-01
      outer loop
         vertex 1.316356e+02 2.662607e+02 2.349490e+01
         vertex 2.298817e+02 3.006889e+02 6.858548e+01
         vertex 1.971356e+02 2.662648e+02 2.349746e+01
      endloop
   endfacet
   facet normal -4.158076e-01 -5.514769e-01 7.231716e-01
      outer loop
         vertex 9.151468e+01 2.220546e+02 1.565965e+02
         vertex 1.086856e+02 2.401043e+02 1.802338e+02
         vertex 2.231571e+01 2.662312e+02 1.504968e+02
      endloop
   endfacet
   facet normal -4.158076e-01 -5.514769e-01 7.231716e-01
      outer loop
         vertex 2.231571e+01 2.662312e+02 1.504968e+02
         vertex 1.086856e+02 2.401043e+02 1.802338e+02
         vertex 5.506584e+01 3.006575e+02 1.955802e+02
      endloop
   endfacet
   facet normal -5.197281e-01 -8.374468e-01 -1.690135e-01
      outer loop
         vertex 1.021281e+02 2.220593e+02 1.239359e+02
         vertex 9.151468e+01 2.220546e+02 1.565965e+02
         vertex 4.255875e+01 2.662402e+02 8.820344e+01
      endloop
   endfacet
   facet normal -5.197280e-01 -8.374468e-01 -1.690137e-01
      outer loop
         vertex 4.255875e+01 2.662402e+02 8.820344e+01
         vertex 9.151468e+01 2.220546e+02 1.565965e+02
         vertex 2.231571e+01 2.662312e+02 1.504968e+02
      endloop
   endfacet
   facet normal 8.878606e-02 -5.512518e-01 -8.296014e-01
      outer loop
         vertex 1.299125e+02 2.401138e+02 1.149127e+02
         vertex 1.021281e+02 2.220593e+02 1.239359e+02
         vertex 9.555194e+01 3.006755e+02 7.099342e+01
      endloop
   endfacet
   facet normal 8.878600e-02 -5.512518e-01 -8.296014e-01
      outer loop
         vertex 9.555194e+01 3.006755e+02 7.099342e+01
         vertex 1.021281e+02 2.220593e+02 1.239359e+02
         vertex 4.255875e+01 2.662402e+02 8.820344e+01
      endloop
   endfacet
   facet normal 8.012205e-01 2.091307e-02 -5.980037e-01
      outer loop
         vertex 1.470835e+02 2.581635e+02 1.385500e+02
         vertex 1.299125e+02 2.401138e+02 1.149127e+02
         vertex 1.283021e+02 3.351018e+02 1.160768e+02
      endloop
   endfacet
   facet normal 8.012205e-01 2.091307e-02 -5.980037e-01
      outer loop
         vertex 1.283021e+02 3.351018e+02 1.160768e+02
         vertex 1.299125e+02 2.401138e+02 1.149127e+02
         vertex 9.555194e+01 3.006755e+02 7.099342e+01
      endloop
   endfacet
   facet normal 9.051409e-01 3.068829e-01 2.941818e-01
      outer loop
         vertex 1.364700e+02 2.581588e+02 1.712105e+02
         vertex 1.470835e+02 2.581635e+02 1.385500e+02
         vertex 1.080590e+02 3.350927e+02 1.783702e+02
      endloop
   endfacet
   facet normal 9.051409e-01 3.068830e-01 2.941817e-01
      outer loop
         vertex 1.080590e+02 3.350927e+02 1.783702e+02
         vertex 1.470835e+02 2.581635e+02 1.385500e+02
         vertex 1.283021e+02 3.351018e+02 1.160768e+02
      endloop
   endfacet
   facet normal 2.966269e-01 2.068801e-02 9.547694e-01
      outer loop
         vertex 1.086856e+02 2.401043e+02 1.802338e+02
         vertex 1.364700e+02 2.581588e+02 1.712105e+02
         vertex 5.506584e+01 3.006575e+02 1.955802e+02
      endloop
   endfacet
   facet normal 2.966268e-01 2.068796e-02 9.547694e-01
      outer loop
         vertex 5.506584e+01 3.006575e+02 1.955802e+02
         vertex 1.364700e+02 2.581588e+02 1.712105e+02
         vertex 1.080590e+02 3.350927e+02 1.783702e+02
      endloop
   endfacet
   facet normal 5.772992e-01 -7.947168e-01 1.874856e-01
      outer loop
         vertex 1.299125e+02 2.401138e+02 1.149127e+02
         vertex 1.470835e+02 2.581635e+02 1.385500e+02
         vertex 1.021281e+02 2.220593e+02 1.239359e+02
      endloop
   endfacet
   facet normal 5.772992e-01 -7.947168e-01 1.874856e-01
      outer loop
         vertex 1.021281e+02 2.220593e+02 1.239359e+02
         vertex 1.470835e+02 2.581635e+02 1.385500e+02
         vertex 1.364700e+02 2.581588e+02 1.712105e+02
      endloop
   endfacet
   facet normal 5.772990e-01 -7.947169e-01 1.874859e-01
      outer loop
         vertex 1.021281e+02 2.220593e+02 1.239359e+02
         vertex 1.364700e+02 2.581588e+02 1.712105e+02
         vertex 9.151468e+01 2.220546e+02 1.565965e+02
      endloop
   endfacet
   facet normal 5.772990e-01 -7.947169e-01 1.874858e-01
      outer loop
         vertex 9.151468e+01 2.220546e+02 1.565965e+02
         vertex 1.364700e+02 2.581588e+02 1.712105e+02
         vertex 1.086856e+02 2.401043e+02 1.802338e+02
      endloop
   endfacet
   facet normal -5.772991e-01 7.947168e-01 -1.874856e-01
      outer loop
         vertex 1.080590e+02 3.350927e+02 1.783702e+02
         vertex 1.283021e+02 3.351018e+02 1.160768e+02
         vertex 5.506584e+01 3.006575e+02 1.955802e+02
      endloop
   endfacet
   facet normal -5.772992e-01 7.947168e-01 -1.874856e-01
      outer loop
         vertex 5.506584e+01 3.006575e+02 1.955802e+02
         vertex 1.283021e+02 3.351018e+02 1.160768e+02
         vertex 9.555194e+01 3.006755e+02 7.099342e+01
      endloop
   endfacet
   facet normal -5.772992e-01 7.947168e-01 -1.874856e-01
      outer loop
         vertex 5.506584e+01 3.006575e+02 1.955802e+02
         vertex 9.555194e+01 3.006755e+02 7.099342e+01
         vertex 2.231571e+01 2.662312e+02 1.504968e+02
      endloop
   endfacet
   facet normal -5.772991e-01 7.947169e-01 -1.874855e-01
      outer loop
         vertex 2.231571e+01 2.662312e+02 1.504968e+02
         vertex 9.555194e+01 3.006755e+02 7.099342e+01
         vertex 4.255875e+01 2.662402e+02 8.820344e+01
      endloop
   endfacet
   facet normal 5.689969e-01 5.885338e-01 -5.743435e-01
      outer loop
         vertex 1.897700e+02 2.221794e+02 2.320384e+02
         vertex 1.643947e+02 2.386685e+02 2.237958e+02
         vertex 2.129456e+02 2.629942e+02 2.968214e+02
      endloop
   endfacet
   facet normal 5.689969e-01 5.885338e-01 -5.743435e-01
      outer loop
         vertex 2.129456e+02 2.629942e+02 2.968214e+02
         vertex 1.643947e+02 2.386685e+02 2.237958e+02
         vertex 1.644030e+02 2.945376e+02 2.810534e+02
      endloop
   endfacet
   facet normal 9.207458e-01 -3.795832e-01 -9.024345e-02
      outer loop
         vertex 1.800791e+02 1.955003e+02 2.453818e+02
         vertex 1.897700e+02 2.221794e+02 2.320384e+02
         vertex 1.944071e+02 2.119573e+02 3.223471e+02
      endloop
   endfacet
   facet normal 9.207457e-01 -3.795832e-01 -9.024345e-02
      outer loop
         vertex 1.944071e+02 2.119573e+02 3.223471e+02
         vertex 1.897700e+02 2.221794e+02 2.320384e+02
         vertex 2.129456e+02 2.629942e+02 2.968214e+02
      endloop
   endfacet
   facet normal 1.276709e-05 -9.778954e-01 2.090948e-01
      outer loop
         vertex 1.487146e+02 1.955008e+02 2.453858e+02
         vertex 1.800791e+02 1.955003e+02 2.453818e+02
         vertex 1.344071e+02 2.119582e+02 3.223549e+02
      endloop
   endfacet
   facet normal 1.258721e-05 -9.778954e-01 2.090947e-01
      outer loop
         vertex 1.344071e+02 2.119582e+02 3.223549e+02
         vertex 1.800791e+02 1.955003e+02 2.453818e+02
         vertex 1.944071e+02 2.119573e+02 3.223471e+02
      endloop
   endfacet
   facet normal -9.207805e-01 -3.795556e-01 -9.000419e-02
      outer loop
         vertex 1.390211e+02 2.221802e+02 2.320450e+02
         vertex 1.487146e+02 1.955008e+02 2.453858e+02
         vertex 1.158635e+02 2.629956e+02 2.968340e+02
      endloop
   endfacet
   facet normal -9.207805e-01 -3.795557e-01 -9.000410e-02
      outer loop
         vertex 1.158635e+02 2.629956e+02 2.968340e+02
         vertex 1.487146e+02 1.955008e+02 2.453858e+02
         vertex 1.344071e+02 2.119582e+02 3.223549e+02
      endloop
   endfacet
   facet normal -5.691285e-01 5.885508e-01 -5.741956e-01
      outer loop
         vertex 1.643947e+02 2.386685e+02 2.237958e+02
         vertex 1.390211e+02 2.221802e+02 2.320450e+02
         vertex 1.644030e+02 2.945376e+02 2.810534e+02
      endloop
   endfacet
   facet normal -5.691287e-01 5.885508e-01 -5.741955e-01
      outer loop
         vertex 1.644030e+02 2.945376e+02 2.810534e+02
         vertex 1.390211e+02 2.221802e+02 2.320450e+02
         vertex 1.158635e+02 2.629956e+02 2.968340e+02
      endloop
   endfacet
   facet normal -1.228039e-04 -4.472800e-01 -8.943940e-01
      outer loop
         vertex 1.800791e+02 1.955003e+02 2.453818e+02
         vertex 1.487146e+02 1.955008e+02 2.453858e+02
         vertex 1.897700e+02 2.221794e+02 2.320384e+02
      endloop
   endfacet
   facet normal -1.229059e-04 -4.472799e-01 -8.943940e-01
      outer loop
         vertex 1.897700e+02 2.221794e+02 2.320384e+02
         vertex 1.487146e+02 1.955008e+02 2.453858e+02
         vertex 1.390211e+02 2.221802e+02 2.320450e+02
      endloop
   endfacet
   facet normal -1.229058e-04 -4.472804e-01 -8.943938e-01
      outer loop
         vertex 1.897700e+02 2.221794e+02 2.320384e+02
         vertex 1.390211e+02 2.221802e+02 2.320450e+02
         vertex 1.643947e+02 2.386685e+02 2.237958e+02
      endloop
   endfacet
   facet normal 1.230917e-04 4.472801e-01 8.943939e-01
      outer loop
         vertex 1.158635e+02 2.629956e+02 2.968340e+02
         vertex 1.344071e+02 2.119582e+02 3.223549e+02
         vertex 1.644030e+02 2.945376e+02 2.810534e+02
      endloop
   endfacet
   facet normal 1.228364e-04 4.472802e-01 8.943939e-01
      outer loop
         vertex 1.644030e+02 2.945376e+02 2.810534e+02
         vertex 1.344071e+02 2.119582e+02 3.223549e+02
         vertex 1.944071e+02 2.119573e+02 3.223471e+02
      endloop
   endfacet
   facet normal 1.228425e-04 4.472802e-01 8.943939e-01
      outer loop
         vertex 1.644030e+02 2.945376e+02 2.810534e+02
         vertex 1.944071e+02 2.119573e+02 3.223471e+02
         vertex 2.129456e+02 2.629942e+02 2.968214e+02
      endloop
   endfacet
   facet normal -7.221217e-01 5.884475e-01 3.636892e-01
      outer loop
         vertex 2.229410e+02 2.386805e+02 1.812405e+02
         vertex 2.229446e+02 2.221942e+02 2.079226e+02
         vertex 2.773861e+02 2.945607e+02 1.989300e+02
      endloop
   endfacet
   facet normal -7.221217e-01 5.884475e-01 3.636891e-01
      outer loop
         vertex 2.773861e+02 2.945607e+02 1.989300e+02
         vertex 2.229446e+02 2.221942e+02 2.079226e+02
         vertex 2.773931e+02 2.630225e+02 2.499725e+02
      endloop
   endfacet
   facet normal -3.704054e-01 5.884133e-01 -7.187278e-01
      outer loop
         vertex 2.386276e+02 2.221926e+02 1.596578e+02
         vertex 2.229410e+02 2.386805e+02 1.812405e+02
         vertex 3.073945e+02 2.630196e+02 1.576425e+02
      endloop
   endfacet
   facet normal -3.704054e-01 5.884135e-01 -7.187276e-01
      outer loop
         vertex 3.073945e+02 2.630196e+02 1.576425e+02
         vertex 2.229410e+02 2.386805e+02 1.812405e+02
         vertex 2.773861e+02 2.945607e+02 1.989300e+02
      endloop
   endfacet
   facet normal 1.988989e-01 -3.796145e-01 -9.035110e-01
      outer loop
         vertex 2.483262e+02 1.955162e+02 1.730011e+02
         vertex 2.386276e+02 2.221926e+02 1.596578e+02
         vertex 3.259477e+02 2.119880e+02 1.831680e+02
      endloop
   endfacet
   facet normal 1.988989e-01 -3.796145e-01 -9.035110e-01
      outer loop
         vertex 3.259477e+02 2.119880e+02 1.831680e+02
         vertex 2.386276e+02 2.221926e+02 1.596578e+02
         vertex 3.073945e+02 2.630196e+02 1.576425e+02
      endloop
   endfacet
   facet normal 1.990319e-01 -9.778547e-01 6.470344e-02
      outer loop
         vertex 2.386336e+02 1.955172e+02 2.028304e+02
         vertex 2.483262e+02 1.955162e+02 1.730011e+02
         vertex 3.074058e+02 2.119898e+02 2.402311e+02
      endloop
   endfacet
   facet normal 1.990320e-01 -9.778547e-01 6.470334e-02
      outer loop
         vertex 3.074058e+02 2.119898e+02 2.402311e+02
         vertex 2.483262e+02 1.955162e+02 1.730011e+02
         vertex 3.259477e+02 2.119880e+02 1.831680e+02
      endloop
   endfacet
   facet normal -3.701902e-01 -3.795595e-01 8.478761e-01
      outer loop
         vertex 2.229446e+02 2.221942e+02 2.079226e+02
         vertex 2.386336e+02 1.955172e+02 2.028304e+02
         vertex 2.773931e+02 2.630225e+02 2.499725e+02
      endloop
   endfacet
   facet normal -3.701902e-01 -3.795595e-01 8.478761e-01
      outer loop
         vertex 2.773931e+02 2.630225e+02 2.499725e+02
         vertex 2.386336e+02 1.955172e+02 2.028304e+02
         vertex 3.074058e+02 2.119898e+02 2.402311e+02
      endloop
   endfacet
   facet normal -8.505365e-01 -4.474540e-01 -2.763560e-01
      outer loop
         vertex 2.386276e+02 2.221926e+02 1.596578e+02
         vertex 2.483262e+02 1.955162e+02 1.730011e+02
         vertex 2.229410e+02 2.386805e+02 1.812405e+02
      endloop
   endfacet
   facet normal -8.505365e-01 -4.474540e-01 -2.763560e-01
      outer loop
         vertex 2.229410e+02 2.386805e+02 1.812405e+02
         vertex 2.483262e+02 1.955162e+02 1.730011e+02
         vertex 2.386336e+02 1.955172e+02 2.028304e+02
      endloop
   endfacet
   facet normal -8.505364e-01 -4.474540e-01 -2.763561e-01
      outer loop
         vertex 2.229410e+02 2.386805e+02 1.812405e+02
         vertex 2.386336e+02 1.955172e+02 2.028304e+02
         vertex 2.229446e+02 2.221942e+02 2.079226e+02
      endloop
   endfacet
   facet normal 8.505364e-01 4.474540e-01 2.763561e-01
      outer loop
         vertex 3.074058e+02 2.119898e+02 2.402311e+02
         vertex 3.259477e+02 2.119880e+02 1.831680e+02
         vertex 2.773931e+02 2.630225e+02 2.499725e+02
      endloop
   endfacet
   facet normal 8.505364e-01 4.474540e-01 2.763561e-01
      outer loop
         vertex 2.773931e+02 2.630225e+02 2.499725e+02
         vertex 3.259477e+02 2.119880e+02 1.831680e+02
         vertex 3.073945e+02 2.630196e+02 1.576425e+02
      endloop
   endfacet
   facet normal 8.505363e-01 4.474543e-01 2.763560e-01
      outer loop
         vertex 2.773931e+02 2.630225e+02 2.499725e+02
         vertex 3.073945e+02 2.630196e+02 1.576425e+02
         vertex 2.773861e+02 2.945607e+02 1.989300e+02
      endloop
   endfacet
   facet normal 3.702438e-01 -3.796241e-01 8.478237e-01
      outer loop
         vertex 9.013554e+01 1.955011e+02 2.028328e+02
         vertex 1.058207e+02 2.221796e+02 2.079287e+02
         vertex 2.136092e+01 2.119588e+02 2.402358e+02
      endloop
   endfacet
   facet normal 3.702438e-01 -3.796239e-01 8.478238e-01
      outer loop
         vertex 2.136092e+01 2.119588e+02 2.402358e+02
         vertex 1.058207e+02 2.221796e+02 2.079287e+02
         vertex 5.136643e+01 2.629945e+02 2.499842e+02
      endloop
   endfacet
   facet normal -1.988938e-01 -9.778917e-01 6.456869e-02
      outer loop
         vertex 8.044291e+01 1.955029e+02 1.730035e+02
         vertex 9.013554e+01 1.955011e+02 2.028328e+02
         vertex 2.819046e+00 2.119623e+02 1.831727e+02
      endloop
   endfacet
   facet normal -1.988938e-01 -9.778917e-01 6.456854e-02
      outer loop
         vertex 2.819046e+00 2.119623e+02 1.831727e+02
         vertex 9.013554e+01 1.955011e+02 2.028328e+02
         vertex 2.136092e+01 2.119588e+02 2.402358e+02
      endloop
   endfacet
   facet normal -1.988452e-01 -3.795181e-01 -9.035633e-01
      outer loop
         vertex 9.013770e+01 2.221825e+02 1.596639e+02
         vertex 8.044291e+01 1.955029e+02 1.730035e+02
         vertex 2.136505e+01 2.630000e+02 1.576542e+02
      endloop
   endfacet
   facet normal -1.988453e-01 -3.795182e-01 -9.035632e-01
      outer loop
         vertex 2.136505e+01 2.630000e+02 1.576542e+02
         vertex 8.044291e+01 1.955029e+02 1.730035e+02
         vertex 2.819046e+00 2.119623e+02 1.831727e+02
      endloop
   endfacet
   facet normal 3.703221e-01 5.885648e-01 -7.186466e-01
      outer loop
         vertex 1.058220e+02 2.386696e+02 1.812489e+02
         vertex 9.013770e+01 2.221825e+02 1.596639e+02
         vertex 5.136898e+01 2.945397e+02 1.989460e+02
      endloop
   endfacet
   facet normal 3.703222e-01 5.885649e-01 -7.186465e-01
      outer loop
         vertex 5.136898e+01 2.945397e+02 1.989460e+02
         vertex 9.013770e+01 2.221825e+02 1.596639e+02
         vertex 2.136505e+01 2.630000e+02 1.576542e+02
      endloop
   endfacet
   facet normal 7.220387e-01 5.884992e-01 3.637703e-01
      outer loop
         vertex 1.058207e+02 2.221796e+02 2.079287e+02
         vertex 1.058220e+02 2.386696e+02 1.812489e+02
         vertex 5.136643e+01 2.629945e+02 2.499842e+02
      endloop
   endfacet
   facet normal 7.220386e-01 5.884995e-01 3.637701e-01
      outer loop
         vertex 5.136643e+01 2.629945e+02 2.499842e+02
         vertex 1.058220e+02 2.386696e+02 1.812489e+02
         vertex 5.136898e+01 2.945397e+02 1.989460e+02
      endloop
   endfacet
   facet normal 8.505996e-01 -4.472958e-01 -2.764178e-01
      outer loop
         vertex 1.058207e+02 2.221796e+02 2.079287e+02
         vertex 9.013554e+01 1.955011e+02 2.028328e+02
         vertex 1.058220e+02 2.386696e+02 1.812489e+02
      endloop
   endfacet
   facet normal 8.505996e-01 -4.472958e-01 -2.764177e-01
      outer loop
         vertex 1.058220e+02 2.386696e+02 1.812489e+02
         vertex 9.013554e+01 1.955011e+02 2.028328e+02
         vertex 8.044291e+01 1.955029e+02 1.730035e+02
      endloop
   endfacet
   facet normal 8.505996e-01 -4.472958e-01 -2.764176e-01
      outer loop
         vertex 1.058220e+02 2.386696e+02 1.812489e+02
         vertex 8.044291e+01 1.955029e+02 1.730035e+02
         vertex 9.013770e+01 2.221825e+02 1.596639e+02
      endloop
   endfacet
   facet normal -8.505996e-01 4.472958e-01 2.764177e-01
      outer loop
         vertex 2.819046e+00 2.119623e+02 1.831727e+02
         vertex 2.136092e+01 2.119588e+02 2.402358e+02
         vertex 2.136505e+01 2.630000e+02 1.576542e+02
      endloop
   endfacet
   facet normal -8.505997e-01 4.472957e-01 2.764177e-01
      outer loop
         vertex 2.136505e+01 2.630000e+02 1.576542e+02
         vertex 2.136092e+01 2.119588e+02 2.402358e+02
         vertex 5.136643e+01 2.629945e+02 2.499842e+02
      endloop
   endfacet
   facet normal -8.505996e-01 4.472959e-01 2.764176e-01
      outer loop
         vertex 2.136505e+01 2.630000e+02 1.576542e+02
         vertex 5.136643e+01 2.629945e+02 2.499842e+02
         vertex 5.136898e+01 2.945397e+02 1.989460e+02
      endloop
   endfacet
   facet normal 7.979720e-01 5.884825e-01 1.301117e-01
      outer loop
         vertex 1.281965e+02 2.386696e+02 1.123930e+02
         vertex 1.438774e+02 2.221788e+02 9.080830e+01
         vertex 9.454738e+01 2.945397e+02 6.606737e+01
      endloop
   endfacet
   facet normal 7.979720e-01 5.884825e-01 1.301118e-01
      outer loop
         vertex 9.454738e+01 2.945397e+02 6.606737e+01
         vertex 1.438774e+02 2.221788e+02 9.080830e+01
         vertex 1.245448e+02 2.629930e+02 2.477619e+01
      endloop
   endfacet
   facet normal -1.228134e-01 5.885818e-01 7.990547e-01
      outer loop
         vertex 1.028197e+02 2.221832e+02 1.206364e+02
         vertex 1.281965e+02 2.386696e+02 1.123930e+02
         vertex 4.600190e+01 2.630015e+02 8.183695e+01
      endloop
   endfacet
   facet normal -1.228133e-01 5.885819e-01 7.990546e-01
      outer loop
         vertex 4.600190e+01 2.630015e+02 8.183695e+01
         vertex 1.281965e+02 2.386696e+02 1.123930e+02
         vertex 9.454738e+01 2.945397e+02 6.606737e+01
      endloop
   endfacet
   facet normal -6.919909e-01 -3.794905e-01 6.141136e-01
      outer loop
         vertex 1.028169e+02 1.955033e+02 1.041465e+02
         vertex 1.028197e+02 2.221832e+02 1.206364e+02
         vertex 4.599659e+01 2.119632e+02 5.029192e+01
      endloop
   endfacet
   facet normal -6.919909e-01 -3.794905e-01 6.141136e-01
      outer loop
         vertex 4.599659e+01 2.119632e+02 5.029192e+01
         vertex 1.028197e+02 2.221832e+02 1.206364e+02
         vertex 4.600190e+01 2.630015e+02 8.183695e+01
      endloop
   endfacet
   facet normal -1.229760e-01 -9.778917e-01 -1.691291e-01
      outer loop
         vertex 1.281920e+02 1.955006e+02 8.571169e+01
         vertex 1.028169e+02 1.955033e+02 1.041465e+02
         vertex 9.453879e+01 2.119579e+02 1.502642e+01
      endloop
   endfacet
   facet normal -1.229765e-01 -9.778917e-01 -1.691291e-01
      outer loop
         vertex 9.453879e+01 2.119579e+02 1.502642e+01
         vertex 1.028169e+02 1.955033e+02 1.041465e+02
         vertex 4.599659e+01 2.119632e+02 5.029192e+01
      endloop
   endfacet
   facet normal 7.978713e-01 -3.796515e-01 -4.682586e-01
      outer loop
         vertex 1.438774e+02 2.221788e+02 9.080830e+01
         vertex 1.281920e+02 1.955006e+02 8.571169e+01
         vertex 1.245448e+02 2.629930e+02 2.477619e+01
      endloop
   endfacet
   facet normal 7.978713e-01 -3.796515e-01 -4.682586e-01
      outer loop
         vertex 1.245448e+02 2.629930e+02 2.477619e+01
         vertex 1.281920e+02 1.955006e+02 8.571169e+01
         vertex 9.453879e+01 2.119579e+02 1.502642e+01
      endloop
   endfacet
   facet normal 5.256514e-01 -4.472958e-01 7.236139e-01
      outer loop
         vertex 1.281920e+02 1.955006e+02 8.571169e+01
         vertex 1.438774e+02 2.221788e+02 9.080830e+01
         vertex 1.028169e+02 1.955033e+02 1.041465e+02
      endloop
   endfacet
   facet normal 5.256514e-01 -4.472958e-01 7.236139e-01
      outer loop
         vertex 1.028169e+02 1.955033e+02 1.041465e+02
         vertex 1.438774e+02 2.221788e+02 9.080830e+01
         vertex 1.281965e+02 2.386696e+02 1.123930e+02
      endloop
   endfacet
   facet normal 5.256512e-01 -4.472957e-01 7.236141e-01
      outer loop
         vertex 1.028169e+02 1.955033e+02 1.041465e+02
         vertex 1.281965e+02 2.386696e+02 1.123930e+02
         vertex 1.028197e+02 2.221832e+02 1.206364e+02
      endloop
   endfacet
   facet normal -5.256510e-01 4.472958e-01 -7.236142e-01
      outer loop
         vertex 4.600190e+01 2.630015e+02 8.183695e+01
         vertex 9.454738e+01 2.945397e+02 6.606737e+01
         vertex 4.599659e+01 2.119632e+02 5.029192e+01
      endloop
   endfacet
   facet normal -5.256512e-01 4.472958e-01 -7.236141e-01
      outer loop
         vertex 4.599659e+01 2.119632e+02 5.029192e+01
         vertex 9.454738e+01 2.945397e+02 6.606737e+01
         vertex 1.245448e+02 2.629930e+02 2.477619e+01
      endloop
   endfacet
   facet normal -5.256512e-01 4.472959e-01 -7.236140e-01
      outer loop
         vertex 4.599659e+01 2.119632e+02 5.029192e+01
         vertex 1.245448e+02 2.629930e+02 2.477619e+01
         vertex 9.453879e+01 2.119579e+02 1.502642e+01
      endloop
   endfacet
   facet normal -7.978267e-01 5.886232e-01 1.303660e-01
      outer loop
         vertex 1.849114e+02 2.222118e+02 9.083366e+01
         vertex 2.005950e+02 2.386868e+02 1.124284e+02
         vertex 2.042599e+02 2.630564e+02 2.482501e+01
      endloop
   endfacet
   facet normal -7.978265e-01 5.886234e-01 1.303660e-01
      outer loop
         vertex 2.042599e+02 2.630564e+02 2.482501e+01
         vertex 2.005950e+02 2.386868e+02 1.124284e+02
         vertex 2.342625e+02 2.945729e+02 6.613549e+01
      endloop
   endfacet
   facet normal -7.979351e-01 -3.791887e-01 -4.685249e-01
      outer loop
         vertex 2.005901e+02 1.955322e+02 8.572391e+01
         vertex 1.849114e+02 2.222118e+02 9.083366e+01
         vertex 2.342532e+02 2.120186e+02 1.505013e+01
      endloop
   endfacet
   facet normal -7.979351e-01 -3.791887e-01 -4.685249e-01
      outer loop
         vertex 2.342532e+02 2.120186e+02 1.505013e+01
         vertex 1.849114e+02 2.222118e+02 9.083366e+01
         vertex 2.042599e+02 2.630564e+02 2.482501e+01
      endloop
   endfacet
   facet normal 1.227310e-01 -9.778331e-01 -1.696455e-01
      outer loop
         vertex 2.259638e+02 1.955183e+02 1.041607e+02
         vertex 2.005901e+02 1.955322e+02 8.572391e+01
         vertex 2.827927e+02 2.119921e+02 5.031941e+01
      endloop
   endfacet
   facet normal 1.227311e-01 -9.778331e-01 -1.696453e-01
      outer loop
         vertex 2.827927e+02 2.119921e+02 5.031941e+01
         vertex 2.005901e+02 1.955322e+02 8.572391e+01
         vertex 2.342532e+02 2.120186e+02 1.505013e+01
      endloop
   endfacet
   facet normal 6.918426e-01 -3.800038e-01 6.139633e-01
      outer loop
         vertex 2.259668e+02 2.221893e+02 1.206649e+02
         vertex 2.259638e+02 1.955183e+02 1.041607e+02
         vertex 2.827984e+02 2.630134e+02 8.189190e+01
      endloop
   endfacet
   facet normal 6.918425e-01 -3.800037e-01 6.139634e-01
      outer loop
         vertex 2.827984e+02 2.630134e+02 8.189190e+01
         vertex 2.259638e+02 1.955183e+02 1.041607e+02
         vertex 2.827927e+02 2.119921e+02 5.031941e+01
      endloop
   endfacet
   facet normal 1.229067e-01 5.881195e-01 7.993806e-01
      outer loop
         vertex 2.005950e+02 2.386868e+02 1.124284e+02
         vertex 2.259668e+02 2.221893e+02 1.206649e+02
         vertex 2.342625e+02 2.945729e+02 6.613549e+01
      endloop
   endfacet
   facet normal 1.229063e-01 5.881196e-01 7.993806e-01
      outer loop
         vertex 2.342625e+02 2.945729e+02 6.613549e+01
         vertex 2.259668e+02 2.221893e+02 1.206649e+02
         vertex 2.827984e+02 2.630134e+02 8.189190e+01
      endloop
   endfacet
   facet normal -5.258261e-01 -4.475459e-01 7.233323e-01
      outer loop
         vertex 2.259668e+02 2.221893e+02 1.206649e+02
         vertex 2.005950e+02 2.386868e+02 1.124284e+02
         vertex 2.259638e+02 1.955183e+02 1.041607e+02
      endloop
   endfacet
   facet normal -5.258260e-01 -4.475459e-01 7.233324e-01
      outer loop
         vertex 2.259638e+02 1.955183e+02 1.041607e+02
         vertex 2.005950e+02 2.386868e+02 1.124284e+02
         vertex 1.849114e+02 2.222118e+02 9.083366e+01
      endloop
   endfacet
   facet normal -5.258260e-01 -4.475460e-01 7.233323e-01
      outer loop
         vertex 2.259638e+02 1.955183e+02 1.041607e+02
         vertex 1.849114e+02 2.222118e+02 9.083366e+01
         vertex 2.005901e+02 1.955322e+02 8.572391e+01
      endloop
   endfacet
   facet normal 5.258259e-01 4.475460e-01 -7.233323e-01
      outer loop
         vertex 2.342532e+02 2.120186e+02 1.505013e+01
         vertex 2.042599e+02 2.630564e+02 2.482501e+01
         vertex 2.827927e+02 2.119921e+02 5.031941e+01
      endloop
   endfacet
   facet normal 5.258259e-01 4.475460e-01 -7.233324e-01
      outer loop
         vertex 2.827927e+02 2.119921e+02 5.031941e+01
         vertex 2.042599e+02 2.630564e+02 2.482501e+01
         vertex 2.342625e+02 2.945729e+02 6.613549e+01
      endloop
   endfacet
   facet normal 5.258259e-01 4.475460e-01 -7.233323e-01
      outer loop
         vertex 2.827927e+02 2.119921e+02 5.031941e+01
         vertex 2.342625e+02 2.945729e+02 6.613549e+01
         vertex 2.827984e+02 2.630134e+02 8.189190e+01
      endloop
   endfacet
   facet normal -1.439176e-01 3.998063e-01 9.052307e-01
      outer loop
         vertex 2.373393e+02 2.219191e+02 1.566060e+02
         vertex 2.479522e+02 1.926995e+02 1.711984e+02
         vertex 3.085192e+02 2.627320e+02 1.498970e+02
      endloop
   endfacet
   facet normal -1.439176e-01 3.998063e-01 9.052307e-01
      outer loop
         vertex 3.085192e+02 2.627320e+02 1.498970e+02
         vertex 2.479522e+02 1.926995e+02 1.711984e+02
         vertex 3.287611e+02 2.070015e+02 1.777292e+02
      endloop
   endfacet
   facet normal -4.801653e-01 8.631334e-01 1.563391e-01
      outer loop
         vertex 2.267346e+02 2.219359e+02 1.239426e+02
         vertex 2.373393e+02 2.219191e+02 1.566060e+02
         vertex 2.882928e+02 2.627641e+02 8.759814e+01
      endloop
   endfacet
   facet normal -4.801652e-01 8.631335e-01 1.563392e-01
      outer loop
         vertex 2.882928e+02 2.627641e+02 8.759814e+01
         vertex 2.373393e+02 2.219191e+02 1.566060e+02
         vertex 3.085192e+02 2.627320e+02 1.498970e+02
      endloop
   endfacet
   facet normal -6.480953e-01 4.006080e-01 -6.476772e-01
      outer loop
         vertex 2.267427e+02 1.927332e+02 1.058717e+02
         vertex 2.267346e+02 2.219359e+02 1.239426e+02
         vertex 2.883083e+02 2.070658e+02 5.313151e+01
      endloop
   endfacet
   facet normal -6.480953e-01 4.006079e-01 -6.476772e-01
      outer loop
         vertex 2.883083e+02 2.070658e+02 5.313151e+01
         vertex 2.267346e+02 2.219359e+02 1.239426e+02
         vertex 2.882928e+02 2.627641e+02 8.759814e+01
      endloop
   endfacet
   facet normal -4.797778e-01 -5.252449e-01 -7.028022e-01
      outer loop
         vertex 2.373556e+02 1.635137e+02 1.204642e+02
         vertex 2.267427e+02 1.927332e+02 1.058717e+02
         vertex 3.085502e+02 1.513354e+02 8.096370e+01
      endloop
   endfacet
   facet normal -4.797778e-01 -5.252449e-01 -7.028023e-01
      outer loop
         vertex 3.085502e+02 1.513354e+02 8.096370e+01
         vertex 2.267427e+02 1.927332e+02 1.058717e+02
         vertex 2.883083e+02 2.070658e+02 5.313151e+01
      endloop
   endfacet
   facet normal -1.435301e-01 -9.885722e-01 4.608894e-02
      outer loop
         vertex 2.479603e+02 1.634968e+02 1.531275e+02
         vertex 2.373556e+02 1.635137e+02 1.204642e+02
         vertex 3.287766e+02 1.513032e+02 1.432625e+02
      endloop
   endfacet
   facet normal -1.435302e-01 -9.885721e-01 4.608926e-02
      outer loop
         vertex 3.287766e+02 1.513032e+02 1.432625e+02
         vertex 2.373556e+02 1.635137e+02 1.204642e+02
         vertex 3.085502e+02 1.513354e+02 8.096370e+01
      endloop
   endfacet
   facet normal 2.439988e-02 -5.260464e-01 8.501058e-01
      outer loop
         vertex 2.479522e+02 1.926995e+02 1.711984e+02
         vertex 2.479603e+02 1.634968e+02 1.531275e+02
         vertex 3.287611e+02 2.070015e+02 1.777292e+02
      endloop
   endfacet
   facet normal 2.439995e-02 -5.260465e-01 8.501057e-01
      outer loop
         vertex 3.287611e+02 2.070015e+02 1.777292e+02
         vertex 2.479603e+02 1.634968e+02 1.531275e+02
         vertex 3.287766e+02 1.513032e+02 1.432625e+02
      endloop
   endfacet
   facet normal -9.342159e-01 -1.878910e-01 3.032120e-01
      outer loop
         vertex 2.267427e+02 1.927332e+02 1.058717e+02
         vertex 2.373556e+02 1.635137e+02 1.204642e+02
         vertex 2.267346e+02 2.219359e+02 1.239426e+02
      endloop
   endfacet
   facet normal -9.342160e-01 -1.878910e-01 3.032118e-01
      outer loop
         vertex 2.267346e+02 2.219359e+02 1.239426e+02
         vertex 2.373556e+02 1.635137e+02 1.204642e+02
         vertex 2.479603e+02 1.634968e+02 1.531275e+02
      endloop
   endfacet
   facet normal -9.342160e-01 -1.878909e-01 3.032119e-01
      outer loop
         vertex 2.267346e+02 2.219359e+02 1.239426e+02
         vertex 2.479603e+02 1.634968e+02 1.531275e+02
         vertex 2.373393e+02 2.219191e+02 1.566060e+02
      endloop
   endfacet
   facet normal -9.342159e-01 -1.878909e-01 3.032121e-01
      outer loop
         vertex 2.373393e+02 2.219191e+02 1.566060e+02
         vertex 2.479603e+02 1.634968e+02 1.531275e+02
         vertex 2.479522e+02 1.926995e+02 1.711984e+02
      endloop
   endfacet
   facet normal 9.342159e-01 1.878912e-01 -3.032121e-01
      outer loop
         vertex 3.287766e+02 1.513032e+02 1.432625e+02
         vertex 3.085502e+02 1.513354e+02 8.096370e+01
         vertex 3.287611e+02 2.070015e+02 1.777292e+02
      endloop
   endfacet
   facet normal 9.342160e-01 1.878909e-01 -3.032120e-01
      outer loop
         vertex 3.287611e+02 2.070015e+02 1.777292e+02
         vertex 3.085502e+02 1.513354e+02 8.096370e+01
         vertex 2.883083e+02 2.070658e+02 5.313151e+01
      endloop
   endfacet
   facet normal 9.342160e-01 1.878910e-01 -3.032120e-01
      outer loop
         vertex 3.287611e+02 2.070015e+02 1.777292e+02
         vertex 2.883083e+02 2.070658e+02 5.313151e+01
         vertex 3.085192e+02 2.627320e+02 1.498970e+02
      endloop
   endfacet
   facet normal 9.342160e-01 1.878909e-01 -3.032119e-01
      outer loop
         vertex 3.085192e+02 2.627320e+02 1.498970e+02
         vertex 2.883083e+02 2.070658e+02 5.313151e+01
         vertex 2.882928e+02 2.627641e+02 8.759814e+01
      endloop
   endfacet
   facet normal 4.154796e-01 -4.007026e-01 8.165869e-01
      outer loop
         vertex 2.372732e+02 1.634098e+02 1.203566e+02
         vertex 2.201040e+02 1.341996e+02 1.147587e+02
         vertex 3.064886e+02 1.491339e+02 7.813454e+01
      endloop
   endfacet
   facet normal 4.154796e-01 -4.007026e-01 8.165869e-01
      outer loop
         vertex 3.064886e+02 1.491339e+02 7.813454e+01
         vertex 2.201040e+02 1.341996e+02 1.147587e+02
         vertex 2.737418e+02 9.342123e+01 6.745766e+01
      endloop
   endfacet
   facet normal 5.194703e-01 5.252678e-01 6.739765e-01
      outer loop
         vertex 2.266659e+02 1.926293e+02 1.057598e+02
         vertex 2.372732e+02 1.634098e+02 1.203566e+02
         vertex 2.862573e+02 2.048642e+02 5.029414e+01
      endloop
   endfacet
   facet normal 5.194702e-01 5.252679e-01 6.739765e-01
      outer loop
         vertex 2.862573e+02 2.048642e+02 5.029414e+01
         vertex 2.372732e+02 1.634098e+02 1.203566e+02
         vertex 3.064886e+02 1.491339e+02 7.813454e+01
      endloop
   endfacet
   facet normal -8.881925e-02 9.884718e-01 1.226158e-01
      outer loop
         vertex 1.988895e+02 1.926385e+02 8.556516e+01
         vertex 2.266659e+02 1.926293e+02 1.057598e+02
         vertex 2.332794e+02 2.048817e+02 1.177685e+01
      endloop
   endfacet
   facet normal -8.881946e-02 9.884718e-01 1.226158e-01
      outer loop
         vertex 2.332794e+02 2.048817e+02 1.177685e+01
         vertex 2.266659e+02 1.926293e+02 1.057598e+02
         vertex 2.862573e+02 2.048642e+02 5.029414e+01
      endloop
   endfacet
   facet normal -8.010999e-01 5.257052e-01 -2.861346e-01
      outer loop
         vertex 1.817203e+02 1.634282e+02 7.996726e+01
         vertex 1.988895e+02 1.926385e+02 8.556516e+01
         vertex 2.005326e+02 1.491690e+02 1.099974e+00
      endloop
   endfacet
   facet normal -8.010997e-01 5.257054e-01 -2.861347e-01
      outer loop
         vertex 2.005326e+02 1.491690e+02 1.099974e+00
         vertex 1.988895e+02 1.926385e+02 8.556516e+01
         vertex 2.332794e+02 2.048817e+02 1.177685e+01
      endloop
   endfacet
   facet normal -9.050904e-01 -4.002652e-01 -1.435243e-01
      outer loop
         vertex 1.923275e+02 1.342088e+02 9.456403e+01
         vertex 1.817203e+02 1.634282e+02 7.996726e+01
         vertex 2.207638e+02 9.343878e+01 2.894038e+01
      endloop
   endfacet
   facet normal -9.050904e-01 -4.002651e-01 -1.435244e-01
      outer loop
         vertex 2.207638e+02 9.343878e+01 2.894038e+01
         vertex 1.817203e+02 1.634282e+02 7.996726e+01
         vertex 2.005326e+02 1.491690e+02 1.099974e+00
      endloop
   endfacet
   facet normal -2.968007e-01 -8.634690e-01 4.078365e-01
      outer loop
         vertex 2.201040e+02 1.341996e+02 1.147587e+02
         vertex 1.923275e+02 1.342088e+02 9.456403e+01
         vertex 2.737418e+02 9.342123e+01 6.745766e+01
      endloop
   endfacet
   facet normal -2.968007e-01 -8.634690e-01 4.078364e-01
      outer loop
         vertex 2.737418e+02 9.342123e+01 6.745766e+01
         vertex 1.923275e+02 1.342088e+02 9.456403e+01
         vertex 2.207638e+02 9.343878e+01 2.894038e+01
      endloop
   endfacet
   facet normal -5.776096e-01 1.872381e-01 7.945496e-01
      outer loop
         vertex 2.372732e+02 1.634098e+02 1.203566e+02
         vertex 2.266659e+02 1.926293e+02 1.057598e+02
         vertex 2.201040e+02 1.341996e+02 1.147587e+02
      endloop
   endfacet
   facet normal -5.776096e-01 1.872381e-01 7.945495e-01
      outer loop
         vertex 2.201040e+02 1.341996e+02 1.147587e+02
         vertex 2.266659e+02 1.926293e+02 1.057598e+02
         vertex 1.988895e+02 1.926385e+02 8.556516e+01
      endloop
   endfacet
   facet normal -5.776096e-01 1.872382e-01 7.945496e-01
      outer loop
         vertex 2.201040e+02 1.341996e+02 1.147587e+02
         vertex 1.988895e+02 1.926385e+02 8.556516e+01
         vertex 1.923275e+02 1.342088e+02 9.456403e+01
      endloop
   endfacet
   facet normal -5.776097e-01 1.872382e-01 7.945495e-01
      outer loop
         vertex 1.923275e+02 1.342088e+02 9.456403e+01
         vertex 1.988895e+02 1.926385e+02 8.556516e+01
         vertex 1.817203e+02 1.634282e+02 7.996726e+01
      endloop
   endfacet
   facet normal 5.776096e-01 -1.872382e-01 -7.945495e-01
      outer loop
         vertex 2.207638e+02 9.343878e+01 2.894038e+01
         vertex 2.005326e+02 1.491690e+02 1.099974e+00
         vertex 2.737418e+02 9.342123e+01 6.745766e+01
      endloop
   endfacet
   facet normal 5.776096e-01 -1.872382e-01 -7.945496e-01
      outer loop
         vertex 2.737418e+02 9.342123e+01 6.745766e+01
         vertex 2.005326e+02 1.491690e+02 1.099974e+00
         vertex 2.332794e+02 2.048817e+02 1.177685e+01
      endloop
   endfacet
   facet normal 5.776096e-01 -1.872382e-01 -7.945495e-01
      outer loop
         vertex 2.737418e+02 9.342123e+01 6.745766e+01
         vertex 2.332794e+02 2.048817e+02 1.177685e+01
         vertex 3.064886e+02 1.491339e+02 7.813454e+01
      endloop
   endfacet
   facet normal 5.776097e-01 -1.872380e-01 -7.945495e-01
      outer loop
         vertex 3.064886e+02 1.491339e+02 7.813454e+01
         vertex 2.332794e+02 2.048817e+02 1.177685e+01
         vertex 2.862573e+02 2.048642e+02 5.029414e+01
      endloop
   endfacet
   facet normal -8.188206e-05 -9.885696e-01 1.507651e-01
      outer loop
         vertex 1.815732e+02 1.635029e+02 7.992317e+01
         vertex 1.472315e+02 1.635047e+02 7.991595e+01
         vertex 1.971685e+02 1.513148e+02 1.376867e-02
      endloop
   endfacet
   facet normal -8.161958e-05 -9.885696e-01 1.507652e-01
      outer loop
         vertex 1.971685e+02 1.513148e+02 1.376867e-02
         vertex 1.472315e+02 1.635047e+02 7.991595e+01
         vertex 1.316685e+02 1.513181e+02 0.000000e+00
      endloop
   endfacet
   facet normal 8.162745e-01 -5.256829e-01 2.394856e-01
      outer loop
         vertex 1.987444e+02 1.927133e+02 8.551431e+01
         vertex 1.815732e+02 1.635029e+02 7.992317e+01
         vertex 2.299191e+02 2.070277e+02 1.067774e+01
      endloop
   endfacet
   facet normal 8.162746e-01 -5.256829e-01 2.394856e-01
      outer loop
         vertex 2.299191e+02 2.070277e+02 1.067774e+01
         vertex 1.815732e+02 1.635029e+02 7.992317e+01
         vertex 1.971685e+02 1.513148e+02 1.376867e-02
      endloop
   endfacet
   facet normal 8.162841e-01 4.001732e-01 4.165833e-01
      outer loop
         vertex 1.815738e+02 2.219254e+02 9.109822e+01
         vertex 1.987444e+02 1.927133e+02 8.551431e+01
         vertex 1.971697e+02 2.627439e+02 2.132793e+01
      endloop
   endfacet
   facet normal 8.162841e-01 4.001732e-01 4.165833e-01
      outer loop
         vertex 1.971697e+02 2.627439e+02 2.132793e+01
         vertex 1.987444e+02 1.927133e+02 8.551431e+01
         vertex 2.299191e+02 2.070277e+02 1.067774e+01
      endloop
   endfacet
   facet normal -6.233767e-05 8.631425e-01 5.049604e-01
      outer loop
         vertex 1.472321e+02 2.219271e+02 9.109100e+01
         vertex 1.815738e+02 2.219254e+02 9.109822e+01
         vertex 1.316697e+02 2.627472e+02 2.131416e+01
      endloop
   endfacet
   facet normal -6.255437e-05 8.631425e-01 5.049605e-01
      outer loop
         vertex 1.316697e+02 2.627472e+02 2.131416e+01
         vertex 1.815738e+02 2.219254e+02 9.109822e+01
         vertex 1.971697e+02 2.627439e+02 2.132793e+01
      endloop
   endfacet
   facet normal -8.164188e-01 4.002556e-01 4.162400e-01
      outer loop
         vertex 1.300609e+02 1.927168e+02 8.549986e+01
         vertex 1.472321e+02 2.219271e+02 9.109100e+01
         vertex 9.891912e+01 2.070343e+02 1.065019e+01
      endloop
   endfacet
   facet normal -8.164188e-01 4.002557e-01 4.162399e-01
      outer loop
         vertex 9.891912e+01 2.070343e+02 1.065019e+01
         vertex 1.472321e+02 2.219271e+02 9.109100e+01
         vertex 1.316697e+02 2.627472e+02 2.131416e+01
      endloop
   endfacet
   facet normal -8.164283e-01 -5.256004e-01 2.391424e-01
      outer loop
         vertex 1.472315e+02 1.635047e+02 7.991595e+01
         vertex 1.300609e+02 1.927168e+02 8.549986e+01
         vertex 1.316685e+02 1.513181e+02 0.000000e+00
      endloop
   endfacet
   facet normal -8.164284e-01 -5.256003e-01 2.391423e-01
      outer loop
         vertex 1.316685e+02 1.513181e+02 0.000000e+00
         vertex 1.300609e+02 1.927168e+02 8.549986e+01
         vertex 9.891912e+01 2.070343e+02 1.065019e+01
      endloop
   endfacet
   facet normal -2.160228e-04 -1.878740e-01 9.821931e-01
      outer loop
         vertex 1.815732e+02 1.635029e+02 7.992317e+01
         vertex 1.987444e+02 1.927133e+02 8.551431e+01
         vertex 1.472315e+02 1.635047e+02 7.991595e+01
      endloop
   endfacet
   facet normal -2.160885e-04 -1.878739e-01 9.821931e-01
      outer loop
         vertex 1.472315e+02 1.635047e+02 7.991595e+01
         vertex 1.987444e+02 1.927133e+02 8.551431e+01
         vertex 1.815738e+02 2.219254e+02 9.109822e+01
      endloop
   endfacet
   facet normal -2.160886e-04 -1.878739e-01 9.821931e-01
      outer loop
         vertex 1.472315e+02 1.635047e+02 7.991595e+01
         vertex 1.815738e+02 2.219254e+02 9.109822e+01
         vertex 1.300609e+02 1.927168e+02 8.549986e+01
      endloop
   endfacet
   facet normal -2.160228e-04 -1.878740e-01 9.821931e-01
      outer loop
         vertex 1.300609e+02 1.927168e+02 8.549986e+01
         vertex 1.815738e+02 2.219254e+02 9.109822e+01
         vertex 1.472321e+02 2.219271e+02 9.109100e+01
      endloop
   endfacet
   facet normal 2.161776e-04 1.878738e-01 -9.821931e-01
      outer loop
         vertex 9.891912e+01 2.070343e+02 1.065019e+01
         vertex 1.316697e+02 2.627472e+02 2.131416e+01
         vertex 1.316685e+02 1.513181e+02 0.000000e+00
      endloop
   endfacet
   facet normal 2.159541e-04 1.878738e-01 -9.821931e-01
      outer loop
         vertex 1.316685e+02 1.513181e+02 0.000000e+00
         vertex 1.316697e+02 2.627472e+02 2.131416e+01
         vertex 1.971697e+02 2.627439e+02 2.132793e+01
      endloop
   endfacet
   facet normal 2.159541e-04 1.878738e-01 -9.821931e-01
      outer loop
         vertex 1.316685e+02 1.513181e+02 0.000000e+00
         vertex 1.971697e+02 2.627439e+02 2.132793e+01
         vertex 1.971685e+02 1.513148e+02 1.376867e-02
      endloop
   endfacet
   facet normal 2.161776e-04 1.878738e-01 -9.821931e-01
      outer loop
         vertex 1.971685e+02 1.513148e+02 1.376867e-02
         vertex 1.971697e+02 2.627439e+02 2.132793e+01
         vertex 2.299191e+02 2.070277e+02 1.067774e+01
      endloop
   endfacet
endsolid