solid Trunc_Icosa_Al_STL3
   facet normal 0.000000e+00 2.503800e-01 9.681476e-01
      outer loop
         vertex 1.814065e+02 9.784841e+01 1.850246e+02
         vertex 1.487936e+02 9.784841e+01 1.850246e+02
         vertex 1.961000e+02 1.964841e+01 2.052485e+02
      endloop
   endfacet
   facet normal 0.000000e+00 2.503800e-01 9.681476e-01
      outer loop
         vertex 1.961000e+02 1.964841e+01 2.052485e+02
         vertex 1.487936e+02 9.784841e+01 1.850246e+02
         vertex 1.341000e+02 1.964841e+01 2.052485e+02
      endloop
   endfacet
   facet normal 9.207631e-01 2.503800e-01 2.991741e-01
      outer loop
         vertex 1.914845e+02 9.784841e+01 1.540078e+02
         vertex 1.814065e+02 9.784841e+01 1.850246e+02
         vertex 2.152591e+02 1.964841e+01 1.462830e+02
      endloop
   endfacet
   facet normal 9.207631e-01 2.503800e-01 2.991741e-01
      outer loop
         vertex 2.152591e+02 1.964841e+01 1.462830e+02
         vertex 1.814065e+02 9.784841e+01 1.850246e+02
         vertex 1.961000e+02 1.964841e+01 2.052485e+02
      endloop
   endfacet
   facet normal 5.690629e-01 2.503800e-01 -7.832479e-01
      outer loop
         vertex 1.651000e+02 9.784841e+01 1.348384e+02
         vertex 1.914845e+02 9.784841e+01 1.540078e+02
         vertex 1.651000e+02 1.964841e+01 1.098403e+02
      endloop
   endfacet
   facet normal 5.690629e-01 2.503800e-01 -7.832479e-01
      outer loop
         vertex 1.651000e+02 1.964841e+01 1.098403e+02
         vertex 1.914845e+02 9.784841e+01 1.540078e+02
         vertex 2.152591e+02 1.964841e+01 1.462830e+02
      endloop
   endfacet
   facet normal -5.690629e-01 2.503800e-01 -7.832479e-01
      outer loop
         vertex 1.387156e+02 9.784841e+01 1.540078e+02
         vertex 1.651000e+02 9.784841e+01 1.348384e+02
         vertex 1.149410e+02 1.964841e+01 1.462830e+02
      endloop
   endfacet
   facet normal -5.690629e-01 2.503800e-01 -7.832479e-01
      outer loop
         vertex 1.149410e+02 1.964841e+01 1.462830e+02
         vertex 1.651000e+02 9.784841e+01 1.348384e+02
         vertex 1.651000e+02 1.964841e+01 1.098403e+02
      endloop
   endfacet
   facet normal -9.207631e-01 2.503800e-01 2.991741e-01
      outer loop
         vertex 1.487936e+02 9.784841e+01 1.850246e+02
         vertex 1.387156e+02 9.784841e+01 1.540078e+02
         vertex 1.341000e+02 1.964841e+01 2.052485e+02
      endloop
   endfacet
   facet normal -9.207631e-01 2.503800e-01 2.991741e-01
      outer loop
         vertex 1.341000e+02 1.964841e+01 2.052485e+02
         vertex 1.387156e+02 9.784841e+01 1.540078e+02
         vertex 1.149410e+02 1.964841e+01 1.462830e+02
      endloop
   endfacet
   facet normal -0.000000e+00 1.000000e+00 0.000000e+00
      outer loop
         vertex 1.487936e+02 9.784841e+01 1.850246e+02
         vertex 1.814065e+02 9.784841e+01 1.850246e+02
         vertex 1.387156e+02 9.784841e+01 1.540078e+02
      endloop
   endfacet
   facet normal 0.000000e+00 1.000000e+00 0.000000e+00
      outer loop
         vertex 1.387156e+02 9.784841e+01 1.540078e+02
         vertex 1.814065e+02 9.784841e+01 1.850246e+02
         vertex 1.914845e+02 9.784841e+01 1.540078e+02
      endloop
   endfacet
   facet normal -0.000000e+00 1.000000e+00 0.000000e+00
      outer loop
         vertex 1.387156e+02 9.784841e+01 1.540078e+02
         vertex 1.914845e+02 9.784841e+01 1.540078e+02
         vertex 1.651000e+02 9.784841e+01 1.348384e+02
      endloop
   endfacet
   facet normal 0.000000e+00 -1.000000e+00 0.000000e+00
      outer loop
         vertex 2.146713e+02 1.964841e+01 1.464740e+02
         vertex 2.152591e+02 1.964841e+01 1.462830e+02
         vertex 1.957368e+02 1.964841e+01 2.047485e+02
      endloop
   endfacet
   facet normal 0.000000e+00 -1.000000e+00 0.000000e+00
      outer loop
         vertex 1.957368e+02 1.964841e+01 2.047485e+02
         vertex 2.152591e+02 1.964841e+01 1.462830e+02
         vertex 1.961000e+02 1.964841e+01 2.052485e+02
      endloop
   endfacet
   facet normal 0.000000e+00 -1.000000e+00 0.000000e+00
      outer loop
         vertex 1.957368e+02 1.964841e+01 2.047485e+02
         vertex 1.961000e+02 1.964841e+01 2.052485e+02
         vertex 1.344633e+02 1.964841e+01 2.047485e+02
      endloop
   endfacet
   facet normal 0.000000e+00 -1.000000e+00 0.000000e+00
      outer loop
         vertex 1.344633e+02 1.964841e+01 2.047485e+02
         vertex 1.961000e+02 1.964841e+01 2.052485e+02
         vertex 1.341000e+02 1.964841e+01 2.052485e+02
      endloop
   endfacet
   facet normal -0.000000e+00 -1.000000e+00 0.000000e+00
      outer loop
         vertex 1.344633e+02 1.964841e+01 2.047485e+02
         vertex 1.341000e+02 1.964841e+01 2.052485e+02
         vertex 1.155288e+02 1.964841e+01 1.464740e+02
      endloop
   endfacet
   facet normal -0.000000e+00 -1.000000e+00 0.000000e+00
      outer loop
         vertex 1.155288e+02 1.964841e+01 1.464740e+02
         vertex 1.341000e+02 1.964841e+01 2.052485e+02
         vertex 1.149410e+02 1.964841e+01 1.462830e+02
      endloop
   endfacet
   facet normal 0.000000e+00 -1.000000e+00 -0.000000e+00
      outer loop
         vertex 1.155288e+02 1.964841e+01 1.464740e+02
         vertex 1.149410e+02 1.964841e+01 1.462830e+02
         vertex 1.651000e+02 1.964841e+01 1.104583e+02
      endloop
   endfacet
   facet normal -0.000000e+00 -1.000000e+00 0.000000e+00
      outer loop
         vertex 1.651000e+02 1.964841e+01 1.104583e+02
         vertex 1.149410e+02 1.964841e+01 1.462830e+02
         vertex 1.651000e+02 1.964841e+01 1.098403e+02
      endloop
   endfacet
   facet normal 0.000000e+00 -1.000000e+00 -0.000000e+00
      outer loop
         vertex 1.651000e+02 1.964841e+01 1.104583e+02
         vertex 1.651000e+02 1.964841e+01 1.098403e+02
         vertex 2.146713e+02 1.964841e+01 1.464740e+02
      endloop
   endfacet
   facet normal 0.000000e+00 -1.000000e+00 -0.000000e+00
      outer loop
         vertex 2.146713e+02 1.964841e+01 1.464740e+02
         vertex 1.651000e+02 1.964841e+01 1.098403e+02
         vertex 2.152591e+02 1.964841e+01 1.462830e+02
      endloop
   endfacet
   facet normal 5.690629e-01 -2.503800e-01 7.832479e-01
      outer loop
         vertex 1.651000e+02 9.734841e+01 1.352966e+02
         vertex 1.391514e+02 9.734841e+01 1.541494e+02
         vertex 1.651000e+02 1.964841e+01 1.104583e+02
      endloop
   endfacet
   facet normal 5.690629e-01 -2.503800e-01 7.832479e-01
      outer loop
         vertex 1.651000e+02 1.964841e+01 1.104583e+02
         vertex 1.391514e+02 9.734841e+01 1.541494e+02
         vertex 1.155288e+02 1.964841e+01 1.464740e+02
      endloop
   endfacet
   facet normal 9.207631e-01 -2.503800e-01 -2.991741e-01
      outer loop
         vertex 1.391514e+02 9.734841e+01 1.541494e+02
         vertex 1.490629e+02 9.734841e+01 1.846539e+02
         vertex 1.155288e+02 1.964841e+01 1.464740e+02
      endloop
   endfacet
   facet normal 9.207631e-01 -2.503800e-01 -2.991741e-01
      outer loop
         vertex 1.155288e+02 1.964841e+01 1.464740e+02
         vertex 1.490629e+02 9.734841e+01 1.846539e+02
         vertex 1.344633e+02 1.964841e+01 2.047485e+02
      endloop
   endfacet
   facet normal 0.000000e+00 -2.503800e-01 -9.681476e-01
      outer loop
         vertex 1.490629e+02 9.734841e+01 1.846539e+02
         vertex 1.811372e+02 9.734841e+01 1.846539e+02
         vertex 1.344633e+02 1.964841e+01 2.047485e+02
      endloop
   endfacet
   facet normal -7.869873e-34 -2.503800e-01 -9.681476e-01
      outer loop
         vertex 1.344633e+02 1.964841e+01 2.047485e+02
         vertex 1.811372e+02 9.734841e+01 1.846539e+02
         vertex 1.957368e+02 1.964841e+01 2.047485e+02
      endloop
   endfacet
   facet normal -9.207631e-01 -2.503800e-01 -2.991741e-01
      outer loop
         vertex 1.811372e+02 9.734841e+01 1.846539e+02
         vertex 1.910487e+02 9.734841e+01 1.541494e+02
         vertex 1.957368e+02 1.964841e+01 2.047485e+02
      endloop
   endfacet
   facet normal -9.207631e-01 -2.503800e-01 -2.991741e-01
      outer loop
         vertex 1.957368e+02 1.964841e+01 2.047485e+02
         vertex 1.910487e+02 9.734841e+01 1.541494e+02
         vertex 2.146713e+02 1.964841e+01 1.464740e+02
      endloop
   endfacet
   facet normal -5.690629e-01 -2.503800e-01 7.832479e-01
      outer loop
         vertex 1.910487e+02 9.734841e+01 1.541494e+02
         vertex 1.651000e+02 9.734841e+01 1.352966e+02
         vertex 2.146713e+02 1.964841e+01 1.464740e+02
      endloop
   endfacet
   facet normal -5.690629e-01 -2.503800e-01 7.832479e-01
      outer loop
         vertex 2.146713e+02 1.964841e+01 1.464740e+02
         vertex 1.651000e+02 9.734841e+01 1.352966e+02
         vertex 1.651000e+02 1.964841e+01 1.104583e+02
      endloop
   endfacet
   facet normal -0.000000e+00 -1.000000e+00 0.000000e+00
      outer loop
         vertex 1.910487e+02 9.734841e+01 1.541494e+02
         vertex 1.811372e+02 9.734841e+01 1.846539e+02
         vertex 1.651000e+02 9.734841e+01 1.352966e+02
      endloop
   endfacet
   facet normal 0.000000e+00 -1.000000e+00 0.000000e+00
      outer loop
         vertex 1.651000e+02 9.734841e+01 1.352966e+02
         vertex 1.811372e+02 9.734841e+01 1.846539e+02
         vertex 1.490629e+02 9.734841e+01 1.846539e+02
      endloop
   endfacet
   facet normal 0.000000e+00 -1.000000e+00 0.000000e+00
      outer loop
         vertex 1.651000e+02 9.734841e+01 1.352966e+02
         vertex 1.490629e+02 9.734841e+01 1.846539e+02
         vertex 1.391514e+02 9.734841e+01 1.541494e+02
      endloop
   endfacet
   facet normal -3.038092e-01 8.804058e-03 9.526922e-01
      outer loop
         vertex 1.379440e+02 1.006209e+02 1.526288e+02
         vertex 1.118616e+02 1.175716e+02 1.441546e+02
         vertex 1.100383e+02 1.978017e+01 1.444769e+02
      endloop
   endfacet
   facet normal -3.038092e-01 8.804059e-03 9.526922e-01
      outer loop
         vertex 1.100383e+02 1.978017e+01 1.444769e+02
         vertex 1.118616e+02 1.175716e+02 1.441546e+02
         vertex 5.518035e+01 5.543182e+01 1.266534e+02
      endloop
   endfacet
   facet normal 5.653535e-01 -2.736235e-01 7.781424e-01
      outer loop
         vertex 1.640269e+02 1.006209e+02 1.336784e+02
         vertex 1.379440e+02 1.006209e+02 1.526288e+02
         vertex 1.648973e+02 1.978017e+01 1.046195e+02
      endloop
   endfacet
   facet normal 5.653535e-01 -2.736235e-01 7.781424e-01
      outer loop
         vertex 1.648973e+02 1.978017e+01 1.046195e+02
         vertex 1.379440e+02 1.006209e+02 1.526288e+02
         vertex 1.100383e+02 1.978017e+01 1.444769e+02
      endloop
   endfacet
   facet normal 9.999463e-01 8.804063e-03 5.458350e-03
      outer loop
         vertex 1.640274e+02 1.175716e+02 1.062539e+02
         vertex 1.640269e+02 1.006209e+02 1.336784e+02
         vertex 1.648983e+02 5.543182e+01 4.693870e+01
      endloop
   endfacet
   facet normal 9.999463e-01 8.804064e-03 5.458349e-03
      outer loop
         vertex 1.648983e+02 5.543182e+01 4.693870e+01
         vertex 1.640269e+02 1.006209e+02 1.336784e+02
         vertex 1.648973e+02 1.978017e+01 1.046195e+02
      endloop
   endfacet
   facet normal 5.653764e-01 5.736592e-01 -5.926759e-01
      outer loop
         vertex 1.379449e+02 1.345223e+02 9.777967e+01
         vertex 1.640274e+02 1.175716e+02 1.062539e+02
         vertex 1.100403e+02 9.108347e+01 2.911526e+01
      endloop
   endfacet
   facet normal 5.653764e-01 5.736591e-01 -5.926759e-01
      outer loop
         vertex 1.100403e+02 9.108347e+01 2.911526e+01
         vertex 1.640274e+02 1.175716e+02 1.062539e+02
         vertex 1.648983e+02 5.543182e+01 4.693870e+01
      endloop
   endfacet
   facet normal -3.037864e-01 8.560867e-01 -4.181260e-01
      outer loop
         vertex 1.118620e+02 1.345223e+02 1.167300e+02
         vertex 1.379449e+02 1.345223e+02 9.777967e+01
         vertex 5.518131e+01 9.108347e+01 6.897263e+01
      endloop
   endfacet
   facet normal -3.037864e-01 8.560867e-01 -4.181260e-01
      outer loop
         vertex 5.518131e+01 9.108347e+01 6.897263e+01
         vertex 1.379449e+02 1.345223e+02 9.777967e+01
         vertex 1.100403e+02 9.108347e+01 2.911526e+01
      endloop
   endfacet
   facet normal -7.383792e-01 5.736592e-01 3.545579e-01
      outer loop
         vertex 1.118616e+02 1.175716e+02 1.441546e+02
         vertex 1.118620e+02 1.345223e+02 1.167300e+02
         vertex 5.518035e+01 5.543182e+01 1.266534e+02
      endloop
   endfacet
   facet normal -7.383791e-01 5.736592e-01 3.545580e-01
      outer loop
         vertex 5.518035e+01 5.543182e+01 1.266534e+02
         vertex 1.118620e+02 1.345223e+02 1.167300e+02
         vertex 5.518131e+01 9.108347e+01 6.897263e+01
      endloop
   endfacet
   facet normal 3.568435e-01 7.946267e-01 4.911529e-01
      outer loop
         vertex 1.379449e+02 1.345223e+02 9.777967e+01
         vertex 1.118620e+02 1.345223e+02 1.167300e+02
         vertex 1.640274e+02 1.175716e+02 1.062539e+02
      endloop
   endfacet
   facet normal 3.568435e-01 7.946266e-01 4.911530e-01
      outer loop
         vertex 1.640274e+02 1.175716e+02 1.062539e+02
         vertex 1.118620e+02 1.345223e+02 1.167300e+02
         vertex 1.118616e+02 1.175716e+02 1.441546e+02
      endloop
   endfacet
   facet normal 3.568436e-01 7.946265e-01 4.911531e-01
      outer loop
         vertex 1.640274e+02 1.175716e+02 1.062539e+02
         vertex 1.118616e+02 1.175716e+02 1.441546e+02
         vertex 1.640269e+02 1.006209e+02 1.336784e+02
      endloop
   endfacet
   facet normal 3.568436e-01 7.946265e-01 4.911531e-01
      outer loop
         vertex 1.640269e+02 1.006209e+02 1.336784e+02
         vertex 1.118616e+02 1.175716e+02 1.441546e+02
         vertex 1.379440e+02 1.006209e+02 1.526288e+02
      endloop
   endfacet
   facet normal -3.568426e-01 -7.946260e-01 -4.911546e-01
      outer loop
         vertex 1.100384e+02 2.008372e+01 1.439857e+02
         vertex 1.100383e+02 1.978017e+01 1.444769e+02
         vertex 5.564743e+01 5.543182e+01 1.263141e+02
      endloop
   endfacet
   facet normal -3.568446e-01 -7.946273e-01 -4.911510e-01
      outer loop
         vertex 5.564743e+01 5.543182e+01 1.263141e+02
         vertex 1.100383e+02 1.978017e+01 1.444769e+02
         vertex 5.518035e+01 5.543182e+01 1.266534e+02
      endloop
   endfacet
   facet normal -3.568458e-01 -7.946258e-01 -4.911526e-01
      outer loop
         vertex 5.564743e+01 5.543182e+01 1.263141e+02
         vertex 5.518035e+01 5.543182e+01 1.266534e+02
         vertex 5.564839e+01 9.077993e+01 6.912439e+01
      endloop
   endfacet
   facet normal -3.568324e-01 -7.946302e-01 -4.911552e-01
      outer loop
         vertex 5.564839e+01 9.077993e+01 6.912439e+01
         vertex 5.518035e+01 5.543182e+01 1.266534e+02
         vertex 5.518131e+01 9.108347e+01 6.897263e+01
      endloop
   endfacet
   facet normal -3.568380e-01 -7.946339e-01 -4.911453e-01
      outer loop
         vertex 5.564839e+01 9.077993e+01 6.912439e+01
         vertex 5.518131e+01 9.108347e+01 6.897263e+01
         vertex 1.100403e+02 9.077993e+01 2.960637e+01
      endloop
   endfacet
   facet normal -3.568394e-01 -7.946320e-01 -4.911472e-01
      outer loop
         vertex 1.100403e+02 9.077993e+01 2.960637e+01
         vertex 5.518131e+01 9.108347e+01 6.897263e+01
         vertex 1.100403e+02 9.108347e+01 2.911526e+01
      endloop
   endfacet
   facet normal -3.568478e-01 -7.946293e-01 -4.911455e-01
      outer loop
         vertex 1.100403e+02 9.077993e+01 2.960637e+01
         vertex 1.100403e+02 9.108347e+01 2.911526e+01
         vertex 1.644312e+02 5.543182e+01 4.727805e+01
      endloop
   endfacet
   facet normal -3.568440e-01 -7.946269e-01 -4.911521e-01
      outer loop
         vertex 1.644312e+02 5.543182e+01 4.727805e+01
         vertex 1.100403e+02 9.108347e+01 2.911526e+01
         vertex 1.648983e+02 5.543182e+01 4.693870e+01
      endloop
   endfacet
   facet normal -3.568445e-01 -7.946263e-01 -4.911528e-01
      outer loop
         vertex 1.644312e+02 5.543182e+01 4.727805e+01
         vertex 1.648983e+02 5.543182e+01 4.693870e+01
         vertex 1.644302e+02 2.008372e+01 1.044677e+02
      endloop
   endfacet
   facet normal -3.568443e-01 -7.946263e-01 -4.911528e-01
      outer loop
         vertex 1.644302e+02 2.008372e+01 1.044677e+02
         vertex 1.648983e+02 5.543182e+01 4.693870e+01
         vertex 1.648973e+02 1.978017e+01 1.046195e+02
      endloop
   endfacet
   facet normal -3.568439e-01 -7.946261e-01 -4.911535e-01
      outer loop
         vertex 1.644302e+02 2.008372e+01 1.044677e+02
         vertex 1.648973e+02 1.978017e+01 1.046195e+02
         vertex 1.100384e+02 2.008372e+01 1.439857e+02
      endloop
   endfacet
   facet normal -3.568444e-01 -7.946255e-01 -4.911542e-01
      outer loop
         vertex 1.100384e+02 2.008372e+01 1.439857e+02
         vertex 1.648973e+02 1.978017e+01 1.046195e+02
         vertex 1.100383e+02 1.978017e+01 1.444769e+02
      endloop
   endfacet
   facet normal -5.653535e-01 2.736235e-01 -7.781424e-01
      outer loop
         vertex 1.378013e+02 1.005109e+02 1.520960e+02
         vertex 1.635643e+02 1.005109e+02 1.333780e+02
         vertex 1.100384e+02 2.008372e+01 1.439857e+02
      endloop
   endfacet
   facet normal -5.653535e-01 2.736235e-01 -7.781424e-01
      outer loop
         vertex 1.100384e+02 2.008372e+01 1.439857e+02
         vertex 1.635643e+02 1.005109e+02 1.333780e+02
         vertex 1.644302e+02 2.008372e+01 1.044677e+02
      endloop
   endfacet
   facet normal -9.999463e-01 -8.804063e-03 -5.458350e-03
      outer loop
         vertex 1.635643e+02 1.005109e+02 1.333780e+02
         vertex 1.635647e+02 1.172538e+02 1.062898e+02
         vertex 1.644302e+02 2.008372e+01 1.044677e+02
      endloop
   endfacet
   facet normal -9.999463e-01 -8.804063e-03 -5.458348e-03
      outer loop
         vertex 1.644302e+02 2.008372e+01 1.044677e+02
         vertex 1.635647e+02 1.172538e+02 1.062898e+02
         vertex 1.644312e+02 5.543182e+01 4.727805e+01
      endloop
   endfacet
   facet normal -5.653763e-01 -5.736592e-01 5.926759e-01
      outer loop
         vertex 1.635647e+02 1.172538e+02 1.062898e+02
         vertex 1.378022e+02 1.339966e+02 9.791956e+01
         vertex 1.644312e+02 5.543182e+01 4.727805e+01
      endloop
   endfacet
   facet normal -5.653765e-01 -5.736592e-01 5.926758e-01
      outer loop
         vertex 1.644312e+02 5.543182e+01 4.727805e+01
         vertex 1.378022e+02 1.339966e+02 9.791956e+01
         vertex 1.100403e+02 9.077993e+01 2.960637e+01
      endloop
   endfacet
   facet normal 3.037863e-01 -8.560868e-01 4.181260e-01
      outer loop
         vertex 1.378022e+02 1.339966e+02 9.791956e+01
         vertex 1.120392e+02 1.339966e+02 1.166375e+02
         vertex 1.100403e+02 9.077993e+01 2.960637e+01
      endloop
   endfacet
   facet normal 3.037864e-01 -8.560868e-01 4.181260e-01
      outer loop
         vertex 1.100403e+02 9.077993e+01 2.960637e+01
         vertex 1.120392e+02 1.339966e+02 1.166375e+02
         vertex 5.564839e+01 9.077993e+01 6.912439e+01
      endloop
   endfacet
   facet normal 7.383791e-01 -5.736593e-01 -3.545579e-01
      outer loop
         vertex 1.120392e+02 1.339966e+02 1.166375e+02
         vertex 1.120387e+02 1.172538e+02 1.437257e+02
         vertex 5.564839e+01 9.077993e+01 6.912439e+01
      endloop
   endfacet
   facet normal 7.383792e-01 -5.736592e-01 -3.545580e-01
      outer loop
         vertex 5.564839e+01 9.077993e+01 6.912439e+01
         vertex 1.120387e+02 1.172538e+02 1.437257e+02
         vertex 5.564743e+01 5.543182e+01 1.263141e+02
      endloop
   endfacet
   facet normal 3.038092e-01 -8.804010e-03 -9.526922e-01
      outer loop
         vertex 1.120387e+02 1.172538e+02 1.437257e+02
         vertex 1.378013e+02 1.005109e+02 1.520960e+02
         vertex 5.564743e+01 5.543182e+01 1.263141e+02
      endloop
   endfacet
   facet normal 3.038092e-01 -8.804060e-03 -9.526922e-01
      outer loop
         vertex 5.564743e+01 5.543182e+01 1.263141e+02
         vertex 1.378013e+02 1.005109e+02 1.520960e+02
         vertex 1.100384e+02 2.008372e+01 1.439857e+02
      endloop
   endfacet
   facet normal -3.568436e-01 -7.946266e-01 -4.911529e-01
      outer loop
         vertex 1.120387e+02 1.172538e+02 1.437257e+02
         vertex 1.120392e+02 1.339966e+02 1.166375e+02
         vertex 1.378013e+02 1.005109e+02 1.520960e+02
      endloop
   endfacet
   facet normal -3.568435e-01 -7.946266e-01 -4.911530e-01
      outer loop
         vertex 1.378013e+02 1.005109e+02 1.520960e+02
         vertex 1.120392e+02 1.339966e+02 1.166375e+02
         vertex 1.378022e+02 1.339966e+02 9.791956e+01
      endloop
   endfacet
   facet normal -3.568435e-01 -7.946266e-01 -4.911530e-01
      outer loop
         vertex 1.378013e+02 1.005109e+02 1.520960e+02
         vertex 1.378022e+02 1.339966e+02 9.791956e+01
         vertex 1.635643e+02 1.005109e+02 1.333780e+02
      endloop
   endfacet
   facet normal -3.568434e-01 -7.946266e-01 -4.911531e-01
      outer loop
         vertex 1.635643e+02 1.005109e+02 1.333780e+02
         vertex 1.378022e+02 1.339966e+02 9.791956e+01
         vertex 1.635647e+02 1.172538e+02 1.062898e+02
      endloop
   endfacet
   facet normal 8.121819e-01 8.804082e-03 5.833378e-01
      outer loop
         vertex 1.472436e+02 1.006209e+02 1.853323e+02
         vertex 1.311242e+02 1.175716e+02 2.075195e+02
         vertex 1.308673e+02 1.978017e+01 2.093531e+02
      endloop
   endfacet
   facet normal 8.121819e-01 8.804081e-03 5.833378e-01
      outer loop
         vertex 1.308673e+02 1.978017e+01 2.093531e+02
         vertex 1.311242e+02 1.175716e+02 2.075195e+02
         vertex 9.696417e+01 5.543182e+01 2.560184e+02
      endloop
   endfacet
   facet normal 9.147612e-01 -2.736235e-01 -2.972240e-01
      outer loop
         vertex 1.372808e+02 1.006209e+02 1.546700e+02
         vertex 1.472436e+02 1.006209e+02 1.853323e+02
         vertex 1.099130e+02 1.978017e+01 1.448625e+02
      endloop
   endfacet
   facet normal 9.147612e-01 -2.736235e-01 -2.972240e-01
      outer loop
         vertex 1.099130e+02 1.978017e+01 1.448625e+02
         vertex 1.472436e+02 1.006209e+02 1.853323e+02
         vertex 1.308673e+02 1.978017e+01 2.093531e+02
      endloop
   endfacet
   facet normal 3.141916e-01 8.804063e-03 -9.493188e-01
      outer loop
         vertex 1.111986e+02 1.175716e+02 1.461949e+02
         vertex 1.372808e+02 1.006209e+02 1.546700e+02
         vertex 5.505565e+01 5.543182e+01 1.270372e+02
      endloop
   endfacet
   facet normal 3.141916e-01 8.804063e-03 -9.493188e-01
      outer loop
         vertex 5.505565e+01 5.543182e+01 1.270372e+02
         vertex 1.372808e+02 1.006209e+02 1.546700e+02
         vertex 1.099130e+02 1.978017e+01 1.448625e+02
      endloop
   endfacet
   facet normal -3.889574e-01 5.736592e-01 -7.208518e-01
      outer loop
         vertex 9.507925e+01 1.345223e+02 1.683821e+02
         vertex 1.111986e+02 1.175716e+02 1.461949e+02
         vertex 2.115251e+01 9.108347e+01 1.737025e+02
      endloop
   endfacet
   facet normal -3.889574e-01 5.736592e-01 -7.208518e-01
      outer loop
         vertex 2.115251e+01 9.108347e+01 1.737025e+02
         vertex 1.111986e+02 1.175716e+02 1.461949e+02
         vertex 5.505565e+01 5.543182e+01 1.270372e+02
      endloop
   endfacet
   facet normal -4.915366e-01 8.560867e-01 1.597099e-01
      outer loop
         vertex 1.050420e+02 1.345223e+02 1.990444e+02
         vertex 9.507925e+01 1.345223e+02 1.683821e+02
         vertex 4.210676e+01 9.108347e+01 2.381931e+02
      endloop
   endfacet
   facet normal -4.915367e-01 8.560867e-01 1.597099e-01
      outer loop
         vertex 4.210676e+01 9.108347e+01 2.381931e+02
         vertex 9.507925e+01 1.345223e+02 1.683821e+02
         vertex 2.115251e+01 9.108347e+01 1.737025e+02
      endloop
   endfacet
   facet normal 1.090329e-01 5.736592e-01 8.118048e-01
      outer loop
         vertex 1.311242e+02 1.175716e+02 2.075195e+02
         vertex 1.050420e+02 1.345223e+02 1.990444e+02
         vertex 9.696417e+01 5.543182e+01 2.560184e+02
      endloop
   endfacet
   facet normal 1.090330e-01 5.736592e-01 8.118048e-01
      outer loop
         vertex 9.696417e+01 5.543182e+01 2.560184e+02
         vertex 1.050420e+02 1.345223e+02 1.990444e+02
         vertex 4.210676e+01 9.108347e+01 2.381931e+02
      endloop
   endfacet
   facet normal 5.773849e-01 7.946267e-01 -1.876037e-01
      outer loop
         vertex 9.507925e+01 1.345223e+02 1.683821e+02
         vertex 1.050420e+02 1.345223e+02 1.990444e+02
         vertex 1.111986e+02 1.175716e+02 1.461949e+02
      endloop
   endfacet
   facet normal 5.773849e-01 7.946266e-01 -1.876037e-01
      outer loop
         vertex 1.111986e+02 1.175716e+02 1.461949e+02
         vertex 1.050420e+02 1.345223e+02 1.990444e+02
         vertex 1.311242e+02 1.175716e+02 2.075195e+02
      endloop
   endfacet
   facet normal 5.773851e-01 7.946265e-01 -1.876038e-01
      outer loop
         vertex 1.111986e+02 1.175716e+02 1.461949e+02
         vertex 1.311242e+02 1.175716e+02 2.075195e+02
         vertex 1.372808e+02 1.006209e+02 1.546700e+02
      endloop
   endfacet
   facet normal 5.773850e-01 7.946265e-01 -1.876038e-01
      outer loop
         vertex 1.372808e+02 1.006209e+02 1.546700e+02
         vertex 1.311242e+02 1.175716e+02 2.075195e+02
         vertex 1.472436e+02 1.006209e+02 1.853323e+02
      endloop
   endfacet
   facet normal -5.773877e-01 -7.946253e-01 1.876008e-01
      outer loop
         vertex 2.161957e+01 9.077993e+01 1.738543e+02
         vertex 2.115251e+01 9.108347e+01 1.737025e+02
         vertex 5.523406e+01 5.543182e+01 1.275863e+02
      endloop
   endfacet
   facet normal -5.773846e-01 -7.946267e-01 1.876042e-01
      outer loop
         vertex 5.523406e+01 5.543182e+01 1.275863e+02
         vertex 2.115251e+01 9.108347e+01 1.737025e+02
         vertex 5.505565e+01 5.543182e+01 1.270372e+02
      endloop
   endfacet
   facet normal -5.773851e-01 -7.946264e-01 1.876043e-01
      outer loop
         vertex 5.523406e+01 5.543182e+01 1.275863e+02
         vertex 5.505565e+01 5.543182e+01 1.270372e+02
         vertex 1.096244e+02 2.008372e+01 1.452598e+02
      endloop
   endfacet
   facet normal -5.773850e-01 -7.946265e-01 1.876042e-01
      outer loop
         vertex 1.096244e+02 2.008372e+01 1.452598e+02
         vertex 5.505565e+01 5.543182e+01 1.270372e+02
         vertex 1.099130e+02 1.978017e+01 1.448625e+02
      endloop
   endfacet
   facet normal -5.773853e-01 -7.946263e-01 1.876039e-01
      outer loop
         vertex 1.096244e+02 2.008372e+01 1.452598e+02
         vertex 1.099130e+02 1.978017e+01 1.448625e+02
         vertex 1.304002e+02 2.008372e+01 2.092013e+02
      endloop
   endfacet
   facet normal -5.773854e-01 -7.946262e-01 1.876039e-01
      outer loop
         vertex 1.304002e+02 2.008372e+01 2.092013e+02
         vertex 1.099130e+02 1.978017e+01 1.448625e+02
         vertex 1.308673e+02 1.978017e+01 2.093531e+02
      endloop
   endfacet
   facet normal -5.773853e-01 -7.946264e-01 1.876034e-01
      outer loop
         vertex 1.304002e+02 2.008372e+01 2.092013e+02
         vertex 1.308673e+02 1.978017e+01 2.093531e+02
         vertex 9.678575e+01 5.543182e+01 2.554693e+02
      endloop
   endfacet
   facet normal -5.773846e-01 -7.946267e-01 1.876042e-01
      outer loop
         vertex 9.678575e+01 5.543182e+01 2.554693e+02
         vertex 1.308673e+02 1.978017e+01 2.093531e+02
         vertex 9.696417e+01 5.543182e+01 2.560184e+02
      endloop
   endfacet
   facet normal -5.773850e-01 -7.946264e-01 1.876043e-01
      outer loop
         vertex 9.678575e+01 5.543182e+01 2.554693e+02
         vertex 9.696417e+01 5.543182e+01 2.560184e+02
         vertex 4.239542e+01 9.077993e+01 2.377958e+02
      endloop
   endfacet
   facet normal -5.773845e-01 -7.946279e-01 1.875999e-01
      outer loop
         vertex 4.239542e+01 9.077993e+01 2.377958e+02
         vertex 9.696417e+01 5.543182e+01 2.560184e+02
         vertex 4.210676e+01 9.108347e+01 2.381931e+02
      endloop
   endfacet
   facet normal -5.773818e-01 -7.946291e-01 1.876028e-01
      outer loop
         vertex 4.239542e+01 9.077993e+01 2.377958e+02
         vertex 4.210676e+01 9.108347e+01 2.381931e+02
         vertex 2.161957e+01 9.077993e+01 1.738543e+02
      endloop
   endfacet
   facet normal -5.773882e-01 -7.946240e-01 1.876047e-01
      outer loop
         vertex 2.161957e+01 9.077993e+01 1.738543e+02
         vertex 4.210676e+01 9.108347e+01 2.381931e+02
         vertex 2.115251e+01 9.108347e+01 1.737025e+02
      endloop
   endfacet
   facet normal -9.147612e-01 2.736235e-01 2.972239e-01
      outer loop
         vertex 1.466927e+02 1.005109e+02 1.853034e+02
         vertex 1.368521e+02 1.005109e+02 1.550171e+02
         vertex 1.304002e+02 2.008372e+01 2.092013e+02
      endloop
   endfacet
   facet normal -9.147612e-01 2.736235e-01 2.972240e-01
      outer loop
         vertex 1.304002e+02 2.008372e+01 2.092013e+02
         vertex 1.368521e+02 1.005109e+02 1.550171e+02
         vertex 1.096244e+02 2.008372e+01 1.452598e+02
      endloop
   endfacet
   facet normal -3.141916e-01 -8.804069e-03 9.493188e-01
      outer loop
         vertex 1.368521e+02 1.005109e+02 1.550171e+02
         vertex 1.110899e+02 1.172538e+02 1.466460e+02
         vertex 1.096244e+02 2.008372e+01 1.452598e+02
      endloop
   endfacet
   facet normal -3.141916e-01 -8.804069e-03 9.493188e-01
      outer loop
         vertex 1.096244e+02 2.008372e+01 1.452598e+02
         vertex 1.110899e+02 1.172538e+02 1.466460e+02
         vertex 5.523406e+01 5.543182e+01 1.275863e+02
      endloop
   endfacet
   facet normal 3.889574e-01 -5.736592e-01 7.208518e-01
      outer loop
         vertex 1.110899e+02 1.172538e+02 1.466460e+02
         vertex 9.516818e+01 1.339966e+02 1.685611e+02
         vertex 5.523406e+01 5.543182e+01 1.275863e+02
      endloop
   endfacet
   facet normal 3.889573e-01 -5.736592e-01 7.208519e-01
      outer loop
         vertex 5.523406e+01 5.543182e+01 1.275863e+02
         vertex 9.516818e+01 1.339966e+02 1.685611e+02
         vertex 2.161957e+01 9.077993e+01 1.738543e+02
      endloop
   endfacet
   facet normal 4.915366e-01 -8.560868e-01 -1.597099e-01
      outer loop
         vertex 9.516818e+01 1.339966e+02 1.685611e+02
         vertex 1.050088e+02 1.339966e+02 1.988473e+02
         vertex 2.161957e+01 9.077993e+01 1.738543e+02
      endloop
   endfacet
   facet normal 4.915366e-01 -8.560868e-01 -1.597099e-01
      outer loop
         vertex 2.161957e+01 9.077993e+01 1.738543e+02
         vertex 1.050088e+02 1.339966e+02 1.988473e+02
         vertex 4.239542e+01 9.077993e+01 2.377958e+02
      endloop
   endfacet
   facet normal -1.090330e-01 -5.736592e-01 -8.118047e-01
      outer loop
         vertex 1.050088e+02 1.339966e+02 1.988473e+02
         vertex 1.307710e+02 1.172538e+02 2.072184e+02
         vertex 4.239542e+01 9.077993e+01 2.377958e+02
      endloop
   endfacet
   facet normal -1.090330e-01 -5.736591e-01 -8.118048e-01
      outer loop
         vertex 4.239542e+01 9.077993e+01 2.377958e+02
         vertex 1.307710e+02 1.172538e+02 2.072184e+02
         vertex 9.678575e+01 5.543182e+01 2.554693e+02
      endloop
   endfacet
   facet normal -8.121819e-01 -8.804118e-03 -5.833378e-01
      outer loop
         vertex 1.307710e+02 1.172538e+02 2.072184e+02
         vertex 1.466927e+02 1.005109e+02 1.853034e+02
         vertex 9.678575e+01 5.543182e+01 2.554693e+02
      endloop
   endfacet
   facet normal -8.121819e-01 -8.804057e-03 -5.833378e-01
      outer loop
         vertex 9.678575e+01 5.543182e+01 2.554693e+02
         vertex 1.466927e+02 1.005109e+02 1.853034e+02
         vertex 1.304002e+02 2.008372e+01 2.092013e+02
      endloop
   endfacet
   facet normal -5.773849e-01 -7.946266e-01 1.876039e-01
      outer loop
         vertex 1.307710e+02 1.172538e+02 2.072184e+02
         vertex 1.050088e+02 1.339966e+02 1.988473e+02
         vertex 1.466927e+02 1.005109e+02 1.853034e+02
      endloop
   endfacet
   facet normal -5.773850e-01 -7.946266e-01 1.876037e-01
      outer loop
         vertex 1.466927e+02 1.005109e+02 1.853034e+02
         vertex 1.050088e+02 1.339966e+02 1.988473e+02
         vertex 9.516818e+01 1.339966e+02 1.685611e+02
      endloop
   endfacet
   facet normal -5.773850e-01 -7.946266e-01 1.876037e-01
      outer loop
         vertex 1.466927e+02 1.005109e+02 1.853034e+02
         vertex 9.516818e+01 1.339966e+02 1.685611e+02
         vertex 1.368521e+02 1.005109e+02 1.550171e+02
      endloop
   endfacet
   facet normal -5.773850e-01 -7.946266e-01 1.876036e-01
      outer loop
         vertex 1.368521e+02 1.005109e+02 1.550171e+02
         vertex 9.516818e+01 1.339966e+02 1.685611e+02
         vertex 1.110899e+02 1.172538e+02 1.466460e+02
      endloop
   endfacet
   facet normal 8.057652e-01 8.804058e-03 -5.921696e-01
      outer loop
         vertex 1.812202e+02 1.006209e+02 1.865938e+02
         vertex 1.973403e+02 1.175716e+02 2.087805e+02
         vertex 1.990047e+02 1.978017e+01 2.095914e+02
      endloop
   endfacet
   facet normal 8.057653e-01 8.804059e-03 -5.921696e-01
      outer loop
         vertex 1.990047e+02 1.978017e+01 2.095914e+02
         vertex 1.973403e+02 1.175716e+02 2.087805e+02
         vertex 2.329094e+02 5.543182e+01 2.562556e+02
      endloop
   endfacet
   facet normal 0.000000e+00 -2.736235e-01 -9.618369e-01
      outer loop
         vertex 1.489799e+02 1.006209e+02 1.865938e+02
         vertex 1.812202e+02 1.006209e+02 1.865938e+02
         vertex 1.311953e+02 1.978017e+01 2.095914e+02
      endloop
   endfacet
   facet normal 0.000000e+00 -2.736235e-01 -9.618369e-01
      outer loop
         vertex 1.311953e+02 1.978017e+01 2.095914e+02
         vertex 1.812202e+02 1.006209e+02 1.865938e+02
         vertex 1.990047e+02 1.978017e+01 2.095914e+02
      endloop
   endfacet
   facet normal -8.057653e-01 8.804040e-03 -5.921696e-01
      outer loop
         vertex 1.328598e+02 1.175716e+02 2.087805e+02
         vertex 1.489799e+02 1.006209e+02 1.865938e+02
         vertex 9.729064e+01 5.543182e+01 2.562556e+02
      endloop
   endfacet
   facet normal -8.057653e-01 8.804067e-03 -5.921696e-01
      outer loop
         vertex 9.729064e+01 5.543182e+01 2.562556e+02
         vertex 1.489799e+02 1.006209e+02 1.865938e+02
         vertex 1.311953e+02 1.978017e+01 2.095914e+02
      endloop
   endfacet
   facet normal -8.057652e-01 5.736592e-01 1.471650e-01
      outer loop
         vertex 1.489799e+02 1.345223e+02 2.309671e+02
         vertex 1.328598e+02 1.175716e+02 2.087805e+02
         vertex 1.311953e+02 9.108347e+01 3.029197e+02
      endloop
   endfacet
   facet normal -8.057652e-01 5.736592e-01 1.471649e-01
      outer loop
         vertex 1.311953e+02 9.108347e+01 3.029197e+02
         vertex 1.328598e+02 1.175716e+02 2.087805e+02
         vertex 9.729064e+01 5.543182e+01 2.562556e+02
      endloop
   endfacet
   facet normal 0.000000e+00 8.560867e-01 5.168322e-01
      outer loop
         vertex 1.812202e+02 1.345223e+02 2.309671e+02
         vertex 1.489799e+02 1.345223e+02 2.309671e+02
         vertex 1.990047e+02 9.108347e+01 3.029197e+02
      endloop
   endfacet
   facet normal 0.000000e+00 8.560867e-01 5.168322e-01
      outer loop
         vertex 1.990047e+02 9.108347e+01 3.029197e+02
         vertex 1.489799e+02 1.345223e+02 2.309671e+02
         vertex 1.311953e+02 9.108347e+01 3.029197e+02
      endloop
   endfacet
   facet normal 8.057652e-01 5.736592e-01 1.471650e-01
      outer loop
         vertex 1.973403e+02 1.175716e+02 2.087805e+02
         vertex 1.812202e+02 1.345223e+02 2.309671e+02
         vertex 2.329094e+02 5.543182e+01 2.562556e+02
      endloop
   endfacet
   facet normal 8.057652e-01 5.736592e-01 1.471649e-01
      outer loop
         vertex 2.329094e+02 5.543182e+01 2.562556e+02
         vertex 1.812202e+02 1.345223e+02 2.309671e+02
         vertex 1.990047e+02 9.108347e+01 3.029197e+02
      endloop
   endfacet
   facet normal 0.000000e+00 7.946266e-01 -6.070985e-01
      outer loop
         vertex 1.812202e+02 1.345223e+02 2.309671e+02
         vertex 1.973403e+02 1.175716e+02 2.087805e+02
         vertex 1.489799e+02 1.345223e+02 2.309671e+02
      endloop
   endfacet
   facet normal -7.428016e-08 7.946265e-01 -6.070986e-01
      outer loop
         vertex 1.489799e+02 1.345223e+02 2.309671e+02
         vertex 1.973403e+02 1.175716e+02 2.087805e+02
         vertex 1.812202e+02 1.006209e+02 1.865938e+02
      endloop
   endfacet
   facet normal 7.428017e-08 7.946266e-01 -6.070985e-01
      outer loop
         vertex 1.489799e+02 1.345223e+02 2.309671e+02
         vertex 1.812202e+02 1.006209e+02 1.865938e+02
         vertex 1.328598e+02 1.175716e+02 2.087805e+02
      endloop
   endfacet
   facet normal 0.000000e+00 7.946265e-01 -6.070986e-01
      outer loop
         vertex 1.328598e+02 1.175716e+02 2.087805e+02
         vertex 1.812202e+02 1.006209e+02 1.865938e+02
         vertex 1.489799e+02 1.006209e+02 1.865938e+02
      endloop
   endfacet
   facet normal 5.473881e-08 -7.946266e-01 6.070984e-01
      outer loop
         vertex 1.987161e+02 2.008372e+01 2.099887e+02
         vertex 1.990047e+02 1.978017e+01 2.095914e+02
         vertex 2.323321e+02 5.543182e+01 2.562556e+02
      endloop
   endfacet
   facet normal 0.000000e+00 -7.946266e-01 6.070985e-01
      outer loop
         vertex 2.323321e+02 5.543182e+01 2.562556e+02
         vertex 1.990047e+02 1.978017e+01 2.095914e+02
         vertex 2.329094e+02 5.543182e+01 2.562556e+02
      endloop
   endfacet
   facet normal 0.000000e+00 -7.946266e-01 6.070985e-01
      outer loop
         vertex 2.323321e+02 5.543182e+01 2.562556e+02
         vertex 2.329094e+02 5.543182e+01 2.562556e+02
         vertex 1.987161e+02 9.077993e+01 3.025224e+02
      endloop
   endfacet
   facet normal -3.254617e-06 -7.946277e-01 6.070970e-01
      outer loop
         vertex 1.987161e+02 9.077993e+01 3.025224e+02
         vertex 2.329094e+02 5.543182e+01 2.562556e+02
         vertex 1.990047e+02 9.108347e+01 3.029197e+02
      endloop
   endfacet
   facet normal 0.000000e+00 -7.946289e-01 6.070955e-01
      outer loop
         vertex 1.987161e+02 9.077993e+01 3.025224e+02
         vertex 1.990047e+02 9.108347e+01 3.029197e+02
         vertex 1.314840e+02 9.077993e+01 3.025224e+02
      endloop
   endfacet
   facet normal 0.000000e+00 -7.946289e-01 6.070955e-01
      outer loop
         vertex 1.314840e+02 9.077993e+01 3.025224e+02
         vertex 1.990047e+02 9.108347e+01 3.029197e+02
         vertex 1.311953e+02 9.108347e+01 3.029197e+02
      endloop
   endfacet
   facet normal 3.282565e-06 -7.946277e-01 6.070970e-01
      outer loop
         vertex 1.314840e+02 9.077993e+01 3.025224e+02
         vertex 1.311953e+02 9.108347e+01 3.029197e+02
         vertex 9.786799e+01 5.543182e+01 2.562556e+02
      endloop
   endfacet
   facet normal 0.000000e+00 -7.946266e-01 6.070985e-01
      outer loop
         vertex 9.786799e+01 5.543182e+01 2.562556e+02
         vertex 1.311953e+02 9.108347e+01 3.029197e+02
         vertex 9.729064e+01 5.543182e+01 2.562556e+02
      endloop
   endfacet
   facet normal 0.000000e+00 -7.946266e-01 6.070985e-01
      outer loop
         vertex 9.786799e+01 5.543182e+01 2.562556e+02
         vertex 9.729064e+01 5.543182e+01 2.562556e+02
         vertex 1.314840e+02 2.008372e+01 2.099887e+02
      endloop
   endfacet
   facet normal -5.427275e-08 -7.946266e-01 6.070984e-01
      outer loop
         vertex 1.314840e+02 2.008372e+01 2.099887e+02
         vertex 9.729064e+01 5.543182e+01 2.562556e+02
         vertex 1.311953e+02 1.978017e+01 2.095914e+02
      endloop
   endfacet
   facet normal 0.000000e+00 -7.946266e-01 6.070984e-01
      outer loop
         vertex 1.314840e+02 2.008372e+01 2.099887e+02
         vertex 1.311953e+02 1.978017e+01 2.095914e+02
         vertex 1.987161e+02 2.008372e+01 2.099887e+02
      endloop
   endfacet
   facet normal 0.000000e+00 -7.946266e-01 6.070984e-01
      outer loop
         vertex 1.987161e+02 2.008372e+01 2.099887e+02
         vertex 1.311953e+02 1.978017e+01 2.095914e+02
         vertex 1.990047e+02 1.978017e+01 2.095914e+02
      endloop
   endfacet
   facet normal 0.000000e+00 2.736235e-01 9.618369e-01
      outer loop
         vertex 1.810225e+02 1.005109e+02 1.871087e+02
         vertex 1.491776e+02 1.005109e+02 1.871087e+02
         vertex 1.987161e+02 2.008372e+01 2.099887e+02
      endloop
   endfacet
   facet normal 0.000000e+00 2.736235e-01 9.618369e-01
      outer loop
         vertex 1.987161e+02 2.008372e+01 2.099887e+02
         vertex 1.491776e+02 1.005109e+02 1.871087e+02
         vertex 1.314840e+02 2.008372e+01 2.099887e+02
      endloop
   endfacet
   facet normal 8.057652e-01 -8.804044e-03 5.921696e-01
      outer loop
         vertex 1.491776e+02 1.005109e+02 1.871087e+02
         vertex 1.332552e+02 1.172538e+02 2.090233e+02
         vertex 1.314840e+02 2.008372e+01 2.099887e+02
      endloop
   endfacet
   facet normal 8.057653e-01 -8.804046e-03 5.921696e-01
      outer loop
         vertex 1.314840e+02 2.008372e+01 2.099887e+02
         vertex 1.332552e+02 1.172538e+02 2.090233e+02
         vertex 9.786799e+01 5.543182e+01 2.562556e+02
      endloop
   endfacet
   facet normal 8.057652e-01 -5.736592e-01 -1.471650e-01
      outer loop
         vertex 1.332552e+02 1.172538e+02 2.090233e+02
         vertex 1.491776e+02 1.339966e+02 2.309379e+02
         vertex 9.786799e+01 5.543182e+01 2.562556e+02
      endloop
   endfacet
   facet normal 8.057653e-01 -5.736592e-01 -1.471649e-01
      outer loop
         vertex 9.786799e+01 5.543182e+01 2.562556e+02
         vertex 1.491776e+02 1.339966e+02 2.309379e+02
         vertex 1.314840e+02 9.077993e+01 3.025224e+02
      endloop
   endfacet
   facet normal 0.000000e+00 -8.560868e-01 -5.168321e-01
      outer loop
         vertex 1.491776e+02 1.339966e+02 2.309379e+02
         vertex 1.810225e+02 1.339966e+02 2.309379e+02
         vertex 1.314840e+02 9.077993e+01 3.025224e+02
      endloop
   endfacet
   facet normal 0.000000e+00 -8.560868e-01 -5.168321e-01
      outer loop
         vertex 1.314840e+02 9.077993e+01 3.025224e+02
         vertex 1.810225e+02 1.339966e+02 2.309379e+02
         vertex 1.987161e+02 9.077993e+01 3.025224e+02
      endloop
   endfacet
   facet normal -8.057652e-01 -5.736593e-01 -1.471650e-01
      outer loop
         vertex 1.810225e+02 1.339966e+02 2.309379e+02
         vertex 1.969449e+02 1.172538e+02 2.090233e+02
         vertex 1.987161e+02 9.077993e+01 3.025224e+02
      endloop
   endfacet
   facet normal -8.057653e-01 -5.736591e-01 -1.471649e-01
      outer loop
         vertex 1.987161e+02 9.077993e+01 3.025224e+02
         vertex 1.969449e+02 1.172538e+02 2.090233e+02
         vertex 2.323321e+02 5.543182e+01 2.562556e+02
      endloop
   endfacet
   facet normal -8.057653e-01 -8.804011e-03 5.921696e-01
      outer loop
         vertex 1.969449e+02 1.172538e+02 2.090233e+02
         vertex 1.810225e+02 1.005109e+02 1.871087e+02
         vertex 2.323321e+02 5.543182e+01 2.562556e+02
      endloop
   endfacet
   facet normal -8.057653e-01 -8.804061e-03 5.921696e-01
      outer loop
         vertex 2.323321e+02 5.543182e+01 2.562556e+02
         vertex 1.810225e+02 1.005109e+02 1.871087e+02
         vertex 1.987161e+02 2.008372e+01 2.099887e+02
      endloop
   endfacet
   facet normal 0.000000e+00 -7.946267e-01 6.070984e-01
      outer loop
         vertex 1.491776e+02 1.339966e+02 2.309379e+02
         vertex 1.332552e+02 1.172538e+02 2.090233e+02
         vertex 1.810225e+02 1.339966e+02 2.309379e+02
      endloop
   endfacet
   facet normal -9.295747e-08 -7.946266e-01 6.070985e-01
      outer loop
         vertex 1.810225e+02 1.339966e+02 2.309379e+02
         vertex 1.332552e+02 1.172538e+02 2.090233e+02
         vertex 1.491776e+02 1.005109e+02 1.871087e+02
      endloop
   endfacet
   facet normal 9.295748e-08 -7.946266e-01 6.070984e-01
      outer loop
         vertex 1.810225e+02 1.339966e+02 2.309379e+02
         vertex 1.491776e+02 1.005109e+02 1.871087e+02
         vertex 1.969449e+02 1.172538e+02 2.090233e+02
      endloop
   endfacet
   facet normal 0.000000e+00 -7.946265e-01 6.070986e-01
      outer loop
         vertex 1.969449e+02 1.172538e+02 2.090233e+02
         vertex 1.491776e+02 1.005109e+02 1.871087e+02
         vertex 1.810225e+02 1.005109e+02 1.871087e+02
      endloop
   endfacet
   facet normal -3.141916e-01 8.804063e-03 -9.493188e-01
      outer loop
         vertex 1.929193e+02 1.006209e+02 1.546700e+02
         vertex 2.190014e+02 1.175716e+02 1.461949e+02
         vertex 2.202870e+02 1.978017e+01 1.448625e+02
      endloop
   endfacet
   facet normal -3.141916e-01 8.804063e-03 -9.493188e-01
      outer loop
         vertex 2.202870e+02 1.978017e+01 1.448625e+02
         vertex 2.190014e+02 1.175716e+02 1.461949e+02
         vertex 2.751444e+02 5.543182e+01 1.270372e+02
      endloop
   endfacet
   facet normal -9.147612e-01 -2.736235e-01 -2.972240e-01
      outer loop
         vertex 1.829565e+02 1.006209e+02 1.853323e+02
         vertex 1.929193e+02 1.006209e+02 1.546700e+02
         vertex 1.993328e+02 1.978017e+01 2.093531e+02
      endloop
   endfacet
   facet normal -9.147612e-01 -2.736235e-01 -2.972240e-01
      outer loop
         vertex 1.993328e+02 1.978017e+01 2.093531e+02
         vertex 1.929193e+02 1.006209e+02 1.546700e+02
         vertex 2.202870e+02 1.978017e+01 1.448625e+02
      endloop
   endfacet
   facet normal -8.121819e-01 8.804102e-03 5.833378e-01
      outer loop
         vertex 1.990759e+02 1.175716e+02 2.075195e+02
         vertex 1.829565e+02 1.006209e+02 1.853323e+02
         vertex 2.332359e+02 5.543182e+01 2.560184e+02
      endloop
   endfacet
   facet normal -8.121819e-01 8.804072e-03 5.833378e-01
      outer loop
         vertex 2.332359e+02 5.543182e+01 2.560184e+02
         vertex 1.829565e+02 1.006209e+02 1.853323e+02
         vertex 1.993328e+02 1.978017e+01 2.093531e+02
      endloop
   endfacet
   facet normal -1.090330e-01 5.736592e-01 8.118048e-01
      outer loop
         vertex 2.251580e+02 1.345223e+02 1.990444e+02
         vertex 1.990759e+02 1.175716e+02 2.075195e+02
         vertex 2.880933e+02 9.108347e+01 2.381931e+02
      endloop
   endfacet
   facet normal -1.090330e-01 5.736591e-01 8.118048e-01
      outer loop
         vertex 2.880933e+02 9.108347e+01 2.381931e+02
         vertex 1.990759e+02 1.175716e+02 2.075195e+02
         vertex 2.332359e+02 5.543182e+01 2.560184e+02
      endloop
   endfacet
   facet normal 4.915367e-01 8.560867e-01 1.597100e-01
      outer loop
         vertex 2.351208e+02 1.345223e+02 1.683821e+02
         vertex 2.251580e+02 1.345223e+02 1.990444e+02
         vertex 3.090476e+02 9.108347e+01 1.737025e+02
      endloop
   endfacet
   facet normal 4.915367e-01 8.560867e-01 1.597099e-01
      outer loop
         vertex 3.090476e+02 9.108347e+01 1.737025e+02
         vertex 2.251580e+02 1.345223e+02 1.990444e+02
         vertex 2.880933e+02 9.108347e+01 2.381931e+02
      endloop
   endfacet
   facet normal 3.889573e-01 5.736592e-01 -7.208518e-01
      outer loop
         vertex 2.190014e+02 1.175716e+02 1.461949e+02
         vertex 2.351208e+02 1.345223e+02 1.683821e+02
         vertex 2.751444e+02 5.543182e+01 1.270372e+02
      endloop
   endfacet
   facet normal 3.889574e-01 5.736592e-01 -7.208518e-01
      outer loop
         vertex 2.751444e+02 5.543182e+01 1.270372e+02
         vertex 2.351208e+02 1.345223e+02 1.683821e+02
         vertex 3.090476e+02 9.108347e+01 1.737025e+02
      endloop
   endfacet
   facet normal -5.773850e-01 7.946265e-01 -1.876038e-01
      outer loop
         vertex 1.829565e+02 1.006209e+02 1.853323e+02
         vertex 1.990759e+02 1.175716e+02 2.075195e+02
         vertex 1.929193e+02 1.006209e+02 1.546700e+02
      endloop
   endfacet
   facet normal -5.773849e-01 7.946266e-01 -1.876038e-01
      outer loop
         vertex 1.929193e+02 1.006209e+02 1.546700e+02
         vertex 1.990759e+02 1.175716e+02 2.075195e+02
         vertex 2.251580e+02 1.345223e+02 1.990444e+02
      endloop
   endfacet
   facet normal -5.773851e-01 7.946265e-01 -1.876037e-01
      outer loop
         vertex 1.929193e+02 1.006209e+02 1.546700e+02
         vertex 2.251580e+02 1.345223e+02 1.990444e+02
         vertex 2.190014e+02 1.175716e+02 1.461949e+02
      endloop
   endfacet
   facet normal -5.773849e-01 7.946267e-01 -1.876037e-01
      outer loop
         vertex 2.190014e+02 1.175716e+02 1.461949e+02
         vertex 2.251580e+02 1.345223e+02 1.990444e+02
         vertex 2.351208e+02 1.345223e+02 1.683821e+02
      endloop
   endfacet
   facet normal 5.773846e-01 -7.946268e-01 1.876042e-01
      outer loop
         vertex 2.334143e+02 5.543182e+01 2.554693e+02
         vertex 2.332359e+02 5.543182e+01 2.560184e+02
         vertex 1.997998e+02 2.008372e+01 2.092013e+02
      endloop
   endfacet
   facet normal 5.773853e-01 -7.946264e-01 1.876034e-01
      outer loop
         vertex 1.997998e+02 2.008372e+01 2.092013e+02
         vertex 2.332359e+02 5.543182e+01 2.560184e+02
         vertex 1.993328e+02 1.978017e+01 2.093531e+02
      endloop
   endfacet
   facet normal 5.773854e-01 -7.946262e-01 1.876039e-01
      outer loop
         vertex 1.997998e+02 2.008372e+01 2.092013e+02
         vertex 1.993328e+02 1.978017e+01 2.093531e+02
         vertex 2.205757e+02 2.008372e+01 1.452598e+02
      endloop
   endfacet
   facet normal 5.773853e-01 -7.946263e-01 1.876039e-01
      outer loop
         vertex 2.205757e+02 2.008372e+01 1.452598e+02
         vertex 1.993328e+02 1.978017e+01 2.093531e+02
         vertex 2.202870e+02 1.978017e+01 1.448625e+02
      endloop
   endfacet
   facet normal 5.773850e-01 -7.946265e-01 1.876042e-01
      outer loop
         vertex 2.205757e+02 2.008372e+01 1.452598e+02
         vertex 2.202870e+02 1.978017e+01 1.448625e+02
         vertex 2.749660e+02 5.543182e+01 1.275863e+02
      endloop
   endfacet
   facet normal 5.773850e-01 -7.946264e-01 1.876043e-01
      outer loop
         vertex 2.749660e+02 5.543182e+01 1.275863e+02
         vertex 2.202870e+02 1.978017e+01 1.448625e+02
         vertex 2.751444e+02 5.543182e+01 1.270372e+02
      endloop
   endfacet
   facet normal 5.773846e-01 -7.946268e-01 1.876042e-01
      outer loop
         vertex 2.749660e+02 5.543182e+01 1.275863e+02
         vertex 2.751444e+02 5.543182e+01 1.270372e+02
         vertex 3.085805e+02 9.077993e+01 1.738543e+02
      endloop
   endfacet
   facet normal 5.773877e-01 -7.946253e-01 1.876008e-01
      outer loop
         vertex 3.085805e+02 9.077993e+01 1.738543e+02
         vertex 2.751444e+02 5.543182e+01 1.270372e+02
         vertex 3.090476e+02 9.108347e+01 1.737025e+02
      endloop
   endfacet
   facet normal 5.773882e-01 -7.946240e-01 1.876048e-01
      outer loop
         vertex 3.085805e+02 9.077993e+01 1.738543e+02
         vertex 3.090476e+02 9.108347e+01 1.737025e+02
         vertex 2.878047e+02 9.077993e+01 2.377958e+02
      endloop
   endfacet
   facet normal 5.773819e-01 -7.946291e-01 1.876027e-01
      outer loop
         vertex 2.878047e+02 9.077993e+01 2.377958e+02
         vertex 3.090476e+02 9.108347e+01 1.737025e+02
         vertex 2.880933e+02 9.108347e+01 2.381931e+02
      endloop
   endfacet
   facet normal 5.773845e-01 -7.946278e-01 1.875998e-01
      outer loop
         vertex 2.878047e+02 9.077993e+01 2.377958e+02
         vertex 2.880933e+02 9.108347e+01 2.381931e+02
         vertex 2.334143e+02 5.543182e+01 2.554693e+02
      endloop
   endfacet
   facet normal 5.773850e-01 -7.946264e-01 1.876043e-01
      outer loop
         vertex 2.334143e+02 5.543182e+01 2.554693e+02
         vertex 2.880933e+02 9.108347e+01 2.381931e+02
         vertex 2.332359e+02 5.543182e+01 2.560184e+02
      endloop
   endfacet
   facet normal 9.147612e-01 2.736235e-01 2.972239e-01
      outer loop
         vertex 1.933479e+02 1.005109e+02 1.550171e+02
         vertex 1.835073e+02 1.005109e+02 1.853034e+02
         vertex 2.205757e+02 2.008372e+01 1.452598e+02
      endloop
   endfacet
   facet normal 9.147612e-01 2.736235e-01 2.972240e-01
      outer loop
         vertex 2.205757e+02 2.008372e+01 1.452598e+02
         vertex 1.835073e+02 1.005109e+02 1.853034e+02
         vertex 1.997998e+02 2.008372e+01 2.092013e+02
      endloop
   endfacet
   facet normal 8.121819e-01 -8.804077e-03 -5.833379e-01
      outer loop
         vertex 1.835073e+02 1.005109e+02 1.853034e+02
         vertex 1.994290e+02 1.172538e+02 2.072184e+02
         vertex 1.997998e+02 2.008372e+01 2.092013e+02
      endloop
   endfacet
   facet normal 8.121819e-01 -8.804076e-03 -5.833378e-01
      outer loop
         vertex 1.997998e+02 2.008372e+01 2.092013e+02
         vertex 1.994290e+02 1.172538e+02 2.072184e+02
         vertex 2.334143e+02 5.543182e+01 2.554693e+02
      endloop
   endfacet
   facet normal 1.090329e-01 -5.736592e-01 -8.118048e-01
      outer loop
         vertex 1.994290e+02 1.172538e+02 2.072184e+02
         vertex 2.251913e+02 1.339966e+02 1.988473e+02
         vertex 2.334143e+02 5.543182e+01 2.554693e+02
      endloop
   endfacet
   facet normal 1.090330e-01 -5.736592e-01 -8.118048e-01
      outer loop
         vertex 2.334143e+02 5.543182e+01 2.554693e+02
         vertex 2.251913e+02 1.339966e+02 1.988473e+02
         vertex 2.878047e+02 9.077993e+01 2.377958e+02
      endloop
   endfacet
   facet normal -4.915366e-01 -8.560868e-01 -1.597099e-01
      outer loop
         vertex 2.251913e+02 1.339966e+02 1.988473e+02
         vertex 2.350319e+02 1.339966e+02 1.685611e+02
         vertex 2.878047e+02 9.077993e+01 2.377958e+02
      endloop
   endfacet
   facet normal -4.915366e-01 -8.560868e-01 -1.597099e-01
      outer loop
         vertex 2.878047e+02 9.077993e+01 2.377958e+02
         vertex 2.350319e+02 1.339966e+02 1.685611e+02
         vertex 3.085805e+02 9.077993e+01 1.738543e+02
      endloop
   endfacet
   facet normal -3.889573e-01 -5.736593e-01 7.208518e-01
      outer loop
         vertex 2.350319e+02 1.339966e+02 1.685611e+02
         vertex 2.191102e+02 1.172538e+02 1.466460e+02
         vertex 3.085805e+02 9.077993e+01 1.738543e+02
      endloop
   endfacet
   facet normal -3.889573e-01 -5.736591e-01 7.208519e-01
      outer loop
         vertex 3.085805e+02 9.077993e+01 1.738543e+02
         vertex 2.191102e+02 1.172538e+02 1.466460e+02
         vertex 2.749660e+02 5.543182e+01 1.275863e+02
      endloop
   endfacet
   facet normal 3.141916e-01 -8.804073e-03 9.493188e-01
      outer loop
         vertex 2.191102e+02 1.172538e+02 1.466460e+02
         vertex 1.933479e+02 1.005109e+02 1.550171e+02
         vertex 2.749660e+02 5.543182e+01 1.275863e+02
      endloop
   endfacet
   facet normal 3.141916e-01 -8.804067e-03 9.493188e-01
      outer loop
         vertex 2.749660e+02 5.543182e+01 1.275863e+02
         vertex 1.933479e+02 1.005109e+02 1.550171e+02
         vertex 2.205757e+02 2.008372e+01 1.452598e+02
      endloop
   endfacet
   facet normal 5.773851e-01 -7.946265e-01 1.876038e-01
      outer loop
         vertex 1.835073e+02 1.005109e+02 1.853034e+02
         vertex 1.933479e+02 1.005109e+02 1.550171e+02
         vertex 1.994290e+02 1.172538e+02 2.072184e+02
      endloop
   endfacet
   facet normal 5.773850e-01 -7.946265e-01 1.876038e-01
      outer loop
         vertex 1.994290e+02 1.172538e+02 2.072184e+02
         vertex 1.933479e+02 1.005109e+02 1.550171e+02
         vertex 2.191102e+02 1.172538e+02 1.466460e+02
      endloop
   endfacet
   facet normal 5.773849e-01 -7.946267e-01 1.876037e-01
      outer loop
         vertex 1.994290e+02 1.172538e+02 2.072184e+02
         vertex 2.191102e+02 1.172538e+02 1.466460e+02
         vertex 2.251913e+02 1.339966e+02 1.988473e+02
      endloop
   endfacet
   facet normal 5.773849e-01 -7.946267e-01 1.876037e-01
      outer loop
         vertex 2.251913e+02 1.339966e+02 1.988473e+02
         vertex 2.191102e+02 1.172538e+02 1.466460e+02
         vertex 2.350319e+02 1.339966e+02 1.685611e+02
      endloop
   endfacet
   facet normal -9.999463e-01 8.804064e-03 5.458350e-03
      outer loop
         vertex 1.661732e+02 1.006209e+02 1.336784e+02
         vertex 1.661727e+02 1.175716e+02 1.062539e+02
         vertex 1.653028e+02 1.978017e+01 1.046195e+02
      endloop
   endfacet
   facet normal -9.999463e-01 8.804064e-03 5.458349e-03
      outer loop
         vertex 1.653028e+02 1.978017e+01 1.046195e+02
         vertex 1.661727e+02 1.175716e+02 1.062539e+02
         vertex 1.653018e+02 5.543182e+01 4.693870e+01
      endloop
   endfacet
   facet normal -5.653535e-01 -2.736235e-01 7.781424e-01
      outer loop
         vertex 1.922561e+02 1.006209e+02 1.526288e+02
         vertex 1.661732e+02 1.006209e+02 1.336784e+02
         vertex 2.201617e+02 1.978017e+01 1.444769e+02
      endloop
   endfacet
   facet normal -5.653535e-01 -2.736235e-01 7.781424e-01
      outer loop
         vertex 2.201617e+02 1.978017e+01 1.444769e+02
         vertex 1.661732e+02 1.006209e+02 1.336784e+02
         vertex 1.653028e+02 1.978017e+01 1.046195e+02
      endloop
   endfacet
   facet normal 3.038092e-01 8.804041e-03 9.526922e-01
      outer loop
         vertex 2.183385e+02 1.175716e+02 1.441546e+02
         vertex 1.922561e+02 1.006209e+02 1.526288e+02
         vertex 2.750197e+02 5.543182e+01 1.266534e+02
      endloop
   endfacet
   facet normal 3.038092e-01 8.804067e-03 9.526922e-01
      outer loop
         vertex 2.750197e+02 5.543182e+01 1.266534e+02
         vertex 1.922561e+02 1.006209e+02 1.526288e+02
         vertex 2.201617e+02 1.978017e+01 1.444769e+02
      endloop
   endfacet
   facet normal 7.383791e-01 5.736592e-01 3.545580e-01
      outer loop
         vertex 2.183380e+02 1.345223e+02 1.167300e+02
         vertex 2.183385e+02 1.175716e+02 1.441546e+02
         vertex 2.750188e+02 9.108347e+01 6.897263e+01
      endloop
   endfacet
   facet normal 7.383792e-01 5.736592e-01 3.545580e-01
      outer loop
         vertex 2.750188e+02 9.108347e+01 6.897263e+01
         vertex 2.183385e+02 1.175716e+02 1.441546e+02
         vertex 2.750197e+02 5.543182e+01 1.266534e+02
      endloop
   endfacet
   facet normal 3.037864e-01 8.560867e-01 -4.181260e-01
      outer loop
         vertex 1.922551e+02 1.345223e+02 9.777967e+01
         vertex 2.183380e+02 1.345223e+02 1.167300e+02
         vertex 2.201598e+02 9.108347e+01 2.911526e+01
      endloop
   endfacet
   facet normal 3.037864e-01 8.560867e-01 -4.181260e-01
      outer loop
         vertex 2.201598e+02 9.108347e+01 2.911526e+01
         vertex 2.183380e+02 1.345223e+02 1.167300e+02
         vertex 2.750188e+02 9.108347e+01 6.897263e+01
      endloop
   endfacet
   facet normal -5.653764e-01 5.736592e-01 -5.926759e-01
      outer loop
         vertex 1.661727e+02 1.175716e+02 1.062539e+02
         vertex 1.922551e+02 1.345223e+02 9.777967e+01
         vertex 1.653018e+02 5.543182e+01 4.693870e+01
      endloop
   endfacet
   facet normal -5.653764e-01 5.736592e-01 -5.926759e-01
      outer loop
         vertex 1.653018e+02 5.543182e+01 4.693870e+01
         vertex 1.922551e+02 1.345223e+02 9.777967e+01
         vertex 2.201598e+02 9.108347e+01 2.911526e+01
      endloop
   endfacet
   facet normal -3.568435e-01 7.946267e-01 4.911529e-01
      outer loop
         vertex 1.922551e+02 1.345223e+02 9.777967e+01
         vertex 1.661727e+02 1.175716e+02 1.062539e+02
         vertex 2.183380e+02 1.345223e+02 1.167300e+02
      endloop
   endfacet
   facet normal -3.568435e-01 7.946266e-01 4.911531e-01
      outer loop
         vertex 2.183380e+02 1.345223e+02 1.167300e+02
         vertex 1.661727e+02 1.175716e+02 1.062539e+02
         vertex 1.661732e+02 1.006209e+02 1.336784e+02
      endloop
   endfacet
   facet normal -3.568436e-01 7.946266e-01 4.911529e-01
      outer loop
         vertex 2.183380e+02 1.345223e+02 1.167300e+02
         vertex 1.661732e+02 1.006209e+02 1.336784e+02
         vertex 2.183385e+02 1.175716e+02 1.441546e+02
      endloop
   endfacet
   facet normal -3.568436e-01 7.946265e-01 4.911531e-01
      outer loop
         vertex 2.183385e+02 1.175716e+02 1.441546e+02
         vertex 1.661732e+02 1.006209e+02 1.336784e+02
         vertex 1.922561e+02 1.006209e+02 1.526288e+02
      endloop
   endfacet
   facet normal 3.568323e-01 -7.946302e-01 -4.911553e-01
      outer loop
         vertex 2.745517e+02 9.077993e+01 6.912439e+01
         vertex 2.750188e+02 9.108347e+01 6.897263e+01
         vertex 2.745526e+02 5.543182e+01 1.263141e+02
      endloop
   endfacet
   facet normal 3.568458e-01 -7.946259e-01 -4.911526e-01
      outer loop
         vertex 2.745526e+02 5.543182e+01 1.263141e+02
         vertex 2.750188e+02 9.108347e+01 6.897263e+01
         vertex 2.750197e+02 5.543182e+01 1.266534e+02
      endloop
   endfacet
   facet normal 3.568446e-01 -7.946273e-01 -4.911510e-01
      outer loop
         vertex 2.745526e+02 5.543182e+01 1.263141e+02
         vertex 2.750197e+02 5.543182e+01 1.266534e+02
         vertex 2.201617e+02 2.008372e+01 1.439857e+02
      endloop
   endfacet
   facet normal 3.568427e-01 -7.946260e-01 -4.911546e-01
      outer loop
         vertex 2.201617e+02 2.008372e+01 1.439857e+02
         vertex 2.750197e+02 5.543182e+01 1.266534e+02
         vertex 2.201617e+02 1.978017e+01 1.444769e+02
      endloop
   endfacet
   facet normal 3.568444e-01 -7.946255e-01 -4.911542e-01
      outer loop
         vertex 2.201617e+02 2.008372e+01 1.439857e+02
         vertex 2.201617e+02 1.978017e+01 1.444769e+02
         vertex 1.657699e+02 2.008372e+01 1.044677e+02
      endloop
   endfacet
   facet normal 3.568439e-01 -7.946261e-01 -4.911535e-01
      outer loop
         vertex 1.657699e+02 2.008372e+01 1.044677e+02
         vertex 2.201617e+02 1.978017e+01 1.444769e+02
         vertex 1.653028e+02 1.978017e+01 1.046195e+02
      endloop
   endfacet
   facet normal 3.568443e-01 -7.946263e-01 -4.911528e-01
      outer loop
         vertex 1.657699e+02 2.008372e+01 1.044677e+02
         vertex 1.653028e+02 1.978017e+01 1.046195e+02
         vertex 1.657689e+02 5.543182e+01 4.727805e+01
      endloop
   endfacet
   facet normal 3.568445e-01 -7.946263e-01 -4.911528e-01
      outer loop
         vertex 1.657689e+02 5.543182e+01 4.727805e+01
         vertex 1.653028e+02 1.978017e+01 1.046195e+02
         vertex 1.653018e+02 5.543182e+01 4.693870e+01
      endloop
   endfacet
   facet normal 3.568440e-01 -7.946269e-01 -4.911521e-01
      outer loop
         vertex 1.657689e+02 5.543182e+01 4.727805e+01
         vertex 1.653018e+02 5.543182e+01 4.693870e+01
         vertex 2.201598e+02 9.077993e+01 2.960637e+01
      endloop
   endfacet
   facet normal 3.568477e-01 -7.946293e-01 -4.911456e-01
      outer loop
         vertex 2.201598e+02 9.077993e+01 2.960637e+01
         vertex 1.653018e+02 5.543182e+01 4.693870e+01
         vertex 2.201598e+02 9.108347e+01 2.911526e+01
      endloop
   endfacet
   facet normal 3.568394e-01 -7.946320e-01 -4.911472e-01
      outer loop
         vertex 2.201598e+02 9.077993e+01 2.960637e+01
         vertex 2.201598e+02 9.108347e+01 2.911526e+01
         vertex 2.745517e+02 9.077993e+01 6.912439e+01
      endloop
   endfacet
   facet normal 3.568380e-01 -7.946338e-01 -4.911453e-01
      outer loop
         vertex 2.745517e+02 9.077993e+01 6.912439e+01
         vertex 2.201598e+02 9.108347e+01 2.911526e+01
         vertex 2.750188e+02 9.108347e+01 6.897263e+01
      endloop
   endfacet
   facet normal 5.653535e-01 2.736235e-01 -7.781424e-01
      outer loop
         vertex 1.666358e+02 1.005109e+02 1.333780e+02
         vertex 1.923988e+02 1.005109e+02 1.520960e+02
         vertex 1.657699e+02 2.008372e+01 1.044677e+02
      endloop
   endfacet
   facet normal 5.653535e-01 2.736235e-01 -7.781424e-01
      outer loop
         vertex 1.657699e+02 2.008372e+01 1.044677e+02
         vertex 1.923988e+02 1.005109e+02 1.520960e+02
         vertex 2.201617e+02 2.008372e+01 1.439857e+02
      endloop
   endfacet
   facet normal -3.038092e-01 -8.804043e-03 -9.526922e-01
      outer loop
         vertex 1.923988e+02 1.005109e+02 1.520960e+02
         vertex 2.181613e+02 1.172538e+02 1.437257e+02
         vertex 2.201617e+02 2.008372e+01 1.439857e+02
      endloop
   endfacet
   facet normal -3.038092e-01 -8.804044e-03 -9.526922e-01
      outer loop
         vertex 2.201617e+02 2.008372e+01 1.439857e+02
         vertex 2.181613e+02 1.172538e+02 1.437257e+02
         vertex 2.745526e+02 5.543182e+01 1.263141e+02
      endloop
   endfacet
   facet normal -7.383792e-01 -5.736592e-01 -3.545579e-01
      outer loop
         vertex 2.181613e+02 1.172538e+02 1.437257e+02
         vertex 2.181609e+02 1.339966e+02 1.166375e+02
         vertex 2.745526e+02 5.543182e+01 1.263141e+02
      endloop
   endfacet
   facet normal -7.383791e-01 -5.736592e-01 -3.545580e-01
      outer loop
         vertex 2.745526e+02 5.543182e+01 1.263141e+02
         vertex 2.181609e+02 1.339966e+02 1.166375e+02
         vertex 2.745517e+02 9.077993e+01 6.912439e+01
      endloop
   endfacet
   facet normal -3.037863e-01 -8.560867e-01 4.181260e-01
      outer loop
         vertex 2.181609e+02 1.339966e+02 1.166375e+02
         vertex 1.923979e+02 1.339966e+02 9.791956e+01
         vertex 2.745517e+02 9.077993e+01 6.912439e+01
      endloop
   endfacet
   facet normal -3.037863e-01 -8.560868e-01 4.181260e-01
      outer loop
         vertex 2.745517e+02 9.077993e+01 6.912439e+01
         vertex 1.923979e+02 1.339966e+02 9.791956e+01
         vertex 2.201598e+02 9.077993e+01 2.960637e+01
      endloop
   endfacet
   facet normal 5.653763e-01 -5.736593e-01 5.926758e-01
      outer loop
         vertex 1.923979e+02 1.339966e+02 9.791956e+01
         vertex 1.666353e+02 1.172538e+02 1.062898e+02
         vertex 2.201598e+02 9.077993e+01 2.960637e+01
      endloop
   endfacet
   facet normal 5.653765e-01 -5.736591e-01 5.926758e-01
      outer loop
         vertex 2.201598e+02 9.077993e+01 2.960637e+01
         vertex 1.666353e+02 1.172538e+02 1.062898e+02
         vertex 1.657689e+02 5.543182e+01 4.727805e+01
      endloop
   endfacet
   facet normal 9.999463e-01 -8.804062e-03 -5.458350e-03
      outer loop
         vertex 1.666353e+02 1.172538e+02 1.062898e+02
         vertex 1.666358e+02 1.005109e+02 1.333780e+02
         vertex 1.657689e+02 5.543182e+01 4.727805e+01
      endloop
   endfacet
   facet normal 9.999463e-01 -8.804064e-03 -5.458349e-03
      outer loop
         vertex 1.657689e+02 5.543182e+01 4.727805e+01
         vertex 1.666358e+02 1.005109e+02 1.333780e+02
         vertex 1.657699e+02 2.008372e+01 1.044677e+02
      endloop
   endfacet
   facet normal 3.568435e-01 -7.946266e-01 -4.911529e-01
      outer loop
         vertex 2.181609e+02 1.339966e+02 1.166375e+02
         vertex 2.181613e+02 1.172538e+02 1.437257e+02
         vertex 1.923979e+02 1.339966e+02 9.791956e+01
      endloop
   endfacet
   facet normal 3.568436e-01 -7.946266e-01 -4.911530e-01
      outer loop
         vertex 1.923979e+02 1.339966e+02 9.791956e+01
         vertex 2.181613e+02 1.172538e+02 1.437257e+02
         vertex 1.923988e+02 1.005109e+02 1.520960e+02
      endloop
   endfacet
   facet normal 3.568435e-01 -7.946266e-01 -4.911530e-01
      outer loop
         vertex 1.923979e+02 1.339966e+02 9.791956e+01
         vertex 1.923988e+02 1.005109e+02 1.520960e+02
         vertex 1.666353e+02 1.172538e+02 1.062898e+02
      endloop
   endfacet
   facet normal 3.568436e-01 -7.946265e-01 -4.911531e-01
      outer loop
         vertex 1.666353e+02 1.172538e+02 1.062898e+02
         vertex 1.923988e+02 1.005109e+02 1.520960e+02
         vertex 1.666358e+02 1.005109e+02 1.333780e+02
      endloop
   endfacet
   facet normal 9.207666e-01 3.795423e-01 9.020242e-02
      outer loop
         vertex 1.814083e+02 1.622588e+02 8.081514e+01
         vertex 1.914855e+02 1.345153e+02 9.468444e+01
         vertex 1.961034e+02 1.453811e+02 1.825631e+00
      endloop
   endfacet
   facet normal 9.207666e-01 3.795423e-01 9.020242e-02
      outer loop
         vertex 1.961034e+02 1.453811e+02 1.825631e+00
         vertex 1.914855e+02 1.345153e+02 9.468444e+01
         vertex 2.152611e+02 9.263851e+01 2.819234e+01
      endloop
   endfacet
   facet normal 1.980514e-05 9.779264e-01 -2.089495e-01
      outer loop
         vertex 1.487953e+02 1.622592e+02 8.081435e+01
         vertex 1.814083e+02 1.622588e+02 8.081514e+01
         vertex 1.341034e+02 1.453820e+02 1.824126e+00
      endloop
   endfacet
   facet normal 1.964438e-05 9.779264e-01 -2.089494e-01
      outer loop
         vertex 1.341034e+02 1.453820e+02 1.824126e+00
         vertex 1.814083e+02 1.622588e+02 8.081514e+01
         vertex 1.961034e+02 1.453811e+02 1.825631e+00
      endloop
   endfacet
   facet normal -9.207596e-01 3.795698e-01 9.015795e-02
      outer loop
         vertex 1.387166e+02 1.345161e+02 9.468316e+01
         vertex 1.487953e+02 1.622592e+02 8.081435e+01
         vertex 1.149430e+02 9.264001e+01 2.818993e+01
      endloop
   endfacet
   facet normal -9.207596e-01 3.795698e-01 9.015791e-02
      outer loop
         vertex 1.149430e+02 9.264001e+01 2.818993e+01
         vertex 1.487953e+02 1.622592e+02 8.081435e+01
         vertex 1.341034e+02 1.453820e+02 1.824126e+00
      endloop
   endfacet
   facet normal -5.690857e-01 -5.886190e-01 5.741683e-01
      outer loop
         vertex 1.651006e+02 1.173694e+02 1.032554e+02
         vertex 1.387166e+02 1.345161e+02 9.468316e+01
         vertex 1.651011e+02 6.004271e+01 4.448638e+01
      endloop
   endfacet
   facet normal -5.690856e-01 -5.886190e-01 5.741683e-01
      outer loop
         vertex 1.651011e+02 6.004271e+01 4.448638e+01
         vertex 1.387166e+02 1.345161e+02 9.468316e+01
         vertex 1.149430e+02 9.264001e+01 2.818993e+01
      endloop
   endfacet
   facet normal 5.690403e-01 -5.886360e-01 5.741957e-01
      outer loop
         vertex 1.914855e+02 1.345153e+02 9.468444e+01
         vertex 1.651006e+02 1.173694e+02 1.032554e+02
         vertex 2.152611e+02 9.263851e+01 2.819234e+01
      endloop
   endfacet
   facet normal 5.690404e-01 -5.886360e-01 5.741957e-01
      outer loop
         vertex 2.152611e+02 9.263851e+01 2.819234e+01
         vertex 1.651006e+02 1.173694e+02 1.032554e+02
         vertex 1.651011e+02 6.004271e+01 4.448638e+01
      endloop
   endfacet
   facet normal -1.491834e-05 4.471471e-01 8.944604e-01
      outer loop
         vertex 1.814083e+02 1.622588e+02 8.081514e+01
         vertex 1.487953e+02 1.622592e+02 8.081435e+01
         vertex 1.914855e+02 1.345153e+02 9.468444e+01
      endloop
   endfacet
   facet normal -1.490362e-05 4.471471e-01 8.944604e-01
      outer loop
         vertex 1.914855e+02 1.345153e+02 9.468444e+01
         vertex 1.487953e+02 1.622592e+02 8.081435e+01
         vertex 1.387166e+02 1.345161e+02 9.468316e+01
      endloop
   endfacet
   facet normal -1.490362e-05 4.471471e-01 8.944605e-01
      outer loop
         vertex 1.914855e+02 1.345153e+02 9.468444e+01
         vertex 1.387166e+02 1.345161e+02 9.468316e+01
         vertex 1.651006e+02 1.173694e+02 1.032554e+02
      endloop
   endfacet
   facet normal 2.260617e-05 -4.471448e-01 -8.944616e-01
      outer loop
         vertex 1.957401e+02 1.449339e+02 2.049193e+00
         vertex 1.961034e+02 1.453811e+02 1.825631e+00
         vertex 2.146733e+02 9.280934e+01 2.810693e+01
      endloop
   endfacet
   facet normal 1.893345e-05 -4.471459e-01 -8.944610e-01
      outer loop
         vertex 2.146733e+02 9.280934e+01 2.810693e+01
         vertex 1.961034e+02 1.453811e+02 1.825631e+00
         vertex 2.152611e+02 9.263851e+01 2.819234e+01
      endloop
   endfacet
   facet normal 1.735421e-05 -4.471502e-01 -8.944589e-01
      outer loop
         vertex 2.146733e+02 9.280934e+01 2.810693e+01
         vertex 2.152611e+02 9.263851e+01 2.819234e+01
         vertex 1.651011e+02 6.059552e+01 4.421002e+01
      endloop
   endfacet
   facet normal 1.982619e-05 -4.471533e-01 -8.944573e-01
      outer loop
         vertex 1.651011e+02 6.059552e+01 4.421002e+01
         vertex 2.152611e+02 9.263851e+01 2.819234e+01
         vertex 1.651011e+02 6.004271e+01 4.448638e+01
      endloop
   endfacet
   facet normal 9.776835e-06 -4.471533e-01 -8.944573e-01
      outer loop
         vertex 1.651011e+02 6.059552e+01 4.421002e+01
         vertex 1.651011e+02 6.004271e+01 4.448638e+01
         vertex 1.155307e+02 9.281082e+01 2.810454e+01
      endloop
   endfacet
   facet normal 1.534025e-05 -4.471466e-01 -8.944607e-01
      outer loop
         vertex 1.155307e+02 9.281082e+01 2.810454e+01
         vertex 1.651011e+02 6.004271e+01 4.448638e+01
         vertex 1.149430e+02 9.264001e+01 2.818993e+01
      endloop
   endfacet
   facet normal 1.559871e-05 -4.471473e-01 -8.944603e-01
      outer loop
         vertex 1.155307e+02 9.281082e+01 2.810454e+01
         vertex 1.149430e+02 9.264001e+01 2.818993e+01
         vertex 1.344667e+02 1.449348e+02 2.047718e+00
      endloop
   endfacet
   facet normal 3.710546e-05 -4.471537e-01 -8.944571e-01
      outer loop
         vertex 1.344667e+02 1.449348e+02 2.047718e+00
         vertex 1.149430e+02 9.264001e+01 2.818993e+01
         vertex 1.341034e+02 1.453820e+02 1.824126e+00
      endloop
   endfacet
   facet normal 1.479237e-05 -4.471682e-01 -8.944499e-01
      outer loop
         vertex 1.344667e+02 1.449348e+02 2.047718e+00
         vertex 1.341034e+02 1.453820e+02 1.824126e+00
         vertex 1.957401e+02 1.449339e+02 2.049193e+00
      endloop
   endfacet
   facet normal 1.504974e-05 -4.471399e-01 -8.944640e-01
      outer loop
         vertex 1.957401e+02 1.449339e+02 2.049193e+00
         vertex 1.341034e+02 1.453820e+02 1.824126e+00
         vertex 1.961034e+02 1.453811e+02 1.825631e+00
      endloop
   endfacet
   facet normal 5.690856e-01 5.886190e-01 -5.741683e-01
      outer loop
         vertex 1.391524e+02 1.344192e+02 9.417263e+01
         vertex 1.651006e+02 1.175557e+02 1.026032e+02
         vertex 1.155307e+02 9.281082e+01 2.810454e+01
      endloop
   endfacet
   facet normal 5.690856e-01 5.886190e-01 -5.741683e-01
      outer loop
         vertex 1.155307e+02 9.281082e+01 2.810454e+01
         vertex 1.651006e+02 1.175557e+02 1.026032e+02
         vertex 1.651011e+02 6.059552e+01 4.421002e+01
      endloop
   endfacet
   facet normal -5.690403e-01 5.886360e-01 -5.741958e-01
      outer loop
         vertex 1.651006e+02 1.175557e+02 1.026032e+02
         vertex 1.910497e+02 1.344184e+02 9.417389e+01
         vertex 1.651011e+02 6.059552e+01 4.421002e+01
      endloop
   endfacet
   facet normal -5.690403e-01 5.886360e-01 -5.741957e-01
      outer loop
         vertex 1.651011e+02 6.059552e+01 4.421002e+01
         vertex 1.910497e+02 1.344184e+02 9.417389e+01
         vertex 2.146733e+02 9.280934e+01 2.810693e+01
      endloop
   endfacet
   facet normal -9.207666e-01 -3.795424e-01 -9.020234e-02
      outer loop
         vertex 1.910497e+02 1.344184e+02 9.417389e+01
         vertex 1.811389e+02 1.617036e+02 8.053365e+01
         vertex 2.146733e+02 9.280934e+01 2.810693e+01
      endloop
   endfacet
   facet normal -9.207666e-01 -3.795423e-01 -9.020240e-02
      outer loop
         vertex 2.146733e+02 9.280934e+01 2.810693e+01
         vertex 1.811389e+02 1.617036e+02 8.053365e+01
         vertex 1.957401e+02 1.449339e+02 2.049193e+00
      endloop
   endfacet
   facet normal -1.958634e-05 -9.779264e-01 2.089494e-01
      outer loop
         vertex 1.811389e+02 1.617036e+02 8.053365e+01
         vertex 1.490646e+02 1.617041e+02 8.053288e+01
         vertex 1.957401e+02 1.449339e+02 2.049193e+00
      endloop
   endfacet
   facet normal -1.977568e-05 -9.779265e-01 2.089493e-01
      outer loop
         vertex 1.957401e+02 1.449339e+02 2.049193e+00
         vertex 1.490646e+02 1.617041e+02 8.053288e+01
         vertex 1.344667e+02 1.449348e+02 2.047718e+00
      endloop
   endfacet
   facet normal 9.207596e-01 -3.795699e-01 -9.015796e-02
      outer loop
         vertex 1.490646e+02 1.617041e+02 8.053288e+01
         vertex 1.391524e+02 1.344192e+02 9.417263e+01
         vertex 1.344667e+02 1.449348e+02 2.047718e+00
      endloop
   endfacet
   facet normal 9.207596e-01 -3.795698e-01 -9.015795e-02
      outer loop
         vertex 1.344667e+02 1.449348e+02 2.047718e+00
         vertex 1.391524e+02 1.344192e+02 9.417263e+01
         vertex 1.155307e+02 9.281082e+01 2.810454e+01
      endloop
   endfacet
   facet normal 1.501802e-05 -4.471472e-01 -8.944604e-01
      outer loop
         vertex 1.910497e+02 1.344184e+02 9.417389e+01
         vertex 1.651006e+02 1.175557e+02 1.026032e+02
         vertex 1.811389e+02 1.617036e+02 8.053365e+01
      endloop
   endfacet
   facet normal 1.482229e-05 -4.471471e-01 -8.944604e-01
      outer loop
         vertex 1.811389e+02 1.617036e+02 8.053365e+01
         vertex 1.651006e+02 1.175557e+02 1.026032e+02
         vertex 1.391524e+02 1.344192e+02 9.417263e+01
      endloop
   endfacet
   facet normal 1.496105e-05 -4.471473e-01 -8.944603e-01
      outer loop
         vertex 1.811389e+02 1.617036e+02 8.053365e+01
         vertex 1.391524e+02 1.344192e+02 9.417263e+01
         vertex 1.490646e+02 1.617041e+02 8.053288e+01
      endloop
   endfacet
   facet normal -1.987288e-01 9.779265e-01 -6.455008e-02
      outer loop
         vertex 8.229689e+01 1.622588e+02 1.528238e+02
         vertex 9.237410e+01 1.622592e+02 1.218067e+02
         vertex 2.632350e+00 1.453811e+02 1.423906e+02
      endloop
   endfacet
   facet normal -1.987289e-01 9.779264e-01 -6.455031e-02
      outer loop
         vertex 2.632350e+00 1.453811e+02 1.423906e+02
         vertex 9.237410e+01 1.622592e+02 1.218067e+02
         vertex 2.178998e+01 1.453820e+02 8.342464e+01
      endloop
   endfacet
   facet normal -1.987449e-01 3.795423e-01 9.035752e-01
      outer loop
         vertex 9.237336e+01 1.345153e+02 1.666936e+02
         vertex 8.229689e+01 1.622588e+02 1.528238e+02
         vertex 2.178855e+01 9.263851e+01 1.687584e+02
      endloop
   endfacet
   facet normal -1.987449e-01 3.795423e-01 9.035751e-01
      outer loop
         vertex 2.178855e+01 9.263851e+01 1.687584e+02
         vertex 8.229689e+01 1.622588e+02 1.528238e+02
         vertex 2.632350e+00 1.453811e+02 1.423906e+02
      endloop
   endfacet
   facet normal 3.702495e-01 -5.886360e-01 7.186257e-01
      outer loop
         vertex 1.086782e+02 1.173694e+02 1.442486e+02
         vertex 9.237336e+01 1.345153e+02 1.666936e+02
         vertex 5.278537e+01 6.004271e+01 1.260886e+02
      endloop
   endfacet
   facet normal 3.702495e-01 -5.886361e-01 7.186257e-01
      outer loop
         vertex 5.278537e+01 6.004271e+01 1.260886e+02
         vertex 9.237336e+01 1.345153e+02 1.666936e+02
         vertex 2.178855e+01 9.263851e+01 1.687584e+02
      endloop
   endfacet
   facet normal 7.219237e-01 -5.886190e-01 -3.638048e-01
      outer loop
         vertex 1.086786e+02 1.345161e+02 1.165070e+02
         vertex 1.086782e+02 1.173694e+02 1.442486e+02
         vertex 5.278625e+01 9.264001e+01 7.334942e+01
      endloop
   endfacet
   facet normal 7.219236e-01 -5.886191e-01 -3.638047e-01
      outer loop
         vertex 5.278625e+01 9.264001e+01 7.334942e+01
         vertex 1.086782e+02 1.173694e+02 1.442486e+02
         vertex 5.278537e+01 6.004271e+01 1.260886e+02
      endloop
   endfacet
   facet normal 3.702757e-01 3.795698e-01 -8.478341e-01
      outer loop
         vertex 9.237410e+01 1.622592e+02 1.218067e+02
         vertex 1.086786e+02 1.345161e+02 1.165070e+02
         vertex 2.178998e+01 1.453820e+02 8.342464e+01
      endloop
   endfacet
   facet normal 3.702757e-01 3.795698e-01 -8.478341e-01
      outer loop
         vertex 2.178998e+01 1.453820e+02 8.342464e+01
         vertex 1.086786e+02 1.345161e+02 1.165070e+02
         vertex 5.278625e+01 9.264001e+01 7.334942e+01
      endloop
   endfacet
   facet normal 8.506870e-01 4.471471e-01 2.763893e-01
      outer loop
         vertex 1.086786e+02 1.345161e+02 1.165070e+02
         vertex 9.237410e+01 1.622592e+02 1.218067e+02
         vertex 1.086782e+02 1.173694e+02 1.442486e+02
      endloop
   endfacet
   facet normal 8.506870e-01 4.471471e-01 2.763893e-01
      outer loop
         vertex 1.086782e+02 1.173694e+02 1.442486e+02
         vertex 9.237410e+01 1.622592e+02 1.218067e+02
         vertex 8.229689e+01 1.622588e+02 1.528238e+02
      endloop
   endfacet
   facet normal 8.506871e-01 4.471471e-01 2.763891e-01
      outer loop
         vertex 1.086782e+02 1.173694e+02 1.442486e+02
         vertex 8.229689e+01 1.622588e+02 1.528238e+02
         vertex 9.237336e+01 1.345153e+02 1.666936e+02
      endloop
   endfacet
   facet normal -8.506865e-01 -4.471475e-01 -2.763902e-01
      outer loop
         vertex 2.188896e+01 9.280934e+01 1.681729e+02
         vertex 2.178855e+01 9.263851e+01 1.687584e+02
         vertex 2.957225e+00 1.449339e+02 1.421142e+02
      endloop
   endfacet
   facet normal -8.506942e-01 -4.471424e-01 -2.763747e-01
      outer loop
         vertex 2.957225e+00 1.449339e+02 1.421142e+02
         vertex 2.178855e+01 9.263851e+01 1.687584e+02
         vertex 2.632350e+00 1.453811e+02 1.423906e+02
      endloop
   endfacet
   facet normal -8.506942e-01 -4.471319e-01 -2.763917e-01
      outer loop
         vertex 2.957225e+00 1.449339e+02 1.421142e+02
         vertex 2.632350e+00 1.453811e+02 1.423906e+02
         vertex 2.189036e+01 1.449348e+02 8.383920e+01
      endloop
   endfacet
   facet normal -8.506943e-01 -4.471319e-01 -2.763917e-01
      outer loop
         vertex 2.189036e+01 1.449348e+02 8.383920e+01
         vertex 2.632350e+00 1.453811e+02 1.423906e+02
         vertex 2.178998e+01 1.453820e+02 8.342464e+01
      endloop
   endfacet
   facet normal -8.506842e-01 -4.471425e-01 -2.764056e-01
      outer loop
         vertex 2.189036e+01 1.449348e+02 8.383920e+01
         vertex 2.178998e+01 1.453820e+02 8.342464e+01
         vertex 5.252341e+01 9.281082e+01 7.388205e+01
      endloop
   endfacet
   facet normal -8.506870e-01 -4.471471e-01 -2.763893e-01
      outer loop
         vertex 5.252341e+01 9.281082e+01 7.388205e+01
         vertex 2.178998e+01 1.453820e+02 8.342464e+01
         vertex 5.278625e+01 9.264001e+01 7.334942e+01
      endloop
   endfacet
   facet normal -8.506870e-01 -4.471471e-01 -2.763893e-01
      outer loop
         vertex 5.252341e+01 9.281082e+01 7.388205e+01
         vertex 5.278625e+01 9.264001e+01 7.334942e+01
         vertex 5.252254e+01 6.059552e+01 1.260032e+02
      endloop
   endfacet
   facet normal -8.506909e-01 -4.471418e-01 -2.763861e-01
      outer loop
         vertex 5.252254e+01 6.059552e+01 1.260032e+02
         vertex 5.278625e+01 9.264001e+01 7.334942e+01
         vertex 5.278537e+01 6.004271e+01 1.260886e+02
      endloop
   endfacet
   facet normal -8.506882e-01 -4.471418e-01 -2.763942e-01
      outer loop
         vertex 5.252254e+01 6.059552e+01 1.260032e+02
         vertex 5.278537e+01 6.004271e+01 1.260886e+02
         vertex 2.188896e+01 9.280934e+01 1.681729e+02
      endloop
   endfacet
   facet normal -8.506872e-01 -4.471463e-01 -2.763900e-01
      outer loop
         vertex 2.188896e+01 9.280934e+01 1.681729e+02
         vertex 5.278537e+01 6.004271e+01 1.260886e+02
         vertex 2.178855e+01 9.263851e+01 1.687584e+02
      endloop
   endfacet
   facet normal -7.219236e-01 5.886190e-01 3.638048e-01
      outer loop
         vertex 1.080580e+02 1.175557e+02 1.440471e+02
         vertex 1.080584e+02 1.344192e+02 1.167637e+02
         vertex 5.252254e+01 6.059552e+01 1.260032e+02
      endloop
   endfacet
   facet normal -7.219236e-01 5.886190e-01 3.638048e-01
      outer loop
         vertex 5.252254e+01 6.059552e+01 1.260032e+02
         vertex 1.080584e+02 1.344192e+02 1.167637e+02
         vertex 5.252341e+01 9.281082e+01 7.388205e+01
      endloop
   endfacet
   facet normal -3.702757e-01 -3.795698e-01 8.478341e-01
      outer loop
         vertex 1.080584e+02 1.344192e+02 1.167637e+02
         vertex 9.202319e+01 1.617041e+02 1.219759e+02
         vertex 5.252341e+01 9.281082e+01 7.388205e+01
      endloop
   endfacet
   facet normal -3.702757e-01 -3.795698e-01 8.478341e-01
      outer loop
         vertex 5.252341e+01 9.281082e+01 7.388205e+01
         vertex 9.202319e+01 1.617041e+02 1.219759e+02
         vertex 2.189036e+01 1.449348e+02 8.383920e+01
      endloop
   endfacet
   facet normal 1.987286e-01 -9.779265e-01 6.455027e-02
      outer loop
         vertex 9.202319e+01 1.617041e+02 1.219759e+02
         vertex 8.211241e+01 1.617036e+02 1.524806e+02
         vertex 2.189036e+01 1.449348e+02 8.383920e+01
      endloop
   endfacet
   facet normal 1.987288e-01 -9.779265e-01 6.455008e-02
      outer loop
         vertex 2.189036e+01 1.449348e+02 8.383920e+01
         vertex 8.211241e+01 1.617036e+02 1.524806e+02
         vertex 2.957225e+00 1.449339e+02 1.421142e+02
      endloop
   endfacet
   facet normal 1.987449e-01 -3.795424e-01 -9.035751e-01
      outer loop
         vertex 8.211241e+01 1.617036e+02 1.524806e+02
         vertex 9.202245e+01 1.344184e+02 1.661214e+02
         vertex 2.957225e+00 1.449339e+02 1.421142e+02
      endloop
   endfacet
   facet normal 1.987449e-01 -3.795423e-01 -9.035752e-01
      outer loop
         vertex 2.957225e+00 1.449339e+02 1.421142e+02
         vertex 9.202245e+01 1.344184e+02 1.661214e+02
         vertex 2.188896e+01 9.280934e+01 1.681729e+02
      endloop
   endfacet
   facet normal -3.702495e-01 5.886360e-01 -7.186257e-01
      outer loop
         vertex 9.202245e+01 1.344184e+02 1.661214e+02
         vertex 1.080580e+02 1.175557e+02 1.440471e+02
         vertex 2.188896e+01 9.280934e+01 1.681729e+02
      endloop
   endfacet
   facet normal -3.702495e-01 5.886360e-01 -7.186257e-01
      outer loop
         vertex 2.188896e+01 9.280934e+01 1.681729e+02
         vertex 1.080580e+02 1.175557e+02 1.440471e+02
         vertex 5.252254e+01 6.059552e+01 1.260032e+02
      endloop
   endfacet
   facet normal -8.506870e-01 -4.471473e-01 -2.763891e-01
      outer loop
         vertex 9.202245e+01 1.344184e+02 1.661214e+02
         vertex 8.211241e+01 1.617036e+02 1.524806e+02
         vertex 1.080580e+02 1.175557e+02 1.440471e+02
      endloop
   endfacet
   facet normal -8.506870e-01 -4.471472e-01 -2.763894e-01
      outer loop
         vertex 1.080580e+02 1.175557e+02 1.440471e+02
         vertex 8.211241e+01 1.617036e+02 1.524806e+02
         vertex 9.202319e+01 1.617041e+02 1.219759e+02
      endloop
   endfacet
   facet normal -8.506870e-01 -4.471472e-01 -2.763893e-01
      outer loop
         vertex 1.080580e+02 1.175557e+02 1.440471e+02
         vertex 9.202319e+01 1.617041e+02 1.219759e+02
         vertex 1.080584e+02 1.344192e+02 1.167637e+02
      endloop
   endfacet
   facet normal -1.228014e-01 9.779264e-01 1.690553e-01
      outer loop
         vertex 1.302331e+02 1.622588e+02 2.383161e+02
         vertex 1.038482e+02 1.622592e+02 2.191473e+02
         vertex 9.569288e+01 1.453811e+02 3.108575e+02
      endloop
   endfacet
   facet normal -1.228015e-01 9.779264e-01 1.690552e-01
      outer loop
         vertex 9.569288e+01 1.453811e+02 3.108575e+02
         vertex 1.038482e+02 1.622592e+02 2.191473e+02
         vertex 4.553294e+01 1.453820e+02 2.744161e+02
      endloop
   endfacet
   facet normal 7.979355e-01 3.795423e-01 4.682378e-01
      outer loop
         vertex 1.465379e+02 1.345153e+02 2.330188e+02
         vertex 1.302331e+02 1.622588e+02 2.383161e+02
         vertex 1.266897e+02 9.263851e+01 3.007870e+02
      endloop
   endfacet
   facet normal 7.979355e-01 3.795423e-01 4.682378e-01
      outer loop
         vertex 1.266897e+02 9.263851e+01 3.007870e+02
         vertex 1.302331e+02 1.622588e+02 2.383161e+02
         vertex 9.569288e+01 1.453811e+02 3.108575e+02
      endloop
   endfacet
   facet normal 7.978671e-01 -5.886360e-01 -1.300606e-01
      outer loop
         vertex 1.302299e+02 1.173694e+02 2.105761e+02
         vertex 1.465379e+02 1.345153e+02 2.330188e+02
         vertex 9.568685e+01 6.004271e+01 2.581216e+02
      endloop
   endfacet
   facet normal 7.978671e-01 -5.886360e-01 -1.300607e-01
      outer loop
         vertex 9.568685e+01 6.004271e+01 2.581216e+02
         vertex 1.465379e+02 1.345153e+02 2.330188e+02
         vertex 1.266897e+02 9.263851e+01 3.007870e+02
      endloop
   endfacet
   facet normal -1.229123e-01 -5.886190e-01 -7.990121e-01
      outer loop
         vertex 1.038462e+02 1.345161e+02 2.020031e+02
         vertex 1.302299e+02 1.173694e+02 2.105761e+02
         vertex 4.552922e+01 9.264001e+01 2.418234e+02
      endloop
   endfacet
   facet normal -1.229122e-01 -5.886191e-01 -7.990120e-01
      outer loop
         vertex 4.552922e+01 9.264001e+01 2.418234e+02
         vertex 1.302299e+02 1.173694e+02 2.105761e+02
         vertex 9.568685e+01 6.004271e+01 2.581216e+02
      endloop
   endfacet
   facet normal -6.919167e-01 3.795697e-01 -6.141483e-01
      outer loop
         vertex 1.038482e+02 1.622592e+02 2.191473e+02
         vertex 1.038462e+02 1.345161e+02 2.020031e+02
         vertex 4.553294e+01 1.453820e+02 2.744161e+02
      endloop
   endfacet
   facet normal -6.919167e-01 3.795699e-01 -6.141482e-01
      outer loop
         vertex 4.553294e+01 1.453820e+02 2.744161e+02
         vertex 1.038462e+02 1.345161e+02 2.020031e+02
         vertex 4.552922e+01 9.264001e+01 2.418234e+02
      endloop
   endfacet
   facet normal 5.257386e-01 4.471471e-01 -7.236425e-01
      outer loop
         vertex 1.038462e+02 1.345161e+02 2.020031e+02
         vertex 1.038482e+02 1.622592e+02 2.191473e+02
         vertex 1.302299e+02 1.173694e+02 2.105761e+02
      endloop
   endfacet
   facet normal 5.257387e-01 4.471471e-01 -7.236424e-01
      outer loop
         vertex 1.302299e+02 1.173694e+02 2.105761e+02
         vertex 1.038482e+02 1.622592e+02 2.191473e+02
         vertex 1.302331e+02 1.622588e+02 2.383161e+02
      endloop
   endfacet
   facet normal 5.257386e-01 4.471472e-01 -7.236424e-01
      outer loop
         vertex 1.302299e+02 1.173694e+02 2.105761e+02
         vertex 1.302331e+02 1.622588e+02 2.383161e+02
         vertex 1.465379e+02 1.345153e+02 2.330188e+02
      endloop
   endfacet
   facet normal -5.257294e-01 -4.471501e-01 7.236473e-01
      outer loop
         vertex 4.595824e+01 1.449348e+02 2.744487e+02
         vertex 4.553294e+01 1.453820e+02 2.744161e+02
         vertex 4.595456e+01 9.281082e+01 2.422380e+02
      endloop
   endfacet
   facet normal -5.257386e-01 -4.471472e-01 7.236424e-01
      outer loop
         vertex 4.595456e+01 9.281082e+01 2.422380e+02
         vertex 4.553294e+01 1.453820e+02 2.744161e+02
         vertex 4.552922e+01 9.264001e+01 2.418234e+02
      endloop
   endfacet
   facet normal -5.257386e-01 -4.471471e-01 7.236424e-01
      outer loop
         vertex 4.595456e+01 9.281082e+01 2.422380e+02
         vertex 4.552922e+01 9.264001e+01 2.418234e+02
         vertex 9.552442e+01 6.059552e+01 2.583452e+02
      endloop
   endfacet
   facet normal -5.257392e-01 -4.471486e-01 7.236411e-01
      outer loop
         vertex 9.552442e+01 6.059552e+01 2.583452e+02
         vertex 4.552922e+01 9.264001e+01 2.418234e+02
         vertex 9.568685e+01 6.004271e+01 2.581216e+02
      endloop
   endfacet
   facet normal -5.257371e-01 -4.471486e-01 7.236426e-01
      outer loop
         vertex 9.552442e+01 6.059552e+01 2.583452e+02
         vertex 9.568685e+01 6.004271e+01 2.581216e+02
         vertex 1.261640e+02 9.280934e+01 3.005106e+02
      endloop
   endfacet
   facet normal -5.257356e-01 -4.471502e-01 7.236427e-01
      outer loop
         vertex 1.261640e+02 9.280934e+01 3.005106e+02
         vertex 9.568685e+01 6.004271e+01 2.581216e+02
         vertex 1.266897e+02 9.263851e+01 3.007870e+02
      endloop
   endfacet
   facet normal -5.257356e-01 -4.471461e-01 7.236453e-01
      outer loop
         vertex 1.261640e+02 9.280934e+01 3.005106e+02
         vertex 1.266897e+02 9.263851e+01 3.007870e+02
         vertex 9.553038e+01 1.449339e+02 3.104631e+02
      endloop
   endfacet
   facet normal -5.257230e-01 -4.471408e-01 7.236577e-01
      outer loop
         vertex 9.553038e+01 1.449339e+02 3.104631e+02
         vertex 1.266897e+02 9.263851e+01 3.007870e+02
         vertex 9.569288e+01 1.453811e+02 3.108575e+02
      endloop
   endfacet
   facet normal -5.257447e-01 -4.471268e-01 7.236506e-01
      outer loop
         vertex 9.553038e+01 1.449339e+02 3.104631e+02
         vertex 9.569288e+01 1.453811e+02 3.108575e+02
         vertex 4.595824e+01 1.449348e+02 2.744487e+02
      endloop
   endfacet
   facet normal -5.257356e-01 -4.471567e-01 7.236386e-01
      outer loop
         vertex 4.595824e+01 1.449348e+02 2.744487e+02
         vertex 9.569288e+01 1.453811e+02 3.108575e+02
         vertex 4.553294e+01 1.453820e+02 2.744161e+02
      endloop
   endfacet
   facet normal 1.229123e-01 5.886191e-01 7.990120e-01
      outer loop
         vertex 1.298466e+02 1.175557e+02 2.111037e+02
         vertex 1.038987e+02 1.344192e+02 2.026723e+02
         vertex 9.552442e+01 6.059552e+01 2.583452e+02
      endloop
   endfacet
   facet normal 1.229122e-01 5.886191e-01 7.990120e-01
      outer loop
         vertex 9.552442e+01 6.059552e+01 2.583452e+02
         vertex 1.038987e+02 1.344192e+02 2.026723e+02
         vertex 4.595456e+01 9.281082e+01 2.422380e+02
      endloop
   endfacet
   facet normal 6.919167e-01 -3.795699e-01 6.141482e-01
      outer loop
         vertex 1.038987e+02 1.344192e+02 2.026723e+02
         vertex 1.039006e+02 1.617041e+02 2.195333e+02
         vertex 4.595456e+01 9.281082e+01 2.422380e+02
      endloop
   endfacet
   facet normal 6.919166e-01 -3.795698e-01 6.141483e-01
      outer loop
         vertex 4.595456e+01 9.281082e+01 2.422380e+02
         vertex 1.039006e+02 1.617041e+02 2.195333e+02
         vertex 4.595824e+01 1.449348e+02 2.744487e+02
      endloop
   endfacet
   facet normal 1.228015e-01 -9.779265e-01 -1.690550e-01
      outer loop
         vertex 1.039006e+02 1.617041e+02 2.195333e+02
         vertex 1.298498e+02 1.617036e+02 2.383855e+02
         vertex 4.595824e+01 1.449348e+02 2.744487e+02
      endloop
   endfacet
   facet normal 1.228014e-01 -9.779265e-01 -1.690552e-01
      outer loop
         vertex 4.595824e+01 1.449348e+02 2.744487e+02
         vertex 1.298498e+02 1.617036e+02 2.383855e+02
         vertex 9.553038e+01 1.449339e+02 3.104631e+02
      endloop
   endfacet
   facet normal -7.979355e-01 -3.795424e-01 -4.682377e-01
      outer loop
         vertex 1.298498e+02 1.617036e+02 2.383855e+02
         vertex 1.458853e+02 1.344184e+02 2.331757e+02
         vertex 9.553038e+01 1.449339e+02 3.104631e+02
      endloop
   endfacet
   facet normal -7.979355e-01 -3.795423e-01 -4.682377e-01
      outer loop
         vertex 9.553038e+01 1.449339e+02 3.104631e+02
         vertex 1.458853e+02 1.344184e+02 2.331757e+02
         vertex 1.261640e+02 9.280934e+01 3.005106e+02
      endloop
   endfacet
   facet normal -7.978671e-01 5.886360e-01 1.300607e-01
      outer loop
         vertex 1.458853e+02 1.344184e+02 2.331757e+02
         vertex 1.298466e+02 1.175557e+02 2.111037e+02
         vertex 1.261640e+02 9.280934e+01 3.005106e+02
      endloop
   endfacet
   facet normal -7.978671e-01 5.886360e-01 1.300607e-01
      outer loop
         vertex 1.261640e+02 9.280934e+01 3.005106e+02
         vertex 1.298466e+02 1.175557e+02 2.111037e+02
         vertex 9.552442e+01 6.059552e+01 2.583452e+02
      endloop
   endfacet
   facet normal -5.257386e-01 -4.471472e-01 7.236424e-01
      outer loop
         vertex 1.458853e+02 1.344184e+02 2.331757e+02
         vertex 1.298498e+02 1.617036e+02 2.383855e+02
         vertex 1.298466e+02 1.175557e+02 2.111037e+02
      endloop
   endfacet
   facet normal -5.257385e-01 -4.471472e-01 7.236424e-01
      outer loop
         vertex 1.298466e+02 1.175557e+02 2.111037e+02
         vertex 1.298498e+02 1.617036e+02 2.383855e+02
         vertex 1.039006e+02 1.617041e+02 2.195333e+02
      endloop
   endfacet
   facet normal -5.257387e-01 -4.471473e-01 7.236423e-01
      outer loop
         vertex 1.298466e+02 1.175557e+02 2.111037e+02
         vertex 1.039006e+02 1.617041e+02 2.195333e+02
         vertex 1.038987e+02 1.344192e+02 2.026723e+02
      endloop
   endfacet
   facet normal 1.228334e-01 9.779265e-01 1.690320e-01
      outer loop
         vertex 2.263542e+02 1.622588e+02 2.191446e+02
         vertex 1.999703e+02 1.622592e+02 2.383147e+02
         vertex 2.846717e+02 1.453811e+02 2.744109e+02
      endloop
   endfacet
   facet normal 1.228333e-01 9.779264e-01 1.690322e-01
      outer loop
         vertex 2.846717e+02 1.453811e+02 2.744109e+02
         vertex 1.999703e+02 1.622592e+02 2.383147e+02
         vertex 2.345136e+02 1.453820e+02 3.108548e+02
      endloop
   endfacet
   facet normal 6.918962e-01 3.795423e-01 -6.141883e-01
      outer loop
         vertex 2.263547e+02 1.345153e+02 2.020009e+02
         vertex 2.263542e+02 1.622588e+02 2.191446e+02
         vertex 2.846726e+02 9.263851e+01 2.418192e+02
      endloop
   endfacet
   facet normal 6.918962e-01 3.795424e-01 -6.141883e-01
      outer loop
         vertex 2.846726e+02 9.263851e+01 2.418192e+02
         vertex 2.263542e+02 1.622588e+02 2.191446e+02
         vertex 2.846717e+02 1.453811e+02 2.744109e+02
      endloop
   endfacet
   facet normal 1.228594e-01 -5.886361e-01 -7.990076e-01
      outer loop
         vertex 1.999710e+02 1.173694e+02 2.105755e+02
         vertex 2.263547e+02 1.345153e+02 2.020009e+02
         vertex 2.345150e+02 6.004271e+01 2.581203e+02
      endloop
   endfacet
   facet normal 1.228594e-01 -5.886361e-01 -7.990076e-01
      outer loop
         vertex 2.345150e+02 6.004271e+01 2.581203e+02
         vertex 2.263547e+02 1.345153e+02 2.020009e+02
         vertex 2.846726e+02 9.263851e+01 2.418192e+02
      endloop
   endfacet
   facet normal -7.978876e-01 -5.886189e-01 -1.300118e-01
      outer loop
         vertex 1.836645e+02 1.345161e+02 2.330187e+02
         vertex 1.999710e+02 1.173694e+02 2.105755e+02
         vertex 2.035150e+02 9.264001e+01 3.007866e+02
      endloop
   endfacet
   facet normal -7.978875e-01 -5.886191e-01 -1.300118e-01
      outer loop
         vertex 2.035150e+02 9.264001e+01 3.007866e+02
         vertex 1.999710e+02 1.173694e+02 2.105755e+02
         vertex 2.345150e+02 6.004271e+01 2.581203e+02
      endloop
   endfacet
   facet normal -7.979037e-01 3.795697e-01 4.682697e-01
      outer loop
         vertex 1.999703e+02 1.622592e+02 2.383147e+02
         vertex 1.836645e+02 1.345161e+02 2.330187e+02
         vertex 2.345136e+02 1.453820e+02 3.108548e+02
      endloop
   endfacet
   facet normal -7.979037e-01 3.795698e-01 4.682696e-01
      outer loop
         vertex 2.345136e+02 1.453820e+02 3.108548e+02
         vertex 1.836645e+02 1.345161e+02 2.330187e+02
         vertex 2.035150e+02 9.264001e+01 3.007866e+02
      endloop
   endfacet
   facet normal -5.257627e-01 4.471471e-01 -7.236249e-01
      outer loop
         vertex 1.836645e+02 1.345161e+02 2.330187e+02
         vertex 1.999703e+02 1.622592e+02 2.383147e+02
         vertex 1.999710e+02 1.173694e+02 2.105755e+02
      endloop
   endfacet
   facet normal -5.257627e-01 4.471471e-01 -7.236249e-01
      outer loop
         vertex 1.999710e+02 1.173694e+02 2.105755e+02
         vertex 1.999703e+02 1.622592e+02 2.383147e+02
         vertex 2.263542e+02 1.622588e+02 2.191446e+02
      endloop
   endfacet
   facet normal -5.257628e-01 4.471471e-01 -7.236248e-01
      outer loop
         vertex 1.999710e+02 1.173694e+02 2.105755e+02
         vertex 2.263542e+02 1.622588e+02 2.191446e+02
         vertex 2.263547e+02 1.345153e+02 2.020009e+02
      endloop
   endfacet
   facet normal 5.257740e-01 -4.471516e-01 7.236139e-01
      outer loop
         vertex 2.346760e+02 1.449348e+02 3.104604e+02
         vertex 2.345136e+02 1.453820e+02 3.108548e+02
         vertex 2.040407e+02 9.281082e+01 3.005102e+02
      endloop
   endfacet
   facet normal 5.257615e-01 -4.471468e-01 7.236260e-01
      outer loop
         vertex 2.040407e+02 9.281082e+01 3.005102e+02
         vertex 2.345136e+02 1.453820e+02 3.108548e+02
         vertex 2.035150e+02 9.264001e+01 3.007866e+02
      endloop
   endfacet
   facet normal 5.257615e-01 -4.471484e-01 7.236250e-01
      outer loop
         vertex 2.040407e+02 9.281082e+01 3.005102e+02
         vertex 2.035150e+02 9.264001e+01 3.007866e+02
         vertex 2.346774e+02 6.059552e+01 2.583439e+02
      endloop
   endfacet
   facet normal 5.257673e-01 -4.471422e-01 7.236246e-01
      outer loop
         vertex 2.346774e+02 6.059552e+01 2.583439e+02
         vertex 2.035150e+02 9.264001e+01 3.007866e+02
         vertex 2.345150e+02 6.004271e+01 2.581203e+02
      endloop
   endfacet
   facet normal 5.257610e-01 -4.471422e-01 7.236292e-01
      outer loop
         vertex 2.346774e+02 6.059552e+01 2.583439e+02
         vertex 2.345150e+02 6.004271e+01 2.581203e+02
         vertex 2.842473e+02 9.280934e+01 2.422338e+02
      endloop
   endfacet
   facet normal 5.257619e-01 -4.471447e-01 7.236270e-01
      outer loop
         vertex 2.842473e+02 9.280934e+01 2.422338e+02
         vertex 2.345150e+02 6.004271e+01 2.581203e+02
         vertex 2.846726e+02 9.263851e+01 2.418192e+02
      endloop
   endfacet
   facet normal 5.257599e-01 -4.471482e-01 7.236263e-01
      outer loop
         vertex 2.842473e+02 9.280934e+01 2.422338e+02
         vertex 2.846726e+02 9.263851e+01 2.418192e+02
         vertex 2.842464e+02 1.449339e+02 2.744435e+02
      endloop
   endfacet
   facet normal 5.257651e-01 -4.471464e-01 7.236236e-01
      outer loop
         vertex 2.842464e+02 1.449339e+02 2.744435e+02
         vertex 2.846726e+02 9.263851e+01 2.418192e+02
         vertex 2.846717e+02 1.453811e+02 2.744109e+02
      endloop
   endfacet
   facet normal 5.257634e-01 -4.471446e-01 7.236260e-01
      outer loop
         vertex 2.842464e+02 1.449339e+02 2.744435e+02
         vertex 2.846717e+02 1.453811e+02 2.744109e+02
         vertex 2.346760e+02 1.449348e+02 3.104604e+02
      endloop
   endfacet
   facet normal 5.257584e-01 -4.471618e-01 7.236190e-01
      outer loop
         vertex 2.346760e+02 1.449348e+02 3.104604e+02
         vertex 2.846717e+02 1.453811e+02 2.744109e+02
         vertex 2.345136e+02 1.453820e+02 3.108548e+02
      endloop
   endfacet
   facet normal 7.978876e-01 5.886190e-01 1.300118e-01
      outer loop
         vertex 2.003543e+02 1.175557e+02 2.111031e+02
         vertex 1.843172e+02 1.344192e+02 2.331756e+02
         vertex 2.346774e+02 6.059552e+01 2.583439e+02
      endloop
   endfacet
   facet normal 7.978876e-01 5.886190e-01 1.300118e-01
      outer loop
         vertex 2.346774e+02 6.059552e+01 2.583439e+02
         vertex 1.843172e+02 1.344192e+02 2.331756e+02
         vertex 2.040407e+02 9.281082e+01 3.005102e+02
      endloop
   endfacet
   facet normal 7.979036e-01 -3.795699e-01 -4.682697e-01
      outer loop
         vertex 1.843172e+02 1.344192e+02 2.331756e+02
         vertex 2.003536e+02 1.617041e+02 2.383841e+02
         vertex 2.040407e+02 9.281082e+01 3.005102e+02
      endloop
   endfacet
   facet normal 7.979037e-01 -3.795698e-01 -4.682696e-01
      outer loop
         vertex 2.040407e+02 9.281082e+01 3.005102e+02
         vertex 2.003536e+02 1.617041e+02 2.383841e+02
         vertex 2.346760e+02 1.449348e+02 3.104604e+02
      endloop
   endfacet
   facet normal -1.228332e-01 -9.779265e-01 -1.690320e-01
      outer loop
         vertex 2.003536e+02 1.617041e+02 2.383841e+02
         vertex 2.263018e+02 1.617036e+02 2.195306e+02
         vertex 2.346760e+02 1.449348e+02 3.104604e+02
      endloop
   endfacet
   facet normal -1.228334e-01 -9.779265e-01 -1.690320e-01
      outer loop
         vertex 2.346760e+02 1.449348e+02 3.104604e+02
         vertex 2.263018e+02 1.617036e+02 2.195306e+02
         vertex 2.842464e+02 1.449339e+02 2.744435e+02
      endloop
   endfacet
   facet normal -6.918962e-01 -3.795424e-01 6.141883e-01
      outer loop
         vertex 2.263018e+02 1.617036e+02 2.195306e+02
         vertex 2.263022e+02 1.344184e+02 2.026701e+02
         vertex 2.842464e+02 1.449339e+02 2.744435e+02
      endloop
   endfacet
   facet normal -6.918962e-01 -3.795423e-01 6.141883e-01
      outer loop
         vertex 2.842464e+02 1.449339e+02 2.744435e+02
         vertex 2.263022e+02 1.344184e+02 2.026701e+02
         vertex 2.842473e+02 9.280934e+01 2.422338e+02
      endloop
   endfacet
   facet normal -1.228594e-01 5.886360e-01 7.990076e-01
      outer loop
         vertex 2.263022e+02 1.344184e+02 2.026701e+02
         vertex 2.003543e+02 1.175557e+02 2.111031e+02
         vertex 2.842473e+02 9.280934e+01 2.422338e+02
      endloop
   endfacet
   facet normal -1.228594e-01 5.886360e-01 7.990076e-01
      outer loop
         vertex 2.842473e+02 9.280934e+01 2.422338e+02
         vertex 2.003543e+02 1.175557e+02 2.111031e+02
         vertex 2.346774e+02 6.059552e+01 2.583439e+02
      endloop
   endfacet
   facet normal 5.257628e-01 -4.471472e-01 7.236248e-01
      outer loop
         vertex 2.263022e+02 1.344184e+02 2.026701e+02
         vertex 2.263018e+02 1.617036e+02 2.195306e+02
         vertex 2.003543e+02 1.175557e+02 2.111031e+02
      endloop
   endfacet
   facet normal 5.257628e-01 -4.471472e-01 7.236248e-01
      outer loop
         vertex 2.003543e+02 1.175557e+02 2.111031e+02
         vertex 2.263018e+02 1.617036e+02 2.195306e+02
         vertex 2.003536e+02 1.617041e+02 2.383841e+02
      endloop
   endfacet
   facet normal 5.257626e-01 -4.471473e-01 7.236249e-01
      outer loop
         vertex 2.003543e+02 1.175557e+02 2.111031e+02
         vertex 2.003536e+02 1.617041e+02 2.383841e+02
         vertex 1.843172e+02 1.344192e+02 2.331756e+02
      endloop
   endfacet
   facet normal 1.987166e-01 9.779265e-01 -6.458773e-02
      outer loop
         vertex 2.378241e+02 1.622588e+02 1.218037e+02
         vertex 2.479029e+02 1.622592e+02 1.528202e+02
         vertex 3.084066e+02 1.453811e+02 8.341864e+01
      endloop
   endfacet
   facet normal 1.987167e-01 9.779264e-01 -6.458761e-02
      outer loop
         vertex 3.084066e+02 1.453811e+02 8.341864e+01
         vertex 2.479029e+02 1.622592e+02 1.528202e+02
         vertex 3.275671e+02 1.453820e+02 1.423837e+02
      endloop
   endfacet
   facet normal -3.703201e-01 3.795424e-01 -8.478270e-01
      outer loop
         vertex 2.215196e+02 1.345153e+02 1.165055e+02
         vertex 2.378241e+02 1.622588e+02 1.218037e+02
         vertex 2.774103e+02 9.263851e+01 7.334641e+01
      endloop
   endfacet
   facet normal -3.703201e-01 3.795423e-01 -8.478270e-01
      outer loop
         vertex 2.774103e+02 9.263851e+01 7.334641e+01
         vertex 2.378241e+02 1.622588e+02 1.218037e+02
         vertex 3.084066e+02 1.453811e+02 8.341864e+01
      endloop
   endfacet
   facet normal -7.219358e-01 -5.886360e-01 -3.637532e-01
      outer loop
         vertex 2.215216e+02 1.173694e+02 1.442476e+02
         vertex 2.215196e+02 1.345153e+02 1.165055e+02
         vertex 2.774140e+02 6.004271e+01 1.260865e+02
      endloop
   endfacet
   facet normal -7.219357e-01 -5.886360e-01 -3.637532e-01
      outer loop
         vertex 2.774140e+02 6.004271e+01 1.260865e+02
         vertex 2.215196e+02 1.345153e+02 1.165055e+02
         vertex 2.774103e+02 9.263851e+01 7.334641e+01
      endloop
   endfacet
   facet normal -3.702094e-01 -5.886190e-01 7.186603e-01
      outer loop
         vertex 2.378273e+02 1.345161e+02 1.666913e+02
         vertex 2.215216e+02 1.173694e+02 1.442476e+02
         vertex 3.084126e+02 9.264001e+01 1.687539e+02
      endloop
   endfacet
   facet normal -3.702094e-01 -5.886190e-01 7.186603e-01
      outer loop
         vertex 3.084126e+02 9.264001e+01 1.687539e+02
         vertex 2.215216e+02 1.173694e+02 1.442476e+02
         vertex 2.774140e+02 6.004271e+01 1.260865e+02
      endloop
   endfacet
   facet normal 1.987851e-01 3.795698e-01 9.035548e-01
      outer loop
         vertex 2.479029e+02 1.622592e+02 1.528202e+02
         vertex 2.378273e+02 1.345161e+02 1.666913e+02
         vertex 3.275671e+02 1.453820e+02 1.423837e+02
      endloop
   endfacet
   facet normal 1.987851e-01 3.795698e-01 9.035548e-01
      outer loop
         vertex 3.275671e+02 1.453820e+02 1.423837e+02
         vertex 2.378273e+02 1.345161e+02 1.666913e+02
         vertex 3.084126e+02 9.264001e+01 1.687539e+02
      endloop
   endfacet
   facet normal -8.506778e-01 4.471471e-01 2.764178e-01
      outer loop
         vertex 2.215196e+02 1.345153e+02 1.165055e+02
         vertex 2.215216e+02 1.173694e+02 1.442476e+02
         vertex 2.378241e+02 1.622588e+02 1.218037e+02
      endloop
   endfacet
   facet normal -8.506779e-01 4.471470e-01 2.764176e-01
      outer loop
         vertex 2.378241e+02 1.622588e+02 1.218037e+02
         vertex 2.215216e+02 1.173694e+02 1.442476e+02
         vertex 2.378273e+02 1.345161e+02 1.666913e+02
      endloop
   endfacet
   facet normal -8.506779e-01 4.471470e-01 2.764176e-01
      outer loop
         vertex 2.378241e+02 1.622588e+02 1.218037e+02
         vertex 2.378273e+02 1.345161e+02 1.666913e+02
         vertex 2.479029e+02 1.622592e+02 1.528202e+02
      endloop
   endfacet
   facet normal 8.506781e-01 -4.471478e-01 -2.764156e-01
      outer loop
         vertex 2.776732e+02 9.280934e+01 7.387903e+01
         vertex 2.774103e+02 9.263851e+01 7.334641e+01
         vertex 3.083062e+02 1.449339e+02 8.383323e+01
      endloop
   endfacet
   facet normal 8.506764e-01 -4.471448e-01 -2.764256e-01
      outer loop
         vertex 3.083062e+02 1.449339e+02 8.383323e+01
         vertex 2.774103e+02 9.263851e+01 7.334641e+01
         vertex 3.084066e+02 1.453811e+02 8.341864e+01
      endloop
   endfacet
   facet normal 8.506814e-01 -4.471396e-01 -2.764188e-01
      outer loop
         vertex 3.083062e+02 1.449339e+02 8.383323e+01
         vertex 3.084066e+02 1.453811e+02 8.341864e+01
         vertex 3.272422e+02 1.449348e+02 1.421073e+02
      endloop
   endfacet
   facet normal 8.506769e-01 -4.471490e-01 -2.764174e-01
      outer loop
         vertex 3.272422e+02 1.449348e+02 1.421073e+02
         vertex 3.084066e+02 1.453811e+02 8.341864e+01
         vertex 3.275671e+02 1.453820e+02 1.423837e+02
      endloop
   endfacet
   facet normal 8.506769e-01 -4.471477e-01 -2.764195e-01
      outer loop
         vertex 3.272422e+02 1.449348e+02 1.421073e+02
         vertex 3.275671e+02 1.453820e+02 1.423837e+02
         vertex 3.083122e+02 9.281082e+01 1.681684e+02
      endloop
   endfacet
   facet normal 8.506765e-01 -4.471480e-01 -2.764203e-01
      outer loop
         vertex 3.083122e+02 9.281082e+01 1.681684e+02
         vertex 3.275671e+02 1.453820e+02 1.423837e+02
         vertex 3.084126e+02 9.264001e+01 1.687539e+02
      endloop
   endfacet
   facet normal 8.506783e-01 -4.471449e-01 -2.764197e-01
      outer loop
         vertex 3.083122e+02 9.281082e+01 1.681684e+02
         vertex 3.084126e+02 9.264001e+01 1.687539e+02
         vertex 2.776769e+02 6.059552e+01 1.260011e+02
      endloop
   endfacet
   facet normal 8.506787e-01 -4.471430e-01 -2.764215e-01
      outer loop
         vertex 2.776769e+02 6.059552e+01 1.260011e+02
         vertex 3.084126e+02 9.264001e+01 1.687539e+02
         vertex 2.774140e+02 6.004271e+01 1.260865e+02
      endloop
   endfacet
   facet normal 8.506808e-01 -4.471430e-01 -2.764151e-01
      outer loop
         vertex 2.776769e+02 6.059552e+01 1.260011e+02
         vertex 2.774140e+02 6.004271e+01 1.260865e+02
         vertex 2.776732e+02 9.280934e+01 7.387903e+01
      endloop
   endfacet
   facet normal 8.506789e-01 -4.471456e-01 -2.764167e-01
      outer loop
         vertex 2.776732e+02 9.280934e+01 7.387903e+01
         vertex 2.774140e+02 6.004271e+01 1.260865e+02
         vertex 2.774103e+02 9.263851e+01 7.334641e+01
      endloop
   endfacet
   facet normal 3.702094e-01 5.886190e-01 -7.186603e-01
      outer loop
         vertex 2.221418e+02 1.175557e+02 1.440461e+02
         vertex 2.381782e+02 1.344192e+02 1.661191e+02
         vertex 2.776769e+02 6.059552e+01 1.260011e+02
      endloop
   endfacet
   facet normal 3.702093e-01 5.886190e-01 -7.186604e-01
      outer loop
         vertex 2.776769e+02 6.059552e+01 1.260011e+02
         vertex 2.381782e+02 1.344192e+02 1.661191e+02
         vertex 3.083122e+02 9.281082e+01 1.681684e+02
      endloop
   endfacet
   facet normal -1.987851e-01 -3.795699e-01 -9.035547e-01
      outer loop
         vertex 2.381782e+02 1.344192e+02 1.661191e+02
         vertex 2.480873e+02 1.617041e+02 1.524771e+02
         vertex 3.083122e+02 9.281082e+01 1.681684e+02
      endloop
   endfacet
   facet normal -1.987850e-01 -3.795698e-01 -9.035548e-01
      outer loop
         vertex 3.083122e+02 9.281082e+01 1.681684e+02
         vertex 2.480873e+02 1.617041e+02 1.524771e+02
         vertex 3.272422e+02 1.449348e+02 1.421073e+02
      endloop
   endfacet
   facet normal -1.987165e-01 -9.779265e-01 6.458750e-02
      outer loop
         vertex 2.480873e+02 1.617041e+02 1.524771e+02
         vertex 2.381751e+02 1.617036e+02 1.219728e+02
         vertex 3.272422e+02 1.449348e+02 1.421073e+02
      endloop
   endfacet
   facet normal -1.987166e-01 -9.779265e-01 6.458774e-02
      outer loop
         vertex 3.272422e+02 1.449348e+02 1.421073e+02
         vertex 2.381751e+02 1.617036e+02 1.219728e+02
         vertex 3.083062e+02 1.449339e+02 8.383323e+01
      endloop
   endfacet
   facet normal 3.703201e-01 -3.795423e-01 8.478270e-01
      outer loop
         vertex 2.381751e+02 1.617036e+02 1.219728e+02
         vertex 2.221399e+02 1.344184e+02 1.167622e+02
         vertex 3.083062e+02 1.449339e+02 8.383323e+01
      endloop
   endfacet
   facet normal 3.703201e-01 -3.795423e-01 8.478270e-01
      outer loop
         vertex 3.083062e+02 1.449339e+02 8.383323e+01
         vertex 2.221399e+02 1.344184e+02 1.167622e+02
         vertex 2.776732e+02 9.280934e+01 7.387903e+01
      endloop
   endfacet
   facet normal 7.219358e-01 5.886360e-01 3.637532e-01
      outer loop
         vertex 2.221399e+02 1.344184e+02 1.167622e+02
         vertex 2.221418e+02 1.175557e+02 1.440461e+02
         vertex 2.776732e+02 9.280934e+01 7.387903e+01
      endloop
   endfacet
   facet normal 7.219358e-01 5.886360e-01 3.637532e-01
      outer loop
         vertex 2.776732e+02 9.280934e+01 7.387903e+01
         vertex 2.221418e+02 1.175557e+02 1.440461e+02
         vertex 2.776769e+02 6.059552e+01 1.260011e+02
      endloop
   endfacet
   facet normal 8.506778e-01 -4.471471e-01 -2.764177e-01
      outer loop
         vertex 2.221399e+02 1.344184e+02 1.167622e+02
         vertex 2.381751e+02 1.617036e+02 1.219728e+02
         vertex 2.221418e+02 1.175557e+02 1.440461e+02
      endloop
   endfacet
   facet normal 8.506778e-01 -4.471471e-01 -2.764177e-01
      outer loop
         vertex 2.221418e+02 1.175557e+02 1.440461e+02
         vertex 2.381751e+02 1.617036e+02 1.219728e+02
         vertex 2.480873e+02 1.617041e+02 1.524771e+02
      endloop
   endfacet
   facet normal 8.506778e-01 -4.471472e-01 -2.764175e-01
      outer loop
         vertex 2.221418e+02 1.175557e+02 1.440461e+02
         vertex 2.480873e+02 1.617041e+02 1.524771e+02
         vertex 2.381782e+02 1.344192e+02 1.661191e+02
      endloop
   endfacet
   facet normal -1.980514e-05 9.779265e-01 -2.089494e-01
      outer loop
         vertex 1.487918e+02 1.622588e+02 8.081514e+01
         vertex 1.814048e+02 1.622592e+02 8.081435e+01
         vertex 1.340966e+02 1.453811e+02 1.825631e+00
      endloop
   endfacet
   facet normal -1.964438e-05 9.779264e-01 -2.089495e-01
      outer loop
         vertex 1.340966e+02 1.453811e+02 1.825631e+00
         vertex 1.814048e+02 1.622592e+02 8.081435e+01
         vertex 1.960966e+02 1.453820e+02 1.824126e+00
      endloop
   endfacet
   facet normal -9.207666e-01 3.795423e-01 9.020240e-02
      outer loop
         vertex 1.387146e+02 1.345153e+02 9.468444e+01
         vertex 1.487918e+02 1.622588e+02 8.081514e+01
         vertex 1.149390e+02 9.263851e+01 2.819234e+01
      endloop
   endfacet
   facet normal -9.207666e-01 3.795423e-01 9.020243e-02
      outer loop
         vertex 1.149390e+02 9.263851e+01 2.819234e+01
         vertex 1.487918e+02 1.622588e+02 8.081514e+01
         vertex 1.340966e+02 1.453811e+02 1.825631e+00
      endloop
   endfacet
   facet normal -5.690403e-01 -5.886360e-01 5.741958e-01
      outer loop
         vertex 1.650995e+02 1.173694e+02 1.032554e+02
         vertex 1.387146e+02 1.345153e+02 9.468444e+01
         vertex 1.650989e+02 6.004271e+01 4.448638e+01
      endloop
   endfacet
   facet normal -5.690404e-01 -5.886360e-01 5.741957e-01
      outer loop
         vertex 1.650989e+02 6.004271e+01 4.448638e+01
         vertex 1.387146e+02 1.345153e+02 9.468444e+01
         vertex 1.149390e+02 9.263851e+01 2.819234e+01
      endloop
   endfacet
   facet normal 5.690856e-01 -5.886190e-01 5.741683e-01
      outer loop
         vertex 1.914835e+02 1.345161e+02 9.468316e+01
         vertex 1.650995e+02 1.173694e+02 1.032554e+02
         vertex 2.152571e+02 9.264001e+01 2.818993e+01
      endloop
   endfacet
   facet normal 5.690856e-01 -5.886190e-01 5.741683e-01
      outer loop
         vertex 2.152571e+02 9.264001e+01 2.818993e+01
         vertex 1.650995e+02 1.173694e+02 1.032554e+02
         vertex 1.650989e+02 6.004271e+01 4.448638e+01
      endloop
   endfacet
   facet normal 9.207597e-01 3.795698e-01 9.015792e-02
      outer loop
         vertex 1.814048e+02 1.622592e+02 8.081435e+01
         vertex 1.914835e+02 1.345161e+02 9.468316e+01
         vertex 1.960966e+02 1.453820e+02 1.824126e+00
      endloop
   endfacet
   facet normal 9.207596e-01 3.795698e-01 9.015793e-02
      outer loop
         vertex 1.960966e+02 1.453820e+02 1.824126e+00
         vertex 1.914835e+02 1.345161e+02 9.468316e+01
         vertex 2.152571e+02 9.264001e+01 2.818993e+01
      endloop
   endfacet
   facet normal 1.486633e-05 4.471471e-01 8.944604e-01
      outer loop
         vertex 1.914835e+02 1.345161e+02 9.468316e+01
         vertex 1.814048e+02 1.622592e+02 8.081435e+01
         vertex 1.650995e+02 1.173694e+02 1.032554e+02
      endloop
   endfacet
   facet normal 1.491834e-05 4.471471e-01 8.944604e-01
      outer loop
         vertex 1.650995e+02 1.173694e+02 1.032554e+02
         vertex 1.814048e+02 1.622592e+02 8.081435e+01
         vertex 1.487918e+02 1.622588e+02 8.081514e+01
      endloop
   endfacet
   facet normal 1.493180e-05 4.471471e-01 8.944604e-01
      outer loop
         vertex 1.650995e+02 1.173694e+02 1.032554e+02
         vertex 1.487918e+02 1.622588e+02 8.081514e+01
         vertex 1.387146e+02 1.345153e+02 9.468444e+01
      endloop
   endfacet
   facet normal -1.986884e-05 -4.471533e-01 -8.944573e-01
      outer loop
         vertex 1.650989e+02 6.059552e+01 4.421002e+01
         vertex 1.650989e+02 6.004271e+01 4.448638e+01
         vertex 1.155268e+02 9.280934e+01 2.810693e+01
      endloop
   endfacet
   facet normal -1.734103e-05 -4.471503e-01 -8.944589e-01
      outer loop
         vertex 1.155268e+02 9.280934e+01 2.810693e+01
         vertex 1.650989e+02 6.004271e+01 4.448638e+01
         vertex 1.149390e+02 9.263851e+01 2.819234e+01
      endloop
   endfacet
   facet normal -1.892151e-05 -4.471459e-01 -8.944610e-01
      outer loop
         vertex 1.155268e+02 9.280934e+01 2.810693e+01
         vertex 1.149390e+02 9.263851e+01 2.819234e+01
         vertex 1.344599e+02 1.449339e+02 2.049193e+00
      endloop
   endfacet
   facet normal -2.257493e-05 -4.471448e-01 -8.944616e-01
      outer loop
         vertex 1.344599e+02 1.449339e+02 2.049193e+00
         vertex 1.149390e+02 9.263851e+01 2.819234e+01
         vertex 1.340966e+02 1.453811e+02 1.825631e+00
      endloop
   endfacet
   facet normal -1.479314e-05 -4.471398e-01 -8.944641e-01
      outer loop
         vertex 1.344599e+02 1.449339e+02 2.049193e+00
         vertex 1.340966e+02 1.453811e+02 1.825631e+00
         vertex 1.957334e+02 1.449348e+02 2.047718e+00
      endloop
   endfacet
   facet normal -1.504898e-05 -4.471681e-01 -8.944500e-01
      outer loop
         vertex 1.957334e+02 1.449348e+02 2.047718e+00
         vertex 1.340966e+02 1.453811e+02 1.825631e+00
         vertex 1.960966e+02 1.453820e+02 1.824126e+00
      endloop
   endfacet
   facet normal -3.728939e-05 -4.471536e-01 -8.944572e-01
      outer loop
         vertex 1.957334e+02 1.449348e+02 2.047718e+00
         vertex 1.960966e+02 1.453820e+02 1.824126e+00
         vertex 2.146693e+02 9.281082e+01 2.810454e+01
      endloop
   endfacet
   facet normal -1.566896e-05 -4.471475e-01 -8.944602e-01
      outer loop
         vertex 2.146693e+02 9.281082e+01 2.810454e+01
         vertex 1.960966e+02 1.453820e+02 1.824126e+00
         vertex 2.152571e+02 9.264001e+01 2.818993e+01
      endloop
   endfacet
   facet normal -1.531124e-05 -4.471465e-01 -8.944607e-01
      outer loop
         vertex 2.146693e+02 9.281082e+01 2.810454e+01
         vertex 2.152571e+02 9.264001e+01 2.818993e+01
         vertex 1.650989e+02 6.059552e+01 4.421002e+01
      endloop
   endfacet
   facet normal -9.870690e-06 -4.471533e-01 -8.944573e-01
      outer loop
         vertex 1.650989e+02 6.059552e+01 4.421002e+01
         vertex 2.152571e+02 9.264001e+01 2.818993e+01
         vertex 1.650989e+02 6.004271e+01 4.448638e+01
      endloop
   endfacet
   facet normal -5.690856e-01 5.886190e-01 -5.741683e-01
      outer loop
         vertex 1.650995e+02 1.175557e+02 1.026032e+02
         vertex 1.910477e+02 1.344192e+02 9.417263e+01
         vertex 1.650989e+02 6.059552e+01 4.421002e+01
      endloop
   endfacet
   facet normal -5.690856e-01 5.886190e-01 -5.741683e-01
      outer loop
         vertex 1.650989e+02 6.059552e+01 4.421002e+01
         vertex 1.910477e+02 1.344192e+02 9.417263e+01
         vertex 2.146693e+02 9.281082e+01 2.810454e+01
      endloop
   endfacet
   facet normal -9.207596e-01 -3.795699e-01 -9.015789e-02
      outer loop
         vertex 1.910477e+02 1.344192e+02 9.417263e+01
         vertex 1.811355e+02 1.617041e+02 8.053288e+01
         vertex 2.146693e+02 9.281082e+01 2.810454e+01
      endloop
   endfacet
   facet normal -9.207596e-01 -3.795698e-01 -9.015799e-02
      outer loop
         vertex 2.146693e+02 9.281082e+01 2.810454e+01
         vertex 1.811355e+02 1.617041e+02 8.053288e+01
         vertex 1.957334e+02 1.449348e+02 2.047718e+00
      endloop
   endfacet
   facet normal 1.958633e-05 -9.779265e-01 2.089493e-01
      outer loop
         vertex 1.811355e+02 1.617041e+02 8.053288e+01
         vertex 1.490611e+02 1.617036e+02 8.053365e+01
         vertex 1.957334e+02 1.449348e+02 2.047718e+00
      endloop
   endfacet
   facet normal 1.977568e-05 -9.779265e-01 2.089494e-01
      outer loop
         vertex 1.957334e+02 1.449348e+02 2.047718e+00
         vertex 1.490611e+02 1.617036e+02 8.053365e+01
         vertex 1.344599e+02 1.449339e+02 2.049193e+00
      endloop
   endfacet
   facet normal 9.207666e-01 -3.795424e-01 -9.020238e-02
      outer loop
         vertex 1.490611e+02 1.617036e+02 8.053365e+01
         vertex 1.391504e+02 1.344184e+02 9.417389e+01
         vertex 1.344599e+02 1.449339e+02 2.049193e+00
      endloop
   endfacet
   facet normal 9.207666e-01 -3.795423e-01 -9.020237e-02
      outer loop
         vertex 1.344599e+02 1.449339e+02 2.049193e+00
         vertex 1.391504e+02 1.344184e+02 9.417389e+01
         vertex 1.155268e+02 9.280934e+01 2.810693e+01
      endloop
   endfacet
   facet normal 5.690403e-01 5.886361e-01 -5.741957e-01
      outer loop
         vertex 1.391504e+02 1.344184e+02 9.417389e+01
         vertex 1.650995e+02 1.175557e+02 1.026032e+02
         vertex 1.155268e+02 9.280934e+01 2.810693e+01
      endloop
   endfacet
   facet normal 5.690403e-01 5.886360e-01 -5.741958e-01
      outer loop
         vertex 1.155268e+02 9.280934e+01 2.810693e+01
         vertex 1.650995e+02 1.175557e+02 1.026032e+02
         vertex 1.650989e+02 6.059552e+01 4.421002e+01
      endloop
   endfacet
   facet normal -1.501802e-05 -4.471472e-01 -8.944604e-01
      outer loop
         vertex 1.391504e+02 1.344184e+02 9.417389e+01
         vertex 1.490611e+02 1.617036e+02 8.053365e+01
         vertex 1.650995e+02 1.175557e+02 1.026032e+02
      endloop
   endfacet
   facet normal -1.496105e-05 -4.471472e-01 -8.944604e-01
      outer loop
         vertex 1.650995e+02 1.175557e+02 1.026032e+02
         vertex 1.490611e+02 1.617036e+02 8.053365e+01
         vertex 1.811355e+02 1.617041e+02 8.053288e+01
      endloop
   endfacet
   facet normal -1.473653e-05 -4.471472e-01 -8.944604e-01
      outer loop
         vertex 1.650995e+02 1.175557e+02 1.026032e+02
         vertex 1.811355e+02 1.617041e+02 8.053288e+01
         vertex 1.910477e+02 1.344192e+02 9.417263e+01
      endloop
   endfacet
   facet normal -4.915458e-01 5.256971e-01 6.942804e-01
      outer loop
         vertex 9.508073e+01 1.637742e+02 1.210564e+02
         vertex 1.050457e+02 1.911994e+02 1.073456e+02
         vertex 2.115542e+01 1.491124e+02 7.981946e+01
      endloop
   endfacet
   facet normal -4.915457e-01 5.256971e-01 6.942805e-01
      outer loop
         vertex 2.115542e+01 1.491124e+02 7.981946e+01
         vertex 1.050457e+02 1.911994e+02 1.073456e+02
         vertex 4.211434e+01 2.067947e+02 5.098218e+01
      endloop
   endfacet
   facet normal -3.890234e-01 -3.882187e-01 8.354323e-01
      outer loop
         vertex 1.111989e+02 1.363481e+02 1.158172e+02
         vertex 9.508073e+01 1.637742e+02 1.210564e+02
         vertex 5.505604e+01 9.142841e+01 6.880019e+01
      endloop
   endfacet
   facet normal -3.890234e-01 -3.882187e-01 8.354323e-01
      outer loop
         vertex 5.505604e+01 9.142841e+01 6.880019e+01
         vertex 9.508073e+01 1.637742e+02 1.210564e+02
         vertex 2.115542e+01 1.491124e+02 7.981946e+01
      endloop
   endfacet
   facet normal 3.141225e-01 -8.451961e-01 4.324010e-01
      outer loop
         vertex 1.372821e+02 1.363473e+02 9.686729e+01
         vertex 1.111989e+02 1.363481e+02 1.158172e+02
         vertex 1.099156e+02 9.142677e+01 2.894364e+01
      endloop
   endfacet
   facet normal 3.141226e-01 -8.451960e-01 4.324010e-01
      outer loop
         vertex 1.099156e+02 9.142677e+01 2.894364e+01
         vertex 1.111989e+02 1.363481e+02 1.158172e+02
         vertex 5.505604e+01 9.142841e+01 6.880019e+01
      endloop
   endfacet
   facet normal 9.147463e-01 -3.882575e-01 -1.117822e-01
      outer loop
         vertex 1.472471e+02 1.637726e+02 8.315650e+01
         vertex 1.372821e+02 1.363473e+02 9.686729e+01
         vertex 1.308745e+02 1.491091e+02 1.063645e-01
      endloop
   endfacet
   facet normal 9.147463e-01 -3.882575e-01 -1.117822e-01
      outer loop
         vertex 1.308745e+02 1.491091e+02 1.063645e-01
         vertex 1.372821e+02 1.363473e+02 9.686729e+01
         vertex 1.099156e+02 9.142677e+01 2.894364e+01
      endloop
   endfacet
   facet normal 8.122240e-01 5.256583e-01 -2.529339e-01
      outer loop
         vertex 1.311289e+02 1.911987e+02 8.839565e+01
         vertex 1.472471e+02 1.637726e+02 8.315650e+01
         vertex 9.697390e+01 2.067930e+02 1.112562e+01
      endloop
   endfacet
   facet normal 8.122240e-01 5.256582e-01 -2.529340e-01
      outer loop
         vertex 9.697390e+01 2.067930e+02 1.112562e+01
         vertex 1.472471e+02 1.637726e+02 8.315650e+01
         vertex 1.308745e+02 1.491091e+02 1.063645e-01
      endloop
   endfacet
   facet normal 1.090779e-01 9.826356e-01 1.500974e-01
      outer loop
         vertex 1.050457e+02 1.911994e+02 1.073456e+02
         vertex 1.311289e+02 1.911987e+02 8.839565e+01
         vertex 4.211434e+01 2.067947e+02 5.098218e+01
      endloop
   endfacet
   facet normal 1.090780e-01 9.826356e-01 1.500972e-01
      outer loop
         vertex 4.211434e+01 2.067947e+02 5.098218e+01
         vertex 1.311289e+02 1.911987e+02 8.839565e+01
         vertex 9.697390e+01 2.067930e+02 1.112562e+01
      endloop
   endfacet
   facet normal 5.773522e-01 1.875023e-01 7.946744e-01
      outer loop
         vertex 1.472471e+02 1.637726e+02 8.315650e+01
         vertex 1.311289e+02 1.911987e+02 8.839565e+01
         vertex 1.372821e+02 1.363473e+02 9.686729e+01
      endloop
   endfacet
   facet normal 5.773522e-01 1.875023e-01 7.946743e-01
      outer loop
         vertex 1.372821e+02 1.363473e+02 9.686729e+01
         vertex 1.311289e+02 1.911987e+02 8.839565e+01
         vertex 1.050457e+02 1.911994e+02 1.073456e+02
      endloop
   endfacet
   facet normal 5.773522e-01 1.875023e-01 7.946744e-01
      outer loop
         vertex 1.372821e+02 1.363473e+02 9.686729e+01
         vertex 1.050457e+02 1.911994e+02 1.073456e+02
         vertex 1.111989e+02 1.363481e+02 1.158172e+02
      endloop
   endfacet
   facet normal 5.773522e-01 1.875023e-01 7.946743e-01
      outer loop
         vertex 1.111989e+02 1.363481e+02 1.158172e+02
         vertex 1.050457e+02 1.911994e+02 1.073456e+02
         vertex 9.508073e+01 1.637742e+02 1.210564e+02
      endloop
   endfacet
   facet normal -5.773443e-01 -1.874963e-01 -7.946815e-01
      outer loop
         vertex 9.679544e+01 2.063019e+02 1.137115e+01
         vertex 9.697390e+01 2.067930e+02 1.112562e+01
         vertex 1.304074e+02 1.491091e+02 4.457086e-01
      endloop
   endfacet
   facet normal -5.773450e-01 -1.874968e-01 -7.946809e-01
      outer loop
         vertex 1.304074e+02 1.491091e+02 4.457086e-01
         vertex 9.697390e+01 2.067930e+02 1.112562e+01
         vertex 1.308745e+02 1.491091e+02 1.063645e-01
      endloop
   endfacet
   facet normal -5.773437e-01 -1.875078e-01 -7.946792e-01
      outer loop
         vertex 1.304074e+02 1.491091e+02 4.457086e-01
         vertex 1.308745e+02 1.491091e+02 1.063645e-01
         vertex 1.096269e+02 9.191791e+01 2.903746e+01
      endloop
   endfacet
   facet normal -5.773464e-01 -1.875060e-01 -7.946777e-01
      outer loop
         vertex 1.096269e+02 9.191791e+01 2.903746e+01
         vertex 1.308745e+02 1.491091e+02 1.063645e-01
         vertex 1.099156e+02 9.142677e+01 2.894364e+01
      endloop
   endfacet
   facet normal -5.773513e-01 -1.875098e-01 -7.946732e-01
      outer loop
         vertex 1.096269e+02 9.191791e+01 2.903746e+01
         vertex 1.099156e+02 9.142677e+01 2.894364e+01
         vertex 5.523448e+01 9.191953e+01 6.855465e+01
      endloop
   endfacet
   facet normal -5.773513e-01 -1.875104e-01 -7.946731e-01
      outer loop
         vertex 5.523448e+01 9.191953e+01 6.855465e+01
         vertex 1.099156e+02 9.142677e+01 2.894364e+01
         vertex 5.505604e+01 9.142841e+01 6.880019e+01
      endloop
   endfacet
   facet normal -5.773576e-01 -1.875063e-01 -7.946695e-01
      outer loop
         vertex 5.523448e+01 9.191953e+01 6.855465e+01
         vertex 5.505604e+01 9.142841e+01 6.880019e+01
         vertex 2.162251e+01 1.491123e+02 7.948010e+01
      endloop
   endfacet
   facet normal -5.773526e-01 -1.875025e-01 -7.946740e-01
      outer loop
         vertex 2.162251e+01 1.491123e+02 7.948010e+01
         vertex 5.505604e+01 9.142841e+01 6.880019e+01
         vertex 2.115542e+01 1.491124e+02 7.981946e+01
      endloop
   endfacet
   facet normal -5.773527e-01 -1.875020e-01 -7.946741e-01
      outer loop
         vertex 2.162251e+01 1.491123e+02 7.948010e+01
         vertex 2.115542e+01 1.491124e+02 7.981946e+01
         vertex 4.240298e+01 2.063035e+02 5.088835e+01
      endloop
   endfacet
   facet normal -5.773554e-01 -1.875002e-01 -7.946725e-01
      outer loop
         vertex 4.240298e+01 2.063035e+02 5.088835e+01
         vertex 2.115542e+01 1.491124e+02 7.981946e+01
         vertex 4.211434e+01 2.067947e+02 5.098218e+01
      endloop
   endfacet
   facet normal -5.773527e-01 -1.874982e-01 -7.946749e-01
      outer loop
         vertex 4.240298e+01 2.063035e+02 5.088835e+01
         vertex 4.211434e+01 2.067947e+02 5.098218e+01
         vertex 9.679544e+01 2.063019e+02 1.137115e+01
      endloop
   endfacet
   facet normal -5.773536e-01 -1.874903e-01 -7.946762e-01
      outer loop
         vertex 9.679544e+01 2.063019e+02 1.137115e+01
         vertex 4.211434e+01 2.067947e+02 5.098218e+01
         vertex 9.697390e+01 2.067930e+02 1.112562e+01
      endloop
   endfacet
   facet normal 3.890234e-01 3.882187e-01 -8.354322e-01
      outer loop
         vertex 9.516968e+01 1.636992e+02 1.205061e+02
         vertex 1.110902e+02 1.366095e+02 1.153312e+02
         vertex 2.162251e+01 1.491123e+02 7.948010e+01
      endloop
   endfacet
   facet normal 3.890234e-01 3.882187e-01 -8.354322e-01
      outer loop
         vertex 2.162251e+01 1.491123e+02 7.948010e+01
         vertex 1.110902e+02 1.366095e+02 1.153312e+02
         vertex 5.523448e+01 9.191953e+01 6.855465e+01
      endloop
   endfacet
   facet normal -3.141226e-01 8.451961e-01 -4.324009e-01
      outer loop
         vertex 1.110902e+02 1.366095e+02 1.153312e+02
         vertex 1.368535e+02 1.366087e+02 9.661368e+01
         vertex 5.523448e+01 9.191953e+01 6.855465e+01
      endloop
   endfacet
   facet normal -3.141226e-01 8.451961e-01 -4.324010e-01
      outer loop
         vertex 5.523448e+01 9.191953e+01 6.855465e+01
         vertex 1.368535e+02 1.366087e+02 9.661368e+01
         vertex 1.096269e+02 9.191791e+01 2.903746e+01
      endloop
   endfacet
   facet normal -9.147463e-01 3.882576e-01 1.117822e-01
      outer loop
         vertex 1.368535e+02 1.366087e+02 9.661368e+01
         vertex 1.466962e+02 1.636976e+02 8.307104e+01
         vertex 1.096269e+02 9.191791e+01 2.903746e+01
      endloop
   endfacet
   facet normal -9.147463e-01 3.882576e-01 1.117822e-01
      outer loop
         vertex 1.096269e+02 9.191791e+01 2.903746e+01
         vertex 1.466962e+02 1.636976e+02 8.307104e+01
         vertex 1.304074e+02 1.491091e+02 4.457086e-01
      endloop
   endfacet
   facet normal -8.122240e-01 -5.256583e-01 2.529340e-01
      outer loop
         vertex 1.466962e+02 1.636976e+02 8.307104e+01
         vertex 1.307757e+02 1.907873e+02 8.824594e+01
         vertex 1.304074e+02 1.491091e+02 4.457086e-01
      endloop
   endfacet
   facet normal -8.122239e-01 -5.256583e-01 2.529340e-01
      outer loop
         vertex 1.304074e+02 1.491091e+02 4.457086e-01
         vertex 1.307757e+02 1.907873e+02 8.824594e+01
         vertex 9.679544e+01 2.063019e+02 1.137115e+01
      endloop
   endfacet
   facet normal -1.090781e-01 -9.826356e-01 -1.500972e-01
      outer loop
         vertex 1.307757e+02 1.907873e+02 8.824594e+01
         vertex 1.050125e+02 1.907881e+02 1.069635e+02
         vertex 9.679544e+01 2.063019e+02 1.137115e+01
      endloop
   endfacet
   facet normal -1.090779e-01 -9.826357e-01 -1.500972e-01
      outer loop
         vertex 9.679544e+01 2.063019e+02 1.137115e+01
         vertex 1.050125e+02 1.907881e+02 1.069635e+02
         vertex 4.240298e+01 2.063035e+02 5.088835e+01
      endloop
   endfacet
   facet normal 4.915458e-01 -5.256971e-01 -6.942804e-01
      outer loop
         vertex 1.050125e+02 1.907881e+02 1.069635e+02
         vertex 9.516968e+01 1.636992e+02 1.205061e+02
         vertex 4.240298e+01 2.063035e+02 5.088835e+01
      endloop
   endfacet
   facet normal 4.915458e-01 -5.256971e-01 -6.942804e-01
      outer loop
         vertex 4.240298e+01 2.063035e+02 5.088835e+01
         vertex 9.516968e+01 1.636992e+02 1.205061e+02
         vertex 2.162251e+01 1.491123e+02 7.948010e+01
      endloop
   endfacet
   facet normal -5.773522e-01 -1.875022e-01 -7.946744e-01
      outer loop
         vertex 1.110902e+02 1.366095e+02 1.153312e+02
         vertex 9.516968e+01 1.636992e+02 1.205061e+02
         vertex 1.368535e+02 1.366087e+02 9.661368e+01
      endloop
   endfacet
   facet normal -5.773522e-01 -1.875022e-01 -7.946744e-01
      outer loop
         vertex 1.368535e+02 1.366087e+02 9.661368e+01
         vertex 9.516968e+01 1.636992e+02 1.205061e+02
         vertex 1.050125e+02 1.907881e+02 1.069635e+02
      endloop
   endfacet
   facet normal -5.773522e-01 -1.875022e-01 -7.946744e-01
      outer loop
         vertex 1.368535e+02 1.366087e+02 9.661368e+01
         vertex 1.050125e+02 1.907881e+02 1.069635e+02
         vertex 1.466962e+02 1.636976e+02 8.307104e+01
      endloop
   endfacet
   facet normal -5.773522e-01 -1.875023e-01 -7.946743e-01
      outer loop
         vertex 1.466962e+02 1.636976e+02 8.307104e+01
         vertex 1.050125e+02 1.907881e+02 1.069635e+02
         vertex 1.307757e+02 1.907873e+02 8.824594e+01
      endloop
   endfacet
   facet normal 4.915744e-01 5.257214e-01 6.942418e-01
      outer loop
         vertex 2.251516e+02 1.911984e+02 1.073423e+02
         vertex 2.351175e+02 1.637736e+02 1.210534e+02
         vertex 2.880801e+02 2.067926e+02 5.097542e+01
      endloop
   endfacet
   facet normal 4.915744e-01 5.257214e-01 6.942418e-01
      outer loop
         vertex 2.880801e+02 2.067926e+02 5.097542e+01
         vertex 2.351175e+02 1.637736e+02 1.210534e+02
         vertex 3.090409e+02 1.491113e+02 7.981332e+01
      endloop
   endfacet
   facet normal -1.090796e-01 9.826389e-01 1.500747e-01
      outer loop
         vertex 1.990675e+02 1.911969e+02 8.839364e+01
         vertex 2.251516e+02 1.911984e+02 1.073423e+02
         vertex 2.332186e+02 2.067894e+02 1.112153e+01
      endloop
   endfacet
   facet normal -1.090799e-01 9.826389e-01 1.500747e-01
      outer loop
         vertex 2.332186e+02 2.067894e+02 1.112153e+01
         vertex 2.251516e+02 1.911984e+02 1.073423e+02
         vertex 2.880801e+02 2.067926e+02 5.097542e+01
      endloop
   endfacet
   facet normal -8.122412e-01 5.256434e-01 -2.529097e-01
      outer loop
         vertex 1.829493e+02 1.637705e+02 8.315604e+01
         vertex 1.990675e+02 1.911969e+02 8.839364e+01
         vertex 1.993180e+02 1.491048e+02 1.055300e-01
      endloop
   endfacet
   facet normal -8.122411e-01 5.256435e-01 -2.529097e-01
      outer loop
         vertex 1.993180e+02 1.491048e+02 1.055300e-01
         vertex 1.990675e+02 1.911969e+02 8.839364e+01
         vertex 2.332186e+02 2.067894e+02 1.112153e+01
      endloop
   endfacet
   facet normal -9.147481e-01 -3.882692e-01 -1.117269e-01
      outer loop
         vertex 1.929152e+02 1.363457e+02 9.686713e+01
         vertex 1.829493e+02 1.637705e+02 8.315604e+01
         vertex 2.202788e+02 9.142348e+01 2.894343e+01
      endloop
   endfacet
   facet normal -9.147481e-01 -3.882692e-01 -1.117269e-01
      outer loop
         vertex 2.202788e+02 9.142348e+01 2.894343e+01
         vertex 1.829493e+02 1.637705e+02 8.315604e+01
         vertex 1.993180e+02 1.491048e+02 1.055300e-01
      endloop
   endfacet
   facet normal -3.140939e-01 -8.451867e-01 4.324401e-01
      outer loop
         vertex 2.189993e+02 1.363473e+02 1.158158e+02
         vertex 1.929152e+02 1.363457e+02 9.686713e+01
         vertex 2.751403e+02 9.142676e+01 6.879734e+01
      endloop
   endfacet
   facet normal -3.140939e-01 -8.451867e-01 4.324402e-01
      outer loop
         vertex 2.751403e+02 9.142676e+01 6.879734e+01
         vertex 1.929152e+02 1.363457e+02 9.686713e+01
         vertex 2.202788e+02 9.142348e+01 2.894343e+01
      endloop
   endfacet
   facet normal 3.890673e-01 -3.881914e-01 8.354245e-01
      outer loop
         vertex 2.351175e+02 1.637736e+02 1.210534e+02
         vertex 2.189993e+02 1.363473e+02 1.158158e+02
         vertex 3.090409e+02 1.491113e+02 7.981332e+01
      endloop
   endfacet
   facet normal 3.890674e-01 -3.881913e-01 8.354245e-01
      outer loop
         vertex 3.090409e+02 1.491113e+02 7.981332e+01
         vertex 2.189993e+02 1.363473e+02 1.158158e+02
         vertex 2.751403e+02 9.142676e+01 6.879734e+01
      endloop
   endfacet
   facet normal -5.773155e-01 1.875193e-01 7.946970e-01
      outer loop
         vertex 1.990675e+02 1.911969e+02 8.839364e+01
         vertex 1.829493e+02 1.637705e+02 8.315604e+01
         vertex 2.251516e+02 1.911984e+02 1.073423e+02
      endloop
   endfacet
   facet normal -5.773155e-01 1.875194e-01 7.946970e-01
      outer loop
         vertex 2.251516e+02 1.911984e+02 1.073423e+02
         vertex 1.829493e+02 1.637705e+02 8.315604e+01
         vertex 1.929152e+02 1.363457e+02 9.686713e+01
      endloop
   endfacet
   facet normal -5.773155e-01 1.875194e-01 7.946970e-01
      outer loop
         vertex 2.251516e+02 1.911984e+02 1.073423e+02
         vertex 1.929152e+02 1.363457e+02 9.686713e+01
         vertex 2.351175e+02 1.637736e+02 1.210534e+02
      endloop
   endfacet
   facet normal -5.773156e-01 1.875196e-01 7.946969e-01
      outer loop
         vertex 2.351175e+02 1.637736e+02 1.210534e+02
         vertex 1.929152e+02 1.363457e+02 9.686713e+01
         vertex 2.189993e+02 1.363473e+02 1.158158e+02
      endloop
   endfacet
   facet normal 5.773170e-01 -1.875062e-01 -7.946990e-01
      outer loop
         vertex 2.333971e+02 2.062982e+02 1.136705e+01
         vertex 2.332186e+02 2.067894e+02 1.112153e+01
         vertex 2.877914e+02 2.063015e+02 5.088162e+01
      endloop
   endfacet
   facet normal 5.773160e-01 -1.875148e-01 -7.946977e-01
      outer loop
         vertex 2.877914e+02 2.063015e+02 5.088162e+01
         vertex 2.332186e+02 2.067894e+02 1.112153e+01
         vertex 2.880801e+02 2.067926e+02 5.097542e+01
      endloop
   endfacet
   facet normal 5.773191e-01 -1.875172e-01 -7.946949e-01
      outer loop
         vertex 2.877914e+02 2.063015e+02 5.088162e+01
         vertex 2.880801e+02 2.067926e+02 5.097542e+01
         vertex 3.085738e+02 1.491113e+02 7.947399e+01
      endloop
   endfacet
   facet normal 5.773179e-01 -1.875180e-01 -7.946956e-01
      outer loop
         vertex 3.085738e+02 1.491113e+02 7.947399e+01
         vertex 2.880801e+02 2.067926e+02 5.097542e+01
         vertex 3.090409e+02 1.491113e+02 7.981332e+01
      endloop
   endfacet
   facet normal 5.773175e-01 -1.875209e-01 -7.946951e-01
      outer loop
         vertex 3.085738e+02 1.491113e+02 7.947399e+01
         vertex 3.090409e+02 1.491113e+02 7.981332e+01
         vertex 2.749618e+02 9.191787e+01 6.855179e+01
      endloop
   endfacet
   facet normal 5.773202e-01 -1.875230e-01 -7.946927e-01
      outer loop
         vertex 2.749618e+02 9.191787e+01 6.855179e+01
         vertex 3.090409e+02 1.491113e+02 7.981332e+01
         vertex 2.751403e+02 9.142676e+01 6.879734e+01
      endloop
   endfacet
   facet normal 5.773148e-01 -1.875265e-01 -7.946958e-01
      outer loop
         vertex 2.749618e+02 9.191787e+01 6.855179e+01
         vertex 2.751403e+02 9.142676e+01 6.879734e+01
         vertex 2.205675e+02 9.191462e+01 2.903722e+01
      endloop
   endfacet
   facet normal 5.773142e-01 -1.875320e-01 -7.946950e-01
      outer loop
         vertex 2.205675e+02 9.191462e+01 2.903722e+01
         vertex 2.751403e+02 9.142676e+01 6.879734e+01
         vertex 2.202788e+02 9.142348e+01 2.894343e+01
      endloop
   endfacet
   facet normal 5.773059e-01 -1.875257e-01 -7.947025e-01
      outer loop
         vertex 2.205675e+02 9.191462e+01 2.903722e+01
         vertex 2.202788e+02 9.142348e+01 2.894343e+01
         vertex 1.997851e+02 1.491048e+02 4.448593e-01
      endloop
   endfacet
   facet normal 5.773179e-01 -1.875180e-01 -7.946956e-01
      outer loop
         vertex 1.997851e+02 1.491048e+02 4.448593e-01
         vertex 2.202788e+02 9.142348e+01 2.894343e+01
         vertex 1.993180e+02 1.491048e+02 1.055300e-01
      endloop
   endfacet
   facet normal 5.773175e-01 -1.875210e-01 -7.946951e-01
      outer loop
         vertex 1.997851e+02 1.491048e+02 4.448593e-01
         vertex 1.993180e+02 1.491048e+02 1.055300e-01
         vertex 2.333971e+02 2.062982e+02 1.136705e+01
      endloop
   endfacet
   facet normal 5.773069e-01 -1.875128e-01 -7.947048e-01
      outer loop
         vertex 2.333971e+02 2.062982e+02 1.136705e+01
         vertex 1.993180e+02 1.491048e+02 1.055300e-01
         vertex 2.332186e+02 2.067894e+02 1.112153e+01
      endloop
   endfacet
   facet normal 1.090797e-01 -9.826389e-01 -1.500747e-01
      outer loop
         vertex 2.251848e+02 1.907871e+02 1.069602e+02
         vertex 1.994206e+02 1.907855e+02 8.824392e+01
         vertex 2.877914e+02 2.063015e+02 5.088162e+01
      endloop
   endfacet
   facet normal 1.090797e-01 -9.826389e-01 -1.500745e-01
      outer loop
         vertex 2.877914e+02 2.063015e+02 5.088162e+01
         vertex 1.994206e+02 1.907855e+02 8.824392e+01
         vertex 2.333971e+02 2.062982e+02 1.136705e+01
      endloop
   endfacet
   facet normal 8.122410e-01 -5.256436e-01 2.529097e-01
      outer loop
         vertex 1.994206e+02 1.907855e+02 8.824392e+01
         vertex 1.835001e+02 1.636955e+02 8.307055e+01
         vertex 2.333971e+02 2.062982e+02 1.136705e+01
      endloop
   endfacet
   facet normal 8.122410e-01 -5.256436e-01 2.529097e-01
      outer loop
         vertex 2.333971e+02 2.062982e+02 1.136705e+01
         vertex 1.835001e+02 1.636955e+02 8.307055e+01
         vertex 1.997851e+02 1.491048e+02 4.448593e-01
      endloop
   endfacet
   facet normal 9.147481e-01 3.882692e-01 1.117269e-01
      outer loop
         vertex 1.835001e+02 1.636955e+02 8.307055e+01
         vertex 1.933438e+02 1.366071e+02 9.661349e+01
         vertex 1.997851e+02 1.491048e+02 4.448593e-01
      endloop
   endfacet
   facet normal 9.147481e-01 3.882692e-01 1.117269e-01
      outer loop
         vertex 1.997851e+02 1.491048e+02 4.448593e-01
         vertex 1.933438e+02 1.366071e+02 9.661349e+01
         vertex 2.205675e+02 9.191462e+01 2.903722e+01
      endloop
   endfacet
   facet normal 3.140940e-01 8.451867e-01 -4.324401e-01
      outer loop
         vertex 1.933438e+02 1.366071e+02 9.661349e+01
         vertex 2.191080e+02 1.366086e+02 1.153298e+02
         vertex 2.205675e+02 9.191462e+01 2.903722e+01
      endloop
   endfacet
   facet normal 3.140939e-01 8.451867e-01 -4.324401e-01
      outer loop
         vertex 2.205675e+02 9.191462e+01 2.903722e+01
         vertex 2.191080e+02 1.366086e+02 1.153298e+02
         vertex 2.749618e+02 9.191787e+01 6.855179e+01
      endloop
   endfacet
   facet normal -3.890673e-01 3.881914e-01 -8.354245e-01
      outer loop
         vertex 2.191080e+02 1.366086e+02 1.153298e+02
         vertex 2.350285e+02 1.636986e+02 1.205031e+02
         vertex 2.749618e+02 9.191787e+01 6.855179e+01
      endloop
   endfacet
   facet normal -3.890674e-01 3.881914e-01 -8.354245e-01
      outer loop
         vertex 2.749618e+02 9.191787e+01 6.855179e+01
         vertex 2.350285e+02 1.636986e+02 1.205031e+02
         vertex 3.085738e+02 1.491113e+02 7.947399e+01
      endloop
   endfacet
   facet normal -4.915744e-01 -5.257214e-01 -6.942418e-01
      outer loop
         vertex 2.350285e+02 1.636986e+02 1.205031e+02
         vertex 2.251848e+02 1.907871e+02 1.069602e+02
         vertex 3.085738e+02 1.491113e+02 7.947399e+01
      endloop
   endfacet
   facet normal -4.915744e-01 -5.257215e-01 -6.942417e-01
      outer loop
         vertex 3.085738e+02 1.491113e+02 7.947399e+01
         vertex 2.251848e+02 1.907871e+02 1.069602e+02
         vertex 2.877914e+02 2.063015e+02 5.088162e+01
      endloop
   endfacet
   facet normal 5.773157e-01 -1.875195e-01 -7.946968e-01
      outer loop
         vertex 1.835001e+02 1.636955e+02 8.307055e+01
         vertex 1.994206e+02 1.907855e+02 8.824392e+01
         vertex 1.933438e+02 1.366071e+02 9.661349e+01
      endloop
   endfacet
   facet normal 5.773155e-01 -1.875195e-01 -7.946969e-01
      outer loop
         vertex 1.933438e+02 1.366071e+02 9.661349e+01
         vertex 1.994206e+02 1.907855e+02 8.824392e+01
         vertex 2.251848e+02 1.907871e+02 1.069602e+02
      endloop
   endfacet
   facet normal 5.773155e-01 -1.875194e-01 -7.946970e-01
      outer loop
         vertex 1.933438e+02 1.366071e+02 9.661349e+01
         vertex 2.251848e+02 1.907871e+02 1.069602e+02
         vertex 2.191080e+02 1.366086e+02 1.153298e+02
      endloop
   endfacet
   facet normal 5.773155e-01 -1.875194e-01 -7.946970e-01
      outer loop
         vertex 2.191080e+02 1.366086e+02 1.153298e+02
         vertex 2.251848e+02 1.907871e+02 1.069602e+02
         vertex 2.350285e+02 1.636986e+02 1.205031e+02
      endloop
   endfacet
   facet normal -1.029865e-02 -5.257235e-01 8.505932e-01
      outer loop
         vertex 2.461512e+02 1.923273e+02 1.701428e+02
         vertex 2.461541e+02 1.649025e+02 1.531925e+02
         vertex 3.301935e+02 2.070068e+02 1.802333e+02
      endloop
   endfacet
   facet normal -1.029865e-02 -5.257235e-01 8.505932e-01
      outer loop
         vertex 3.301935e+02 2.070068e+02 1.802333e+02
         vertex 2.461541e+02 1.649025e+02 1.531925e+02
         vertex 3.301995e+02 1.493255e+02 1.445824e+02
      endloop
   endfacet
   facet normal -1.764028e-01 3.881552e-01 9.045538e-01
      outer loop
         vertex 2.361848e+02 2.197516e+02 1.564311e+02
         vertex 2.461512e+02 1.923273e+02 1.701428e+02
         vertex 3.092317e+02 2.646871e+02 1.513940e+02
      endloop
   endfacet
   facet normal -1.764029e-01 3.881552e-01 9.045538e-01
      outer loop
         vertex 3.092317e+02 2.646871e+02 1.513940e+02
         vertex 2.461512e+02 1.923273e+02 1.701428e+02
         vertex 3.301935e+02 2.070068e+02 1.802333e+02
      endloop
   endfacet
   facet normal -5.084686e-01 8.450827e-01 1.652119e-01
      outer loop
         vertex 2.262213e+02 2.197512e+02 1.257690e+02
         vertex 2.361848e+02 2.197516e+02 1.564311e+02
         vertex 2.882758e+02 2.646861e+02 8.690397e+01
      endloop
   endfacet
   facet normal -5.084687e-01 8.450826e-01 1.652117e-01
      outer loop
         vertex 2.882758e+02 2.646861e+02 8.690397e+01
         vertex 2.361848e+02 2.197516e+02 1.564311e+02
         vertex 3.092317e+02 2.646871e+02 1.513940e+02
      endloop
   endfacet
   facet normal -6.744302e-01 3.881312e-01 -6.280908e-01
      outer loop
         vertex 2.262242e+02 1.923264e+02 1.088187e+02
         vertex 2.262213e+02 2.197512e+02 1.257690e+02
         vertex 2.882818e+02 2.070048e+02 5.125313e+01
      endloop
   endfacet
   facet normal -6.744302e-01 3.881312e-01 -6.280908e-01
      outer loop
         vertex 2.882818e+02 2.070048e+02 5.125313e+01
         vertex 2.262213e+02 2.197512e+02 1.257690e+02
         vertex 2.882758e+02 2.646861e+02 8.690397e+01
      endloop
   endfacet
   facet normal -5.083260e-01 -5.257475e-01 -6.820515e-01
      outer loop
         vertex 2.361906e+02 1.649021e+02 1.225304e+02
         vertex 2.262242e+02 1.923264e+02 1.088187e+02
         vertex 3.092437e+02 1.493245e+02 8.009236e+01
      endloop
   endfacet
   facet normal -5.083260e-01 -5.257476e-01 -6.820514e-01
      outer loop
         vertex 3.092437e+02 1.493245e+02 8.009236e+01
         vertex 2.262242e+02 1.923264e+02 1.088187e+02
         vertex 2.882818e+02 2.070048e+02 5.125313e+01
      endloop
   endfacet
   facet normal -1.762602e-01 -9.826750e-01 5.729043e-02
      outer loop
         vertex 2.461541e+02 1.649025e+02 1.531925e+02
         vertex 2.361906e+02 1.649021e+02 1.225304e+02
         vertex 3.301995e+02 1.493255e+02 1.445824e+02
      endloop
   endfacet
   facet normal -1.762602e-01 -9.826750e-01 5.729057e-02
      outer loop
         vertex 3.301995e+02 1.493255e+02 1.445824e+02
         vertex 2.361906e+02 1.649021e+02 1.225304e+02
         vertex 3.092437e+02 1.493245e+02 8.009236e+01
      endloop
   endfacet
   facet normal -9.341427e-01 -1.877106e-01 3.035492e-01
      outer loop
         vertex 2.262213e+02 2.197512e+02 1.257690e+02
         vertex 2.262242e+02 1.923264e+02 1.088187e+02
         vertex 2.361848e+02 2.197516e+02 1.564311e+02
      endloop
   endfacet
   facet normal -9.341427e-01 -1.877105e-01 3.035492e-01
      outer loop
         vertex 2.361848e+02 2.197516e+02 1.564311e+02
         vertex 2.262242e+02 1.923264e+02 1.088187e+02
         vertex 2.361906e+02 1.649021e+02 1.225304e+02
      endloop
   endfacet
   facet normal -9.341427e-01 -1.877106e-01 3.035494e-01
      outer loop
         vertex 2.361848e+02 2.197516e+02 1.564311e+02
         vertex 2.361906e+02 1.649021e+02 1.225304e+02
         vertex 2.461512e+02 1.923273e+02 1.701428e+02
      endloop
   endfacet
   facet normal -9.341427e-01 -1.877106e-01 3.035494e-01
      outer loop
         vertex 2.461512e+02 1.923273e+02 1.701428e+02
         vertex 2.361906e+02 1.649021e+02 1.225304e+02
         vertex 2.461541e+02 1.649025e+02 1.531925e+02
      endloop
   endfacet
   facet normal 9.341406e-01 1.877135e-01 -3.035540e-01
      outer loop
         vertex 3.300150e+02 2.070068e+02 1.796842e+02
         vertex 3.301935e+02 2.070068e+02 1.802333e+02
         vertex 3.300210e+02 1.498166e+02 1.443369e+02
      endloop
   endfacet
   facet normal 9.341364e-01 1.877193e-01 -3.035634e-01
      outer loop
         vertex 3.300210e+02 1.498166e+02 1.443369e+02
         vertex 3.301935e+02 2.070068e+02 1.802333e+02
         vertex 3.301995e+02 1.493255e+02 1.445824e+02
      endloop
   endfacet
   facet normal 9.341395e-01 1.877281e-01 -3.035482e-01
      outer loop
         vertex 3.300210e+02 1.498166e+02 1.443369e+02
         vertex 3.301995e+02 1.493255e+02 1.445824e+02
         vertex 3.092436e+02 1.498156e+02 8.039591e+01
      endloop
   endfacet
   facet normal 9.341394e-01 1.877288e-01 -3.035482e-01
      outer loop
         vertex 3.092436e+02 1.498156e+02 8.039591e+01
         vertex 3.301995e+02 1.493255e+02 1.445824e+02
         vertex 3.092437e+02 1.493245e+02 8.009236e+01
      endloop
   endfacet
   facet normal 9.341461e-01 1.877196e-01 -3.035333e-01
      outer loop
         vertex 3.092436e+02 1.498156e+02 8.039591e+01
         vertex 3.092437e+02 1.493245e+02 8.009236e+01
         vertex 2.884603e+02 2.070048e+02 5.180222e+01
      endloop
   endfacet
   facet normal 9.341412e-01 1.877066e-01 -3.035563e-01
      outer loop
         vertex 2.884603e+02 2.070048e+02 5.180222e+01
         vertex 3.092437e+02 1.493245e+02 8.009236e+01
         vertex 2.882818e+02 2.070048e+02 5.125313e+01
      endloop
   endfacet
   facet normal 9.341397e-01 1.877147e-01 -3.035558e-01
      outer loop
         vertex 2.884603e+02 2.070048e+02 5.180222e+01
         vertex 2.882818e+02 2.070048e+02 5.125313e+01
         vertex 2.884543e+02 2.641950e+02 8.714952e+01
      endloop
   endfacet
   facet normal 9.341467e-01 1.877051e-01 -3.035405e-01
      outer loop
         vertex 2.884543e+02 2.641950e+02 8.714952e+01
         vertex 2.882818e+02 2.070048e+02 5.125313e+01
         vertex 2.882758e+02 2.646861e+02 8.690397e+01
      endloop
   endfacet
   facet normal 9.341447e-01 1.876996e-01 -3.035500e-01
      outer loop
         vertex 2.884543e+02 2.641950e+02 8.714952e+01
         vertex 2.882758e+02 2.646861e+02 8.690397e+01
         vertex 3.092317e+02 2.641960e+02 1.510905e+02
      endloop
   endfacet
   facet normal 9.341406e-01 1.877221e-01 -3.035485e-01
      outer loop
         vertex 3.092317e+02 2.641960e+02 1.510905e+02
         vertex 2.882758e+02 2.646861e+02 8.690397e+01
         vertex 3.092317e+02 2.646871e+02 1.513940e+02
      endloop
   endfacet
   facet normal 9.341448e-01 1.877163e-01 -3.035391e-01
      outer loop
         vertex 3.092317e+02 2.641960e+02 1.510905e+02
         vertex 3.092317e+02 2.646871e+02 1.513940e+02
         vertex 3.300150e+02 2.070068e+02 1.796842e+02
      endloop
   endfacet
   facet normal 9.341416e-01 1.877077e-01 -3.035544e-01
      outer loop
         vertex 3.300150e+02 2.070068e+02 1.796842e+02
         vertex 3.092317e+02 2.646871e+02 1.513940e+02
         vertex 3.301935e+02 2.070068e+02 1.802333e+02
      endloop
   endfacet
   facet normal 1.764029e-01 -3.881554e-01 -9.045537e-01
      outer loop
         vertex 2.464027e+02 1.924024e+02 1.696453e+02
         vertex 2.365585e+02 2.194904e+02 1.561018e+02
         vertex 3.300150e+02 2.070068e+02 1.796842e+02
      endloop
   endfacet
   facet normal 1.764029e-01 -3.881553e-01 -9.045538e-01
      outer loop
         vertex 3.300150e+02 2.070068e+02 1.796842e+02
         vertex 2.365585e+02 2.194904e+02 1.561018e+02
         vertex 3.092317e+02 2.641960e+02 1.510905e+02
      endloop
   endfacet
   facet normal 5.084686e-01 -8.450826e-01 -1.652121e-01
      outer loop
         vertex 2.365585e+02 2.194904e+02 1.561018e+02
         vertex 2.267172e+02 2.194899e+02 1.258158e+02
         vertex 3.092317e+02 2.641960e+02 1.510905e+02
      endloop
   endfacet
   facet normal 5.084686e-01 -8.450827e-01 -1.652119e-01
      outer loop
         vertex 3.092317e+02 2.641960e+02 1.510905e+02
         vertex 2.267172e+02 2.194899e+02 1.258158e+02
         vertex 2.884543e+02 2.641950e+02 8.714952e+01
      endloop
   endfacet
   facet normal 6.744302e-01 -3.881312e-01 6.280908e-01
      outer loop
         vertex 2.267172e+02 2.194899e+02 1.258158e+02
         vertex 2.267200e+02 1.924015e+02 1.090733e+02
         vertex 2.884543e+02 2.641950e+02 8.714952e+01
      endloop
   endfacet
   facet normal 6.744302e-01 -3.881313e-01 6.280908e-01
      outer loop
         vertex 2.884543e+02 2.641950e+02 8.714952e+01
         vertex 2.267200e+02 1.924015e+02 1.090733e+02
         vertex 2.884603e+02 2.070048e+02 5.180222e+01
      endloop
   endfacet
   facet normal 5.083260e-01 5.257475e-01 6.820515e-01
      outer loop
         vertex 2.267200e+02 1.924015e+02 1.090733e+02
         vertex 2.365642e+02 1.653135e+02 1.226169e+02
         vertex 2.884603e+02 2.070048e+02 5.180222e+01
      endloop
   endfacet
   facet normal 5.083260e-01 5.257475e-01 6.820515e-01
      outer loop
         vertex 2.884603e+02 2.070048e+02 5.180222e+01
         vertex 2.365642e+02 1.653135e+02 1.226169e+02
         vertex 3.092436e+02 1.498156e+02 8.039591e+01
      endloop
   endfacet
   facet normal 1.762603e-01 9.826750e-01 -5.729061e-02
      outer loop
         vertex 2.365642e+02 1.653135e+02 1.226169e+02
         vertex 2.464055e+02 1.653140e+02 1.529029e+02
         vertex 3.092436e+02 1.498156e+02 8.039591e+01
      endloop
   endfacet
   facet normal 1.762602e-01 9.826750e-01 -5.729069e-02
      outer loop
         vertex 3.092436e+02 1.498156e+02 8.039591e+01
         vertex 2.464055e+02 1.653140e+02 1.529029e+02
         vertex 3.300210e+02 1.498166e+02 1.443369e+02
      endloop
   endfacet
   facet normal 1.029864e-02 5.257235e-01 -8.505932e-01
      outer loop
         vertex 2.464055e+02 1.653140e+02 1.529029e+02
         vertex 2.464027e+02 1.924024e+02 1.696453e+02
         vertex 3.300210e+02 1.498166e+02 1.443369e+02
      endloop
   endfacet
   facet normal 1.029872e-02 5.257236e-01 -8.505931e-01
      outer loop
         vertex 3.300210e+02 1.498166e+02 1.443369e+02
         vertex 2.464027e+02 1.924024e+02 1.696453e+02
         vertex 3.300150e+02 2.070068e+02 1.796842e+02
      endloop
   endfacet
   facet normal 9.341427e-01 1.877105e-01 -3.035492e-01
      outer loop
         vertex 2.464055e+02 1.653140e+02 1.529029e+02
         vertex 2.365642e+02 1.653135e+02 1.226169e+02
         vertex 2.464027e+02 1.924024e+02 1.696453e+02
      endloop
   endfacet
   facet normal 9.341427e-01 1.877106e-01 -3.035493e-01
      outer loop
         vertex 2.464027e+02 1.924024e+02 1.696453e+02
         vertex 2.365642e+02 1.653135e+02 1.226169e+02
         vertex 2.267200e+02 1.924015e+02 1.090733e+02
      endloop
   endfacet
   facet normal 9.341427e-01 1.877108e-01 -3.035493e-01
      outer loop
         vertex 2.464027e+02 1.924024e+02 1.696453e+02
         vertex 2.267200e+02 1.924015e+02 1.090733e+02
         vertex 2.365585e+02 2.194904e+02 1.561018e+02
      endloop
   endfacet
   facet normal 9.341428e-01 1.877103e-01 -3.035490e-01
      outer loop
         vertex 2.365585e+02 2.194904e+02 1.561018e+02
         vertex 2.267200e+02 1.924015e+02 1.090733e+02
         vertex 2.267172e+02 2.194899e+02 1.258158e+02
      endloop
   endfacet
   facet normal -5.082894e-01 -8.451961e-01 -1.651832e-01
      outer loop
         vertex 2.262306e+02 1.363473e+02 1.993929e+02
         vertex 2.361938e+02 1.363481e+02 1.687308e+02
         vertex 2.882951e+02 9.142677e+01 2.382587e+02
      endloop
   endfacet
   facet normal -5.082895e-01 -8.451960e-01 -1.651831e-01
      outer loop
         vertex 2.882951e+02 9.142677e+01 2.382587e+02
         vertex 2.361938e+02 1.363481e+02 1.687308e+02
         vertex 3.092503e+02 9.142841e+01 1.737684e+02
      endloop
   endfacet
   facet normal -6.743414e-01 -3.882575e-01 6.281081e-01
      outer loop
         vertex 2.262277e+02 1.637726e+02 2.163424e+02
         vertex 2.262306e+02 1.363473e+02 1.993929e+02
         vertex 2.882891e+02 1.491091e+02 2.739079e+02
      endloop
   endfacet
   facet normal -6.743414e-01 -3.882576e-01 6.281081e-01
      outer loop
         vertex 2.882891e+02 1.491091e+02 2.739079e+02
         vertex 2.262306e+02 1.363473e+02 1.993929e+02
         vertex 2.882951e+02 9.142677e+01 2.382587e+02
      endloop
   endfacet
   facet normal -5.084321e-01 5.256584e-01 6.820411e-01
      outer loop
         vertex 2.361881e+02 1.911987e+02 2.026299e+02
         vertex 2.262277e+02 1.637726e+02 2.163424e+02
         vertex 3.092383e+02 2.067930e+02 2.450668e+02
      endloop
   endfacet
   facet normal -5.084321e-01 5.256584e-01 6.820411e-01
      outer loop
         vertex 3.092383e+02 2.067930e+02 2.450668e+02
         vertex 2.262277e+02 1.637726e+02 2.163424e+02
         vertex 2.882891e+02 1.491091e+02 2.739079e+02
      endloop
   endfacet
   facet normal -1.764709e-01 9.826356e-01 -5.731694e-02
      outer loop
         vertex 2.461514e+02 1.911994e+02 1.719677e+02
         vertex 2.361881e+02 1.911987e+02 2.026299e+02
         vertex 3.301935e+02 2.067947e+02 1.805765e+02
      endloop
   endfacet
   facet normal -1.764709e-01 9.826356e-01 -5.731680e-02
      outer loop
         vertex 3.301935e+02 2.067947e+02 1.805765e+02
         vertex 2.361881e+02 1.911987e+02 2.026299e+02
         vertex 3.092383e+02 2.067930e+02 2.450668e+02
      endloop
   endfacet
   facet normal -1.041891e-02 5.256972e-01 -8.506080e-01
      outer loop
         vertex 2.461542e+02 1.637742e+02 1.550182e+02
         vertex 2.461514e+02 1.911994e+02 1.719677e+02
         vertex 3.301995e+02 1.491124e+02 1.449273e+02
      endloop
   endfacet
   facet normal -1.041895e-02 5.256971e-01 -8.506080e-01
      outer loop
         vertex 3.301995e+02 1.491124e+02 1.449273e+02
         vertex 2.461514e+02 1.911994e+02 1.719677e+02
         vertex 3.301935e+02 2.067947e+02 1.805765e+02
      endloop
   endfacet
   facet normal -1.763283e-01 -3.882187e-01 -9.045411e-01
      outer loop
         vertex 2.361938e+02 1.363481e+02 1.687308e+02
         vertex 2.461542e+02 1.637742e+02 1.550182e+02
         vertex 3.092503e+02 9.142841e+01 1.737684e+02
      endloop
   endfacet
   facet normal -1.763283e-01 -3.882187e-01 -9.045411e-01
      outer loop
         vertex 3.092503e+02 9.142841e+01 1.737684e+02
         vertex 2.461542e+02 1.637742e+02 1.550182e+02
         vertex 3.301995e+02 1.491124e+02 1.449273e+02
      endloop
   endfacet
   facet normal -9.341856e-01 1.875023e-01 -3.035461e-01
      outer loop
         vertex 2.262277e+02 1.637726e+02 2.163424e+02
         vertex 2.361881e+02 1.911987e+02 2.026299e+02
         vertex 2.262306e+02 1.363473e+02 1.993929e+02
      endloop
   endfacet
   facet normal -9.341856e-01 1.875023e-01 -3.035459e-01
      outer loop
         vertex 2.262306e+02 1.363473e+02 1.993929e+02
         vertex 2.361881e+02 1.911987e+02 2.026299e+02
         vertex 2.461514e+02 1.911994e+02 1.719677e+02
      endloop
   endfacet
   facet normal -9.341856e-01 1.875022e-01 -3.035460e-01
      outer loop
         vertex 2.262306e+02 1.363473e+02 1.993929e+02
         vertex 2.461514e+02 1.911994e+02 1.719677e+02
         vertex 2.361938e+02 1.363481e+02 1.687308e+02
      endloop
   endfacet
   facet normal -9.341856e-01 1.875022e-01 -3.035459e-01
      outer loop
         vertex 2.361938e+02 1.363481e+02 1.687308e+02
         vertex 2.461514e+02 1.911994e+02 1.719677e+02
         vertex 2.461542e+02 1.637742e+02 1.550182e+02
      endloop
   endfacet
   facet normal 9.341865e-01 -1.875010e-01 3.035440e-01
      outer loop
         vertex 2.884675e+02 1.491091e+02 2.733588e+02
         vertex 2.882891e+02 1.491091e+02 2.739079e+02
         vertex 2.884734e+02 9.191791e+01 2.380131e+02
      endloop
   endfacet
   facet normal 9.341807e-01 -1.875090e-01 3.035568e-01
      outer loop
         vertex 2.884734e+02 9.191791e+01 2.380131e+02
         vertex 2.882891e+02 1.491091e+02 2.739079e+02
         vertex 2.882951e+02 9.142677e+01 2.382587e+02
      endloop
   endfacet
   facet normal 9.341832e-01 -1.875157e-01 3.035451e-01
      outer loop
         vertex 2.884734e+02 9.191791e+01 2.380131e+02
         vertex 2.882951e+02 9.142677e+01 2.382587e+02
         vertex 3.092502e+02 9.191953e+01 1.740719e+02
      endloop
   endfacet
   facet normal 9.341836e-01 -1.875131e-01 3.035453e-01
      outer loop
         vertex 3.092502e+02 9.191953e+01 1.740719e+02
         vertex 2.882951e+02 9.142677e+01 2.382587e+02
         vertex 3.092503e+02 9.142841e+01 1.737684e+02
      endloop
   endfacet
   facet normal 9.341876e-01 -1.875077e-01 3.035365e-01
      outer loop
         vertex 3.092502e+02 9.191953e+01 1.740719e+02
         vertex 3.092503e+02 9.142841e+01 1.737684e+02
         vertex 3.300211e+02 1.491123e+02 1.454764e+02
      endloop
   endfacet
   facet normal 9.341881e-01 -1.875091e-01 3.035340e-01
      outer loop
         vertex 3.300211e+02 1.491123e+02 1.454764e+02
         vertex 3.092503e+02 9.142841e+01 1.737684e+02
         vertex 3.301995e+02 1.491124e+02 1.449273e+02
      endloop
   endfacet
   facet normal 9.341907e-01 -1.874952e-01 3.035348e-01
      outer loop
         vertex 3.300211e+02 1.491123e+02 1.454764e+02
         vertex 3.301995e+02 1.491124e+02 1.449273e+02
         vertex 3.300151e+02 2.063035e+02 1.808221e+02
      endloop
   endfacet
   facet normal 9.341770e-01 -1.875142e-01 3.035651e-01
      outer loop
         vertex 3.300151e+02 2.063035e+02 1.808221e+02
         vertex 3.301995e+02 1.491124e+02 1.449273e+02
         vertex 3.301935e+02 2.067947e+02 1.805765e+02
      endloop
   endfacet
   facet normal 9.341813e-01 -1.875261e-01 3.035445e-01
      outer loop
         vertex 3.300151e+02 2.063035e+02 1.808221e+02
         vertex 3.301935e+02 2.067947e+02 1.805765e+02
         vertex 3.092383e+02 2.063019e+02 2.447633e+02
      endloop
   endfacet
   facet normal 9.341835e-01 -1.875137e-01 3.035453e-01
      outer loop
         vertex 3.092383e+02 2.063019e+02 2.447633e+02
         vertex 3.301935e+02 2.067947e+02 1.805765e+02
         vertex 3.092383e+02 2.067930e+02 2.450668e+02
      endloop
   endfacet
   facet normal 9.341877e-01 -1.875080e-01 3.035360e-01
      outer loop
         vertex 3.092383e+02 2.063019e+02 2.447633e+02
         vertex 3.092383e+02 2.067930e+02 2.450668e+02
         vertex 2.884675e+02 1.491091e+02 2.733588e+02
      endloop
   endfacet
   facet normal 9.341860e-01 -1.875035e-01 3.035439e-01
      outer loop
         vertex 2.884675e+02 1.491091e+02 2.733588e+02
         vertex 3.092383e+02 2.067930e+02 2.450668e+02
         vertex 2.882891e+02 1.491091e+02 2.739079e+02
      endloop
   endfacet
   facet normal 6.743414e-01 3.882575e-01 -6.281081e-01
      outer loop
         vertex 2.267264e+02 1.366087e+02 1.993461e+02
         vertex 2.267236e+02 1.636976e+02 2.160878e+02
         vertex 2.884734e+02 9.191791e+01 2.380131e+02
      endloop
   endfacet
   facet normal 6.743414e-01 3.882576e-01 -6.281081e-01
      outer loop
         vertex 2.884734e+02 9.191791e+01 2.380131e+02
         vertex 2.267236e+02 1.636976e+02 2.160878e+02
         vertex 2.884675e+02 1.491091e+02 2.733588e+02
      endloop
   endfacet
   facet normal 5.084322e-01 -5.256582e-01 -6.820412e-01
      outer loop
         vertex 2.267236e+02 1.636976e+02 2.160878e+02
         vertex 2.365618e+02 1.907873e+02 2.025434e+02
         vertex 2.884675e+02 1.491091e+02 2.733588e+02
      endloop
   endfacet
   facet normal 5.084321e-01 -5.256583e-01 -6.820412e-01
      outer loop
         vertex 2.884675e+02 1.491091e+02 2.733588e+02
         vertex 2.365618e+02 1.907873e+02 2.025434e+02
         vertex 3.092383e+02 2.063019e+02 2.447633e+02
      endloop
   endfacet
   facet normal 1.764710e-01 -9.826356e-01 5.731667e-02
      outer loop
         vertex 2.365618e+02 1.907873e+02 2.025434e+02
         vertex 2.464029e+02 1.907881e+02 1.722573e+02
         vertex 3.092383e+02 2.063019e+02 2.447633e+02
      endloop
   endfacet
   facet normal 1.764708e-01 -9.826357e-01 5.731678e-02
      outer loop
         vertex 3.092383e+02 2.063019e+02 2.447633e+02
         vertex 2.464029e+02 1.907881e+02 1.722573e+02
         vertex 3.300151e+02 2.063035e+02 1.808221e+02
      endloop
   endfacet
   facet normal 1.041887e-02 -5.256971e-01 8.506080e-01
      outer loop
         vertex 2.464029e+02 1.907881e+02 1.722573e+02
         vertex 2.464057e+02 1.636992e+02 1.555156e+02
         vertex 3.300151e+02 2.063035e+02 1.808221e+02
      endloop
   endfacet
   facet normal 1.041893e-02 -5.256972e-01 8.506080e-01
      outer loop
         vertex 3.300151e+02 2.063035e+02 1.808221e+02
         vertex 2.464057e+02 1.636992e+02 1.555156e+02
         vertex 3.300211e+02 1.491123e+02 1.454764e+02
      endloop
   endfacet
   facet normal 1.763282e-01 3.882187e-01 9.045411e-01
      outer loop
         vertex 2.464057e+02 1.636992e+02 1.555156e+02
         vertex 2.365675e+02 1.366095e+02 1.690601e+02
         vertex 3.300211e+02 1.491123e+02 1.454764e+02
      endloop
   endfacet
   facet normal 1.763282e-01 3.882187e-01 9.045411e-01
      outer loop
         vertex 3.300211e+02 1.491123e+02 1.454764e+02
         vertex 2.365675e+02 1.366095e+02 1.690601e+02
         vertex 3.092502e+02 9.191953e+01 1.740719e+02
      endloop
   endfacet
   facet normal 5.082894e-01 8.451961e-01 1.651831e-01
      outer loop
         vertex 2.365675e+02 1.366095e+02 1.690601e+02
         vertex 2.267264e+02 1.366087e+02 1.993461e+02
         vertex 3.092502e+02 9.191953e+01 1.740719e+02
      endloop
   endfacet
   facet normal 5.082894e-01 8.451961e-01 1.651831e-01
      outer loop
         vertex 3.092502e+02 9.191953e+01 1.740719e+02
         vertex 2.267264e+02 1.366087e+02 1.993461e+02
         vertex 2.884734e+02 9.191791e+01 2.380131e+02
      endloop
   endfacet
   facet normal 9.341856e-01 -1.875022e-01 3.035460e-01
      outer loop
         vertex 2.365618e+02 1.907873e+02 2.025434e+02
         vertex 2.267236e+02 1.636976e+02 2.160878e+02
         vertex 2.464029e+02 1.907881e+02 1.722573e+02
      endloop
   endfacet
   facet normal 9.341856e-01 -1.875023e-01 3.035459e-01
      outer loop
         vertex 2.464029e+02 1.907881e+02 1.722573e+02
         vertex 2.267236e+02 1.636976e+02 2.160878e+02
         vertex 2.267264e+02 1.366087e+02 1.993461e+02
      endloop
   endfacet
   facet normal 9.341856e-01 -1.875023e-01 3.035460e-01
      outer loop
         vertex 2.464029e+02 1.907881e+02 1.722573e+02
         vertex 2.267264e+02 1.366087e+02 1.993461e+02
         vertex 2.464057e+02 1.636992e+02 1.555156e+02
      endloop
   endfacet
   facet normal 9.341856e-01 -1.875021e-01 3.035460e-01
      outer loop
         vertex 2.464057e+02 1.636992e+02 1.555156e+02
         vertex 2.267264e+02 1.366087e+02 1.993461e+02
         vertex 2.365675e+02 1.366095e+02 1.690601e+02
      endloop
   endfacet
   facet normal -3.703223e-01 5.884989e-01 -7.187005e-01
      outer loop
         vertex 2.378194e+02 2.215811e+02 1.584661e+02
         vertex 2.215108e+02 2.387265e+02 1.809087e+02
         vertex 3.083971e+02 2.634698e+02 1.563998e+02
      endloop
   endfacet
   facet normal -3.703223e-01 5.884988e-01 -7.187006e-01
      outer loop
         vertex 3.083971e+02 2.634698e+02 1.563998e+02
         vertex 2.215108e+02 2.387265e+02 1.809087e+02
         vertex 2.773931e+02 2.960647e+02 1.990650e+02
      endloop
   endfacet
   facet normal 1.988452e-01 -3.796012e-01 -9.035284e-01
      outer loop
         vertex 2.479001e+02 1.938408e+02 1.723392e+02
         vertex 2.378194e+02 2.215811e+02 1.584661e+02
         vertex 3.275613e+02 2.107332e+02 1.827737e+02
      endloop
   endfacet
   facet normal 1.988452e-01 -3.796011e-01 -9.035284e-01
      outer loop
         vertex 3.275613e+02 2.107332e+02 1.827737e+02
         vertex 2.378194e+02 2.215811e+02 1.584661e+02
         vertex 3.083971e+02 2.634698e+02 1.563998e+02
      endloop
   endfacet
   facet normal 1.988938e-01 -9.778858e-01 6.465833e-02
      outer loop
         vertex 2.378217e+02 1.938418e+02 2.033558e+02
         vertex 2.479001e+02 1.938408e+02 1.723392e+02
         vertex 3.084014e+02 2.107350e+02 2.417389e+02
      endloop
   endfacet
   facet normal 1.988936e-01 -9.778858e-01 6.465842e-02
      outer loop
         vertex 3.084014e+02 2.107350e+02 2.417389e+02
         vertex 2.479001e+02 1.938408e+02 1.723392e+02
         vertex 3.275613e+02 2.107332e+02 1.827737e+02
      endloop
   endfacet
   facet normal -3.702438e-01 -3.795462e-01 8.478586e-01
      outer loop
         vertex 2.215122e+02 2.215827e+02 2.086520e+02
         vertex 2.378217e+02 1.938418e+02 2.033558e+02
         vertex 2.773957e+02 2.634728e+02 2.518075e+02
      endloop
   endfacet
   facet normal -3.702438e-01 -3.795462e-01 8.478586e-01
      outer loop
         vertex 2.773957e+02 2.634728e+02 2.518075e+02
         vertex 2.378217e+02 1.938418e+02 2.033558e+02
         vertex 3.084014e+02 2.107350e+02 2.417389e+02
      endloop
   endfacet
   facet normal -7.220386e-01 5.885327e-01 3.637161e-01
      outer loop
         vertex 2.215108e+02 2.387265e+02 1.809087e+02
         vertex 2.215122e+02 2.215827e+02 2.086520e+02
         vertex 2.773931e+02 2.960647e+02 1.990650e+02
      endloop
   endfacet
   facet normal -7.220386e-01 5.885327e-01 3.637162e-01
      outer loop
         vertex 2.773931e+02 2.960647e+02 1.990650e+02
         vertex 2.215122e+02 2.215827e+02 2.086520e+02
         vertex 2.773957e+02 2.634728e+02 2.518075e+02
      endloop
   endfacet
   facet normal -8.505996e-01 -4.473211e-01 -2.763767e-01
      outer loop
         vertex 2.479001e+02 1.938408e+02 1.723392e+02
         vertex 2.378217e+02 1.938418e+02 2.033558e+02
         vertex 2.378194e+02 2.215811e+02 1.584661e+02
      endloop
   endfacet
   facet normal -8.505996e-01 -4.473212e-01 -2.763767e-01
      outer loop
         vertex 2.378194e+02 2.215811e+02 1.584661e+02
         vertex 2.378217e+02 1.938418e+02 2.033558e+02
         vertex 2.215122e+02 2.215827e+02 2.086520e+02
      endloop
   endfacet
   facet normal -8.505995e-01 -4.473213e-01 -2.763767e-01
      outer loop
         vertex 2.378194e+02 2.215811e+02 1.584661e+02
         vertex 2.215122e+02 2.215827e+02 2.086520e+02
         vertex 2.215108e+02 2.387265e+02 1.809087e+02
      endloop
   endfacet
   facet normal 8.505961e-01 4.473285e-01 2.763756e-01
      outer loop
         vertex 3.083010e+02 2.111822e+02 2.413243e+02
         vertex 3.084014e+02 2.107350e+02 2.417389e+02
         vertex 3.272364e+02 2.111804e+02 1.830501e+02
      endloop
   endfacet
   facet normal 8.505938e-01 4.473333e-01 2.763749e-01
      outer loop
         vertex 3.272364e+02 2.111804e+02 1.830501e+02
         vertex 3.084014e+02 2.107350e+02 2.417389e+02
         vertex 3.275613e+02 2.107332e+02 1.827737e+02
      endloop
   endfacet
   facet normal 8.505938e-01 4.473249e-01 2.763884e-01
      outer loop
         vertex 3.272364e+02 2.111804e+02 1.830501e+02
         vertex 3.275613e+02 2.107332e+02 1.827737e+02
         vertex 3.082967e+02 2.632990e+02 1.569852e+02
      endloop
   endfacet
   facet normal 8.505925e-01 4.473258e-01 2.763910e-01
      outer loop
         vertex 3.082967e+02 2.632990e+02 1.569852e+02
         vertex 3.275613e+02 2.107332e+02 1.827737e+02
         vertex 3.083971e+02 2.634698e+02 1.563998e+02
      endloop
   endfacet
   facet normal 8.506024e-01 4.473089e-01 2.763878e-01
      outer loop
         vertex 3.082967e+02 2.632990e+02 1.569852e+02
         vertex 3.083971e+02 2.634698e+02 1.563998e+02
         vertex 2.776560e+02 2.955119e+02 1.991505e+02
      endloop
   endfacet
   facet normal 8.505979e-01 4.473288e-01 2.763696e-01
      outer loop
         vertex 2.776560e+02 2.955119e+02 1.991505e+02
         vertex 3.083971e+02 2.634698e+02 1.563998e+02
         vertex 2.773931e+02 2.960647e+02 1.990650e+02
      endloop
   endfacet
   facet normal 8.505940e-01 4.473288e-01 2.763815e-01
      outer loop
         vertex 2.776560e+02 2.955119e+02 1.991505e+02
         vertex 2.773931e+02 2.960647e+02 1.990650e+02
         vertex 2.776586e+02 2.633019e+02 2.512749e+02
      endloop
   endfacet
   facet normal 8.506050e-01 4.473139e-01 2.763721e-01
      outer loop
         vertex 2.776586e+02 2.633019e+02 2.512749e+02
         vertex 2.773931e+02 2.960647e+02 1.990650e+02
         vertex 2.773957e+02 2.634728e+02 2.518075e+02
      endloop
   endfacet
   facet normal 8.506013e-01 4.473239e-01 2.763670e-01
      outer loop
         vertex 2.776586e+02 2.633019e+02 2.512749e+02
         vertex 2.773957e+02 2.634728e+02 2.518075e+02
         vertex 3.083010e+02 2.111822e+02 2.413243e+02
      endloop
   endfacet
   facet normal 8.506010e-01 4.473233e-01 2.763688e-01
      outer loop
         vertex 3.083010e+02 2.111822e+02 2.413243e+02
         vertex 2.773957e+02 2.634728e+02 2.518075e+02
         vertex 3.084014e+02 2.107350e+02 2.417389e+02
      endloop
   endfacet
   facet normal 3.702439e-01 3.795461e-01 -8.478586e-01
      outer loop
         vertex 2.381725e+02 1.943970e+02 2.031866e+02
         vertex 2.221324e+02 2.216797e+02 2.083953e+02
         vertex 3.083010e+02 2.111822e+02 2.413243e+02
      endloop
   endfacet
   facet normal 3.702439e-01 3.795461e-01 -8.478586e-01
      outer loop
         vertex 3.083010e+02 2.111822e+02 2.413243e+02
         vertex 2.221324e+02 2.216797e+02 2.083953e+02
         vertex 2.776586e+02 2.633019e+02 2.512749e+02
      endloop
   endfacet
   facet normal 7.220386e-01 -5.885328e-01 -3.637162e-01
      outer loop
         vertex 2.221324e+02 2.216797e+02 2.083953e+02
         vertex 2.221310e+02 2.385404e+02 1.811102e+02
         vertex 2.776586e+02 2.633019e+02 2.512749e+02
      endloop
   endfacet
   facet normal 7.220386e-01 -5.885327e-01 -3.637162e-01
      outer loop
         vertex 2.776586e+02 2.633019e+02 2.512749e+02
         vertex 2.221310e+02 2.385404e+02 1.811102e+02
         vertex 2.776560e+02 2.955119e+02 1.991505e+02
      endloop
   endfacet
   facet normal 3.703222e-01 -5.884988e-01 7.187007e-01
      outer loop
         vertex 2.221310e+02 2.385404e+02 1.811102e+02
         vertex 2.381703e+02 2.216781e+02 1.590383e+02
         vertex 2.776560e+02 2.955119e+02 1.991505e+02
      endloop
   endfacet
   facet normal 3.703222e-01 -5.884988e-01 7.187007e-01
      outer loop
         vertex 2.776560e+02 2.955119e+02 1.991505e+02
         vertex 2.381703e+02 2.216781e+02 1.590383e+02
         vertex 3.082967e+02 2.632990e+02 1.569852e+02
      endloop
   endfacet
   facet normal -1.988452e-01 3.796011e-01 9.035284e-01
      outer loop
         vertex 2.381703e+02 2.216781e+02 1.590383e+02
         vertex 2.480845e+02 1.943960e+02 1.726822e+02
         vertex 3.082967e+02 2.632990e+02 1.569852e+02
      endloop
   endfacet
   facet normal -1.988452e-01 3.796011e-01 9.035284e-01
      outer loop
         vertex 3.082967e+02 2.632990e+02 1.569852e+02
         vertex 2.480845e+02 1.943960e+02 1.726822e+02
         vertex 3.272364e+02 2.111804e+02 1.830501e+02
      endloop
   endfacet
   facet normal -1.988937e-01 9.778858e-01 -6.465833e-02
      outer loop
         vertex 2.480845e+02 1.943960e+02 1.726822e+02
         vertex 2.381725e+02 1.943970e+02 2.031866e+02
         vertex 3.272364e+02 2.111804e+02 1.830501e+02
      endloop
   endfacet
   facet normal -1.988937e-01 9.778858e-01 -6.465828e-02
      outer loop
         vertex 3.272364e+02 2.111804e+02 1.830501e+02
         vertex 2.381725e+02 1.943970e+02 2.031866e+02
         vertex 3.083010e+02 2.111822e+02 2.413243e+02
      endloop
   endfacet
   facet normal 8.505997e-01 4.473212e-01 2.763765e-01
      outer loop
         vertex 2.381703e+02 2.216781e+02 1.590383e+02
         vertex 2.221310e+02 2.385404e+02 1.811102e+02
         vertex 2.480845e+02 1.943960e+02 1.726822e+02
      endloop
   endfacet
   facet normal 8.505997e-01 4.473212e-01 2.763766e-01
      outer loop
         vertex 2.480845e+02 1.943960e+02 1.726822e+02
         vertex 2.221310e+02 2.385404e+02 1.811102e+02
         vertex 2.221324e+02 2.216797e+02 2.083953e+02
      endloop
   endfacet
   facet normal 8.505997e-01 4.473211e-01 2.763766e-01
      outer loop
         vertex 2.480845e+02 1.943960e+02 1.726822e+02
         vertex 2.221324e+02 2.216797e+02 2.083953e+02
         vertex 2.381725e+02 1.943970e+02 2.031866e+02
      endloop
   endfacet
   facet normal -7.978587e-01 -3.796995e-01 -4.682412e-01
      outer loop
         vertex 1.999629e+02 1.938352e+02 8.684535e+01
         vertex 1.836522e+02 2.215750e+02 9.214356e+01
         vertex 2.344988e+02 2.107223e+02 1.430406e+01
      endloop
   endfacet
   facet normal -7.978587e-01 -3.796996e-01 -4.682412e-01
      outer loop
         vertex 2.344988e+02 2.107223e+02 1.430406e+01
         vertex 1.836522e+02 2.215750e+02 9.214356e+01
         vertex 2.034908e+02 2.634580e+02 2.437639e+01
      endloop
   endfacet
   facet normal 1.230092e-01 -9.778954e-01 -1.690838e-01
      outer loop
         vertex 2.263480e+02 1.938399e+02 1.060139e+02
         vertex 1.999629e+02 1.938352e+02 8.684535e+01
         vertex 2.846591e+02 2.107311e+02 5.074507e+01
      endloop
   endfacet
   facet normal 1.230090e-01 -9.778954e-01 -1.690841e-01
      outer loop
         vertex 2.846591e+02 2.107311e+02 5.074507e+01
         vertex 1.999629e+02 1.938352e+02 8.684535e+01
         vertex 2.344988e+02 2.107223e+02 1.430406e+01
      endloop
   endfacet
   facet normal 6.920034e-01 -3.794392e-01 6.141312e-01
      outer loop
         vertex 2.263442e+02 2.215825e+02 1.231589e+02
         vertex 2.263480e+02 1.938399e+02 1.060139e+02
         vertex 2.846519e+02 2.634722e+02 8.333918e+01
      endloop
   endfacet
   facet normal 6.920035e-01 -3.794393e-01 6.141311e-01
      outer loop
         vertex 2.846519e+02 2.634722e+02 8.333918e+01
         vertex 2.263480e+02 1.938399e+02 1.060139e+02
         vertex 2.846591e+02 2.107311e+02 5.074507e+01
      endloop
   endfacet
   facet normal 1.227935e-01 5.886227e-01 7.990276e-01
      outer loop
         vertex 1.999567e+02 2.387238e+02 1.145866e+02
         vertex 2.263442e+02 2.215825e+02 1.231589e+02
         vertex 2.344871e+02 2.960592e+02 6.704245e+01
      endloop
   endfacet
   facet normal 1.227937e-01 5.886226e-01 7.990276e-01
      outer loop
         vertex 2.344871e+02 2.960592e+02 6.704245e+01
         vertex 2.263442e+02 2.215825e+02 1.231589e+02
         vertex 2.846519e+02 2.634722e+02 8.333918e+01
      endloop
   endfacet
   facet normal -7.979916e-01 5.884618e-01 1.300848e-01
      outer loop
         vertex 1.836522e+02 2.215750e+02 9.214356e+01
         vertex 1.999567e+02 2.387238e+02 1.145866e+02
         vertex 2.034908e+02 2.634580e+02 2.437639e+01
      endloop
   endfacet
   facet normal -7.979917e-01 5.884617e-01 1.300848e-01
      outer loop
         vertex 2.034908e+02 2.634580e+02 2.437639e+01
         vertex 1.999567e+02 2.387238e+02 1.145866e+02
         vertex 2.344871e+02 2.960592e+02 6.704245e+01
      endloop
   endfacet
   facet normal -5.256362e-01 -4.472803e-01 7.236345e-01
      outer loop
         vertex 1.999567e+02 2.387238e+02 1.145866e+02
         vertex 1.836522e+02 2.215750e+02 9.214356e+01
         vertex 2.263442e+02 2.215825e+02 1.231589e+02
      endloop
   endfacet
   facet normal -5.256363e-01 -4.472800e-01 7.236347e-01
      outer loop
         vertex 2.263442e+02 2.215825e+02 1.231589e+02
         vertex 1.836522e+02 2.215750e+02 9.214356e+01
         vertex 1.999629e+02 1.938352e+02 8.684535e+01
      endloop
   endfacet
   facet normal -5.256363e-01 -4.472800e-01 7.236347e-01
      outer loop
         vertex 2.263442e+02 2.215825e+02 1.231589e+02
         vertex 1.999629e+02 1.938352e+02 8.684535e+01
         vertex 2.263480e+02 1.938399e+02 1.060139e+02
      endloop
   endfacet
   facet normal 5.256305e-01 4.472819e-01 -7.236377e-01
      outer loop
         vertex 2.842266e+02 2.633013e+02 8.292461e+01
         vertex 2.846519e+02 2.634722e+02 8.333918e+01
         vertex 2.842337e+02 2.111783e+02 5.071245e+01
      endloop
   endfacet
   facet normal 5.256467e-01 4.472765e-01 -7.236292e-01
      outer loop
         vertex 2.842337e+02 2.111783e+02 5.071245e+01
         vertex 2.846519e+02 2.634722e+02 8.333918e+01
         vertex 2.846591e+02 2.107311e+02 5.074507e+01
      endloop
   endfacet
   facet normal 5.256395e-01 4.472690e-01 -7.236391e-01
      outer loop
         vertex 2.842337e+02 2.111783e+02 5.071245e+01
         vertex 2.846591e+02 2.107311e+02 5.074507e+01
         vertex 2.346612e+02 2.111696e+02 1.469846e+01
      endloop
   endfacet
   facet normal 5.256375e-01 4.472760e-01 -7.236362e-01
      outer loop
         vertex 2.346612e+02 2.111696e+02 1.469846e+01
         vertex 2.846591e+02 2.107311e+02 5.074507e+01
         vertex 2.344988e+02 2.107223e+02 1.430406e+01
      endloop
   endfacet
   facet normal 5.256332e-01 4.472788e-01 -7.236376e-01
      outer loop
         vertex 2.346612e+02 2.111696e+02 1.469846e+01
         vertex 2.344988e+02 2.107223e+02 1.430406e+01
         vertex 2.040166e+02 2.632873e+02 2.465276e+01
      endloop
   endfacet
   facet normal 5.256342e-01 4.472792e-01 -7.236367e-01
      outer loop
         vertex 2.040166e+02 2.632873e+02 2.465276e+01
         vertex 2.344988e+02 2.107223e+02 1.430406e+01
         vertex 2.034908e+02 2.634580e+02 2.437639e+01
      endloop
   endfacet
   facet normal 5.256342e-01 4.472823e-01 -7.236347e-01
      outer loop
         vertex 2.040166e+02 2.632873e+02 2.465276e+01
         vertex 2.034908e+02 2.634580e+02 2.437639e+01
         vertex 2.346497e+02 2.955065e+02 6.681885e+01
      endloop
   endfacet
   facet normal 5.256396e-01 4.472766e-01 -7.236344e-01
      outer loop
         vertex 2.346497e+02 2.955065e+02 6.681885e+01
         vertex 2.034908e+02 2.634580e+02 2.437639e+01
         vertex 2.344871e+02 2.960592e+02 6.704245e+01
      endloop
   endfacet
   facet normal 5.256349e-01 4.472766e-01 -7.236377e-01
      outer loop
         vertex 2.346497e+02 2.955065e+02 6.681885e+01
         vertex 2.344871e+02 2.960592e+02 6.704245e+01
         vertex 2.842266e+02 2.633013e+02 8.292461e+01
      endloop
   endfacet
   facet normal 5.256344e-01 4.472752e-01 -7.236389e-01
      outer loop
         vertex 2.842266e+02 2.633013e+02 8.292461e+01
         vertex 2.344871e+02 2.960592e+02 6.704245e+01
         vertex 2.846519e+02 2.634722e+02 8.333918e+01
      endloop
   endfacet
   facet normal -1.227938e-01 -5.886226e-01 -7.990276e-01
      outer loop
         vertex 2.262917e+02 2.216794e+02 1.224897e+02
         vertex 2.003401e+02 2.385376e+02 1.140590e+02
         vertex 2.842266e+02 2.633013e+02 8.292461e+01
      endloop
   endfacet
   facet normal -1.227937e-01 -5.886227e-01 -7.990276e-01
      outer loop
         vertex 2.842266e+02 2.633013e+02 8.292461e+01
         vertex 2.003401e+02 2.385376e+02 1.140590e+02
         vertex 2.346497e+02 2.955065e+02 6.681885e+01
      endloop
   endfacet
   facet normal 7.979917e-01 -5.884618e-01 -1.300847e-01
      outer loop
         vertex 2.003401e+02 2.385376e+02 1.140590e+02
         vertex 1.843048e+02 2.216721e+02 9.198665e+01
         vertex 2.346497e+02 2.955065e+02 6.681885e+01
      endloop
   endfacet
   facet normal 7.979916e-01 -5.884618e-01 -1.300847e-01
      outer loop
         vertex 2.346497e+02 2.955065e+02 6.681885e+01
         vertex 1.843048e+02 2.216721e+02 9.198665e+01
         vertex 2.040166e+02 2.632873e+02 2.465276e+01
      endloop
   endfacet
   facet normal 7.978587e-01 3.796997e-01 4.682411e-01
      outer loop
         vertex 1.843048e+02 2.216721e+02 9.198665e+01
         vertex 2.003461e+02 1.943905e+02 8.677595e+01
         vertex 2.040166e+02 2.632873e+02 2.465276e+01
      endloop
   endfacet
   facet normal 7.978587e-01 3.796996e-01 4.682410e-01
      outer loop
         vertex 2.040166e+02 2.632873e+02 2.465276e+01
         vertex 2.003461e+02 1.943905e+02 8.677595e+01
         vertex 2.346612e+02 2.111696e+02 1.469846e+01
      endloop
   endfacet
   facet normal -1.230088e-01 9.778954e-01 1.690840e-01
      outer loop
         vertex 2.003461e+02 1.943905e+02 8.677595e+01
         vertex 2.262954e+02 1.943950e+02 1.056279e+02
         vertex 2.346612e+02 2.111696e+02 1.469846e+01
      endloop
   endfacet
   facet normal -1.230092e-01 9.778954e-01 1.690840e-01
      outer loop
         vertex 2.346612e+02 2.111696e+02 1.469846e+01
         vertex 2.262954e+02 1.943950e+02 1.056279e+02
         vertex 2.842337e+02 2.111783e+02 5.071245e+01
      endloop
   endfacet
   facet normal -6.920035e-01 3.794393e-01 -6.141311e-01
      outer loop
         vertex 2.262954e+02 1.943950e+02 1.056279e+02
         vertex 2.262917e+02 2.216794e+02 1.224897e+02
         vertex 2.842337e+02 2.111783e+02 5.071245e+01
      endloop
   endfacet
   facet normal -6.920035e-01 3.794392e-01 -6.141311e-01
      outer loop
         vertex 2.842337e+02 2.111783e+02 5.071245e+01
         vertex 2.262917e+02 2.216794e+02 1.224897e+02
         vertex 2.842266e+02 2.633013e+02 8.292461e+01
      endloop
   endfacet
   facet normal 5.256362e-01 4.472800e-01 -7.236347e-01
      outer loop
         vertex 1.843048e+02 2.216721e+02 9.198665e+01
         vertex 2.003401e+02 2.385376e+02 1.140590e+02
         vertex 2.003461e+02 1.943905e+02 8.677595e+01
      endloop
   endfacet
   facet normal 5.256364e-01 4.472800e-01 -7.236346e-01
      outer loop
         vertex 2.003461e+02 1.943905e+02 8.677595e+01
         vertex 2.003401e+02 2.385376e+02 1.140590e+02
         vertex 2.262917e+02 2.216794e+02 1.224897e+02
      endloop
   endfacet
   facet normal 5.256362e-01 4.472802e-01 -7.236346e-01
      outer loop
         vertex 2.003461e+02 1.943905e+02 8.677595e+01
         vertex 2.262917e+02 2.216794e+02 1.224897e+02
         vertex 2.262954e+02 1.943950e+02 1.056279e+02
      endloop
   endfacet
   facet normal -5.689351e-01 -5.886516e-01 5.742841e-01
      outer loop
         vertex 1.651011e+02 1.173650e+02 1.032599e+02
         vertex 1.387138e+02 1.345076e+02 9.468973e+01
         vertex 1.651018e+02 6.003394e+01 4.449515e+01
      endloop
   endfacet
   facet normal -5.689352e-01 -5.886516e-01 5.742840e-01
      outer loop
         vertex 1.651018e+02 6.003394e+01 4.449515e+01
         vertex 1.387138e+02 1.345076e+02 9.468973e+01
         vertex 1.149372e+02 9.262338e+01 2.820261e+01
      endloop
   endfacet
   facet normal 5.691906e-01 -5.885182e-01 5.741676e-01
      outer loop
         vertex 1.914826e+02 1.345138e+02 9.468434e+01
         vertex 1.651011e+02 1.173650e+02 1.032599e+02
         vertex 2.152554e+02 9.263515e+01 2.819236e+01
      endloop
   endfacet
   facet normal 5.691906e-01 -5.885181e-01 5.741676e-01
      outer loop
         vertex 2.152554e+02 9.263515e+01 2.819236e+01
         vertex 1.651011e+02 1.173650e+02 1.032599e+02
         vertex 1.651018e+02 6.003394e+01 4.449515e+01
      endloop
   endfacet
   facet normal 9.207278e-01 3.796707e-01 9.005776e-02
      outer loop
         vertex 1.814000e+02 1.622548e+02 8.081425e+01
         vertex 1.914826e+02 1.345138e+02 9.468434e+01
         vertex 1.960874e+02 1.453732e+02 1.824141e+00
      endloop
   endfacet
   facet normal 9.207278e-01 3.796707e-01 9.005776e-02
      outer loop
         vertex 1.960874e+02 1.453732e+02 1.824141e+00
         vertex 1.914826e+02 1.345138e+02 9.468434e+01
         vertex 2.152554e+02 9.263515e+01 2.819236e+01
      endloop
   endfacet
   facet normal -1.362248e-04 9.779109e-01 -2.090221e-01
      outer loop
         vertex 1.487870e+02 1.622510e+02 8.081759e+01
         vertex 1.814000e+02 1.622548e+02 8.081425e+01
         vertex 1.340874e+02 1.453660e+02 1.830474e+00
      endloop
   endfacet
   facet normal -1.360464e-04 9.779109e-01 -2.090222e-01
      outer loop
         vertex 1.340874e+02 1.453660e+02 1.830474e+00
         vertex 1.814000e+02 1.622548e+02 8.081425e+01
         vertex 1.960874e+02 1.453732e+02 1.824141e+00
      endloop
   endfacet
   facet normal -9.207984e-01 3.794548e-01 9.024617e-02
      outer loop
         vertex 1.387138e+02 1.345076e+02 9.468973e+01
         vertex 1.487870e+02 1.622510e+02 8.081759e+01
         vertex 1.149372e+02 9.262338e+01 2.820261e+01
      endloop
   endfacet
   facet normal -9.207984e-01 3.794549e-01 9.024611e-02
      outer loop
         vertex 1.149372e+02 9.262338e+01 2.820261e+01
         vertex 1.487870e+02 1.622510e+02 8.081759e+01
         vertex 1.340874e+02 1.453660e+02 1.830474e+00
      endloop
   endfacet
   facet normal 3.902819e-05 4.472135e-01 8.944272e-01
      outer loop
         vertex 1.487870e+02 1.622510e+02 8.081759e+01
         vertex 1.387138e+02 1.345076e+02 9.468973e+01
         vertex 1.814000e+02 1.622548e+02 8.081425e+01
      endloop
   endfacet
   facet normal 3.892146e-05 4.472136e-01 8.944272e-01
      outer loop
         vertex 1.814000e+02 1.622548e+02 8.081425e+01
         vertex 1.387138e+02 1.345076e+02 9.468973e+01
         vertex 1.651011e+02 1.173650e+02 1.032599e+02
      endloop
   endfacet
   facet normal 3.902082e-05 4.472136e-01 8.944272e-01
      outer loop
         vertex 1.814000e+02 1.622548e+02 8.081425e+01
         vertex 1.651011e+02 1.173650e+02 1.032599e+02
         vertex 1.914826e+02 1.345138e+02 9.468434e+01
      endloop
   endfacet
   facet normal -3.557966e-05 -4.472179e-01 -8.944250e-01
      outer loop
         vertex 2.146675e+02 9.280590e+01 2.810700e+01
         vertex 2.152554e+02 9.263515e+01 2.819236e+01
         vertex 1.651017e+02 6.058672e+01 4.421876e+01
      endloop
   endfacet
   facet normal -3.902686e-05 -4.472136e-01 -8.944272e-01
      outer loop
         vertex 1.651017e+02 6.058672e+01 4.421876e+01
         vertex 2.152554e+02 9.263515e+01 2.819236e+01
         vertex 1.651018e+02 6.003394e+01 4.449515e+01
      endloop
   endfacet
   facet normal -3.915354e-05 -4.472136e-01 -8.944272e-01
      outer loop
         vertex 1.651017e+02 6.058672e+01 4.421876e+01
         vertex 1.651018e+02 6.003394e+01 4.449515e+01
         vertex 1.155250e+02 9.279428e+01 2.811715e+01
      endloop
   endfacet
   facet normal -2.377299e-05 -4.471950e-01 -8.944365e-01
      outer loop
         vertex 1.155250e+02 9.279428e+01 2.811715e+01
         vertex 1.651018e+02 6.003394e+01 4.449515e+01
         vertex 1.149372e+02 9.262338e+01 2.820261e+01
      endloop
   endfacet
   facet normal -1.435958e-05 -4.472209e-01 -8.944235e-01
      outer loop
         vertex 1.155250e+02 9.279428e+01 2.811715e+01
         vertex 1.149372e+02 9.262338e+01 2.820261e+01
         vertex 1.344508e+02 1.449188e+02 2.054051e+00
      endloop
   endfacet
   facet normal -2.476695e-05 -4.472178e-01 -8.944251e-01
      outer loop
         vertex 1.344508e+02 1.449188e+02 2.054051e+00
         vertex 1.149372e+02 9.262338e+01 2.820261e+01
         vertex 1.340874e+02 1.453660e+02 1.830474e+00
      endloop
   endfacet
   facet normal -3.915074e-05 -4.472271e-01 -8.944204e-01
      outer loop
         vertex 1.344508e+02 1.449188e+02 2.054051e+00
         vertex 1.340874e+02 1.453660e+02 1.830474e+00
         vertex 1.957242e+02 1.449260e+02 2.047777e+00
      endloop
   endfacet
   facet normal -3.891142e-05 -4.472002e-01 -8.944339e-01
      outer loop
         vertex 1.957242e+02 1.449260e+02 2.047777e+00
         vertex 1.340874e+02 1.453660e+02 1.830474e+00
         vertex 1.960874e+02 1.453732e+02 1.824141e+00
      endloop
   endfacet
   facet normal -2.463973e-05 -4.472095e-01 -8.944292e-01
      outer loop
         vertex 1.957242e+02 1.449260e+02 2.047777e+00
         vertex 1.960874e+02 1.453732e+02 1.824141e+00
         vertex 2.146675e+02 9.280590e+01 2.810700e+01
      endloop
   endfacet
   facet normal -3.342916e-05 -4.472120e-01 -8.944280e-01
      outer loop
         vertex 2.146675e+02 9.280590e+01 2.810700e+01
         vertex 1.960874e+02 1.453732e+02 1.824141e+00
         vertex 2.152554e+02 9.263515e+01 2.819236e+01
      endloop
   endfacet
   facet normal 1.358524e-04 -9.779109e-01 2.090221e-01
      outer loop
         vertex 1.811307e+02 1.616996e+02 8.053284e+01
         vertex 1.490564e+02 1.616959e+02 8.053612e+01
         vertex 1.957242e+02 1.449260e+02 2.047777e+00
      endloop
   endfacet
   facet normal 1.360293e-04 -9.779109e-01 2.090222e-01
      outer loop
         vertex 1.957242e+02 1.449260e+02 2.047777e+00
         vertex 1.490564e+02 1.616959e+02 8.053612e+01
         vertex 1.344508e+02 1.449188e+02 2.054051e+00
      endloop
   endfacet
   facet normal 9.207984e-01 -3.794548e-01 -9.024615e-02
      outer loop
         vertex 1.490564e+02 1.616959e+02 8.053612e+01
         vertex 1.391495e+02 1.344107e+02 9.417915e+01
         vertex 1.344508e+02 1.449188e+02 2.054051e+00
      endloop
   endfacet
   facet normal 9.207984e-01 -3.794549e-01 -9.024616e-02
      outer loop
         vertex 1.344508e+02 1.449188e+02 2.054051e+00
         vertex 1.391495e+02 1.344107e+02 9.417915e+01
         vertex 1.155250e+02 9.279428e+01 2.811715e+01
      endloop
   endfacet
   facet normal 5.689352e-01 5.886515e-01 -5.742840e-01
      outer loop
         vertex 1.391495e+02 1.344107e+02 9.417915e+01
         vertex 1.651010e+02 1.175513e+02 1.026077e+02
         vertex 1.155250e+02 9.279428e+01 2.811715e+01
      endloop
   endfacet
   facet normal 5.689351e-01 5.886516e-01 -5.742840e-01
      outer loop
         vertex 1.155250e+02 9.279428e+01 2.811715e+01
         vertex 1.651010e+02 1.175513e+02 1.026077e+02
         vertex 1.651017e+02 6.058672e+01 4.421876e+01
      endloop
   endfacet
   facet normal -5.691906e-01 5.885182e-01 -5.741676e-01
      outer loop
         vertex 1.651010e+02 1.175513e+02 1.026077e+02
         vertex 1.910468e+02 1.344168e+02 9.417385e+01
         vertex 1.651017e+02 6.058672e+01 4.421876e+01
      endloop
   endfacet
   facet normal -5.691907e-01 5.885181e-01 -5.741676e-01
      outer loop
         vertex 1.651017e+02 6.058672e+01 4.421876e+01
         vertex 1.910468e+02 1.344168e+02 9.417385e+01
         vertex 2.146675e+02 9.280590e+01 2.810700e+01
      endloop
   endfacet
   facet normal -9.207278e-01 -3.796708e-01 -9.005771e-02
      outer loop
         vertex 1.910468e+02 1.344168e+02 9.417385e+01
         vertex 1.811307e+02 1.616996e+02 8.053284e+01
         vertex 2.146675e+02 9.280590e+01 2.810700e+01
      endloop
   endfacet
   facet normal -9.207278e-01 -3.796708e-01 -9.005774e-02
      outer loop
         vertex 2.146675e+02 9.280590e+01 2.810700e+01
         vertex 1.811307e+02 1.616996e+02 8.053284e+01
         vertex 1.957242e+02 1.449260e+02 2.047777e+00
      endloop
   endfacet
   facet normal -3.896408e-05 -4.472137e-01 -8.944271e-01
      outer loop
         vertex 1.910468e+02 1.344168e+02 9.417385e+01
         vertex 1.651010e+02 1.175513e+02 1.026077e+02
         vertex 1.811307e+02 1.616996e+02 8.053284e+01
      endloop
   endfacet
   facet normal -3.897630e-05 -4.472137e-01 -8.944271e-01
      outer loop
         vertex 1.811307e+02 1.616996e+02 8.053284e+01
         vertex 1.651010e+02 1.175513e+02 1.026077e+02
         vertex 1.391495e+02 1.344107e+02 9.417915e+01
      endloop
   endfacet
   facet normal -3.906030e-05 -4.472136e-01 -8.944272e-01
      outer loop
         vertex 1.811307e+02 1.616996e+02 8.053284e+01
         vertex 1.391495e+02 1.344107e+02 9.417915e+01
         vertex 1.490564e+02 1.616959e+02 8.053612e+01
      endloop
   endfacet
   facet normal 8.377516e-05 2.504075e-01 9.681405e-01
      outer loop
         vertex 1.814118e+02 9.784968e+01 1.850253e+02
         vertex 1.487989e+02 9.784841e+01 1.850285e+02
         vertex 1.961103e+02 1.965083e+01 2.052500e+02
      endloop
   endfacet
   facet normal 8.375417e-05 2.504075e-01 9.681405e-01
      outer loop
         vertex 1.961103e+02 1.965083e+01 2.052500e+02
         vertex 1.487989e+02 9.784841e+01 1.850285e+02
         vertex 1.341104e+02 1.964841e+01 2.052560e+02
      endloop
   endfacet
   facet normal 9.207822e-01 2.504245e-01 2.990781e-01
      outer loop
         vertex 1.914868e+02 9.784920e+01 1.540076e+02
         vertex 1.814118e+02 9.784968e+01 1.850253e+02
         vertex 2.152637e+02 1.964991e+01 1.462826e+02
      endloop
   endfacet
   facet normal 9.207822e-01 2.504245e-01 2.990780e-01
      outer loop
         vertex 2.152637e+02 1.964991e+01 1.462826e+02
         vertex 1.814118e+02 9.784968e+01 1.850253e+02
         vertex 1.961103e+02 1.965083e+01 2.052500e+02
      endloop
   endfacet
   facet normal 5.689775e-01 2.503800e-01 -7.833100e-01
      outer loop
         vertex 1.651005e+02 9.784763e+01 1.348407e+02
         vertex 1.914868e+02 9.784920e+01 1.540076e+02
         vertex 1.651011e+02 1.964691e+01 1.098448e+02
      endloop
   endfacet
   facet normal 5.689775e-01 2.503800e-01 -7.833100e-01
      outer loop
         vertex 1.651011e+02 1.964691e+01 1.098448e+02
         vertex 1.914868e+02 9.784920e+01 1.540076e+02
         vertex 2.152637e+02 1.964991e+01 1.462826e+02
      endloop
   endfacet
   facet normal -5.691484e-01 2.503355e-01 -7.832000e-01
      outer loop
         vertex 1.387179e+02 9.784713e+01 1.540127e+02
         vertex 1.651005e+02 9.784763e+01 1.348407e+02
         vertex 1.149456e+02 1.964599e+01 1.462923e+02
      endloop
   endfacet
   facet normal -5.691484e-01 2.503355e-01 -7.832000e-01
      outer loop
         vertex 1.149456e+02 1.964599e+01 1.462923e+02
         vertex 1.651005e+02 9.784763e+01 1.348407e+02
         vertex 1.651011e+02 1.964691e+01 1.098448e+02
      endloop
   endfacet
   facet normal -9.207440e-01 2.503525e-01 2.992559e-01
      outer loop
         vertex 1.487989e+02 9.784841e+01 1.850285e+02
         vertex 1.387179e+02 9.784713e+01 1.540127e+02
         vertex 1.341104e+02 1.964841e+01 2.052560e+02
      endloop
   endfacet
   facet normal -9.207440e-01 2.503525e-01 2.992559e-01
      outer loop
         vertex 1.341104e+02 1.964841e+01 2.052560e+02
         vertex 1.387179e+02 9.784713e+01 1.540127e+02
         vertex 1.149456e+02 1.964599e+01 1.462923e+02
      endloop
   endfacet
   facet normal -3.922469e-05 1.000000e+00 -2.832837e-05
      outer loop
         vertex 1.387179e+02 9.784713e+01 1.540127e+02
         vertex 1.487989e+02 9.784841e+01 1.850285e+02
         vertex 1.651005e+02 9.784763e+01 1.348407e+02
      endloop
   endfacet
   facet normal -3.906847e-05 1.000000e+00 -2.827763e-05
      outer loop
         vertex 1.651005e+02 9.784763e+01 1.348407e+02
         vertex 1.487989e+02 9.784841e+01 1.850285e+02
         vertex 1.814118e+02 9.784968e+01 1.850253e+02
      endloop
   endfacet
   facet normal -3.902912e-05 1.000000e+00 -2.829041e-05
      outer loop
         vertex 1.651005e+02 9.784763e+01 1.348407e+02
         vertex 1.814118e+02 9.784968e+01 1.850253e+02
         vertex 1.914868e+02 9.784920e+01 1.540076e+02
      endloop
   endfacet
   facet normal 3.907847e-05 -1.000000e+00 2.838934e-05
      outer loop
         vertex 1.344736e+02 1.964841e+01 2.047560e+02
         vertex 1.341104e+02 1.964841e+01 2.052560e+02
         vertex 1.155334e+02 1.964602e+01 1.464833e+02
      endloop
   endfacet
   facet normal 3.907820e-05 -1.000000e+00 2.838943e-05
      outer loop
         vertex 1.155334e+02 1.964602e+01 1.464833e+02
         vertex 1.341104e+02 1.964841e+01 2.052560e+02
         vertex 1.149456e+02 1.964599e+01 1.462923e+02
      endloop
   endfacet
   facet normal 3.907832e-05 -1.000000e+00 2.838905e-05
      outer loop
         vertex 1.155334e+02 1.964602e+01 1.464833e+02
         vertex 1.149456e+02 1.964599e+01 1.462923e+02
         vertex 1.651012e+02 1.964693e+01 1.104628e+02
      endloop
   endfacet
   facet normal 3.907856e-05 -1.000000e+00 2.838937e-05
      outer loop
         vertex 1.651012e+02 1.964693e+01 1.104628e+02
         vertex 1.149456e+02 1.964599e+01 1.462923e+02
         vertex 1.651011e+02 1.964691e+01 1.098448e+02
      endloop
   endfacet
   facet normal 3.907849e-05 -1.000000e+00 2.838937e-05
      outer loop
         vertex 1.651012e+02 1.964693e+01 1.104628e+02
         vertex 1.651011e+02 1.964691e+01 1.098448e+02
         vertex 2.146759e+02 1.964989e+01 1.464737e+02
      endloop
   endfacet
   facet normal 3.907869e-05 -1.000000e+00 2.838909e-05
      outer loop
         vertex 2.146759e+02 1.964989e+01 1.464737e+02
         vertex 1.651011e+02 1.964691e+01 1.098448e+02
         vertex 2.152637e+02 1.964991e+01 1.462826e+02
      endloop
   endfacet
   facet normal 3.907880e-05 -1.000000e+00 2.838941e-05
      outer loop
         vertex 2.146759e+02 1.964989e+01 1.464737e+02
         vertex 2.152637e+02 1.964991e+01 1.462826e+02
         vertex 1.957470e+02 1.965080e+01 2.047500e+02
      endloop
   endfacet
   facet normal 3.907862e-05 -1.000000e+00 2.838935e-05
      outer loop
         vertex 1.957470e+02 1.965080e+01 2.047500e+02
         vertex 2.152637e+02 1.964991e+01 1.462826e+02
         vertex 1.961103e+02 1.965083e+01 2.052500e+02
      endloop
   endfacet
   facet normal 3.907852e-05 -1.000000e+00 2.838942e-05
      outer loop
         vertex 1.957470e+02 1.965080e+01 2.047500e+02
         vertex 1.961103e+02 1.965083e+01 2.052500e+02
         vertex 1.344736e+02 1.964841e+01 2.047560e+02
      endloop
   endfacet
   facet normal 3.907852e-05 -1.000000e+00 2.838938e-05
      outer loop
         vertex 1.344736e+02 1.964841e+01 2.047560e+02
         vertex 1.961103e+02 1.965083e+01 2.052500e+02
         vertex 1.341104e+02 1.964841e+01 2.052560e+02
      endloop
   endfacet
   facet normal 5.691484e-01 -2.503355e-01 7.832000e-01
      outer loop
         vertex 1.651006e+02 9.734764e+01 1.352989e+02
         vertex 1.391537e+02 9.734716e+01 1.541542e+02
         vertex 1.651012e+02 1.964693e+01 1.104628e+02
      endloop
   endfacet
   facet normal 5.691484e-01 -2.503355e-01 7.832000e-01
      outer loop
         vertex 1.651012e+02 1.964693e+01 1.104628e+02
         vertex 1.391537e+02 9.734716e+01 1.541542e+02
         vertex 1.155334e+02 1.964602e+01 1.464833e+02
      endloop
   endfacet
   facet normal 9.207440e-01 -2.503525e-01 -2.992560e-01
      outer loop
         vertex 1.391537e+02 9.734716e+01 1.541542e+02
         vertex 1.490682e+02 9.734841e+01 1.846577e+02
         vertex 1.155334e+02 1.964602e+01 1.464833e+02
      endloop
   endfacet
   facet normal 9.207440e-01 -2.503525e-01 -2.992559e-01
      outer loop
         vertex 1.155334e+02 1.964602e+01 1.464833e+02
         vertex 1.490682e+02 9.734841e+01 1.846577e+02
         vertex 1.344736e+02 1.964841e+01 2.047560e+02
      endloop
   endfacet
   facet normal -8.366793e-05 -2.504075e-01 -9.681405e-01
      outer loop
         vertex 1.490682e+02 9.734841e+01 1.846577e+02
         vertex 1.811425e+02 9.734967e+01 1.846546e+02
         vertex 1.344736e+02 1.964841e+01 2.047560e+02
      endloop
   endfacet
   facet normal -8.374494e-05 -2.504075e-01 -9.681405e-01
      outer loop
         vertex 1.344736e+02 1.964841e+01 2.047560e+02
         vertex 1.811425e+02 9.734967e+01 1.846546e+02
         vertex 1.957470e+02 1.965080e+01 2.047500e+02
      endloop
   endfacet
   facet normal -9.207823e-01 -2.504244e-01 -2.990780e-01
      outer loop
         vertex 1.811425e+02 9.734967e+01 1.846546e+02
         vertex 1.910510e+02 9.734918e+01 1.541492e+02
         vertex 1.957470e+02 1.965080e+01 2.047500e+02
      endloop
   endfacet
   facet normal -9.207822e-01 -2.504245e-01 -2.990780e-01
      outer loop
         vertex 1.957470e+02 1.965080e+01 2.047500e+02
         vertex 1.910510e+02 9.734918e+01 1.541492e+02
         vertex 2.146759e+02 1.964989e+01 1.464737e+02
      endloop
   endfacet
   facet normal -5.689775e-01 -2.503800e-01 7.833099e-01
      outer loop
         vertex 1.910510e+02 9.734918e+01 1.541492e+02
         vertex 1.651006e+02 9.734764e+01 1.352989e+02
         vertex 2.146759e+02 1.964989e+01 1.464737e+02
      endloop
   endfacet
   facet normal -5.689775e-01 -2.503800e-01 7.833100e-01
      outer loop
         vertex 2.146759e+02 1.964989e+01 1.464737e+02
         vertex 1.651006e+02 9.734764e+01 1.352989e+02
         vertex 1.651012e+02 1.964693e+01 1.104628e+02
      endloop
   endfacet
   facet normal 3.875538e-05 -1.000000e+00 2.846370e-05
      outer loop
         vertex 1.910510e+02 9.734918e+01 1.541492e+02
         vertex 1.811425e+02 9.734967e+01 1.846546e+02
         vertex 1.651006e+02 9.734764e+01 1.352989e+02
      endloop
   endfacet
   facet normal 3.925994e-05 -1.000000e+00 2.829970e-05
      outer loop
         vertex 1.651006e+02 9.734764e+01 1.352989e+02
         vertex 1.811425e+02 9.734967e+01 1.846546e+02
         vertex 1.490682e+02 9.734841e+01 1.846577e+02
      endloop
   endfacet
   facet normal 3.922038e-05 -1.000000e+00 2.828685e-05
      outer loop
         vertex 1.651006e+02 9.734764e+01 1.352989e+02
         vertex 1.490682e+02 9.734841e+01 1.846577e+02
         vertex 1.391537e+02 9.734716e+01 1.541542e+02
      endloop
   endfacet
   facet normal 4.553813e-05 8.560777e-01 5.168472e-01
      outer loop
         vertex 1.812224e+02 1.345207e+02 2.309656e+02
         vertex 1.489822e+02 1.345215e+02 2.309671e+02
         vertex 1.990094e+02 9.108020e+01 3.029166e+02
      endloop
   endfacet
   facet normal 4.556708e-05 8.560777e-01 5.168472e-01
      outer loop
         vertex 1.990094e+02 9.108020e+01 3.029166e+02
         vertex 1.489822e+02 1.345215e+02 2.309671e+02
         vertex 1.312000e+02 9.108184e+01 3.029198e+02
      endloop
   endfacet
   facet normal 8.057862e-01 5.736371e-01 1.471360e-01
      outer loop
         vertex 1.973410e+02 1.175700e+02 2.087778e+02
         vertex 1.812224e+02 1.345207e+02 2.309656e+02
         vertex 2.329110e+02 5.542854e+01 2.562501e+02
      endloop
   endfacet
   facet normal 8.057862e-01 5.736371e-01 1.471361e-01
      outer loop
         vertex 2.329110e+02 5.542854e+01 2.562501e+02
         vertex 1.812224e+02 1.345207e+02 2.309656e+02
         vertex 1.990094e+02 9.108020e+01 3.029166e+02
      endloop
   endfacet
   facet normal 8.057368e-01 8.794970e-03 -5.922084e-01
      outer loop
         vertex 1.812194e+02 1.006201e+02 1.865917e+02
         vertex 1.973410e+02 1.175700e+02 2.087778e+02
         vertex 1.990032e+02 1.977852e+01 2.095870e+02
      endloop
   endfacet
   facet normal 8.057368e-01 8.794969e-03 -5.922084e-01
      outer loop
         vertex 1.990032e+02 1.977852e+01 2.095870e+02
         vertex 1.973410e+02 1.175700e+02 2.087778e+02
         vertex 2.329110e+02 5.542854e+01 2.562501e+02
      endloop
   endfacet
   facet normal -5.309507e-05 -2.736066e-01 -9.618417e-01
      outer loop
         vertex 1.489792e+02 1.006209e+02 1.865932e+02
         vertex 1.812194e+02 1.006201e+02 1.865917e+02
         vertex 1.311938e+02 1.978016e+01 2.095902e+02
      endloop
   endfacet
   facet normal -5.305538e-05 -2.736066e-01 -9.618417e-01
      outer loop
         vertex 1.311938e+02 1.978016e+01 2.095902e+02
         vertex 1.812194e+02 1.006201e+02 1.865917e+02
         vertex 1.990032e+02 1.977852e+01 2.095870e+02
      endloop
   endfacet
   facet normal -8.057936e-01 8.833896e-03 -5.921306e-01
      outer loop
         vertex 1.328606e+02 1.175716e+02 2.087810e+02
         vertex 1.489792e+02 1.006209e+02 1.865932e+02
         vertex 9.729220e+01 5.543182e+01 2.562567e+02
      endloop
   endfacet
   facet normal -8.057936e-01 8.833893e-03 -5.921306e-01
      outer loop
         vertex 9.729220e+01 5.543182e+01 2.562567e+02
         vertex 1.489792e+02 1.006209e+02 1.865932e+02
         vertex 1.311938e+02 1.978016e+01 2.095902e+02
      endloop
   endfacet
   facet normal -8.057443e-01 5.736761e-01 1.472139e-01
      outer loop
         vertex 1.489822e+02 1.345215e+02 2.309671e+02
         vertex 1.328606e+02 1.175716e+02 2.087810e+02
         vertex 1.312000e+02 9.108184e+01 3.029198e+02
      endloop
   endfacet
   facet normal -8.057443e-01 5.736761e-01 1.472139e-01
      outer loop
         vertex 1.312000e+02 9.108184e+01 3.029198e+02
         vertex 1.328606e+02 1.175716e+02 2.087810e+02
         vertex 9.729220e+01 5.543182e+01 2.562567e+02
      endloop
   endfacet
   facet normal -1.022330e-05 7.946372e-01 -6.070845e-01
      outer loop
         vertex 1.328606e+02 1.175716e+02 2.087810e+02
         vertex 1.489822e+02 1.345215e+02 2.309671e+02
         vertex 1.489792e+02 1.006209e+02 1.865932e+02
      endloop
   endfacet
   facet normal -1.022330e-05 7.946372e-01 -6.070845e-01
      outer loop
         vertex 1.489792e+02 1.006209e+02 1.865932e+02
         vertex 1.489822e+02 1.345215e+02 2.309671e+02
         vertex 1.812224e+02 1.345207e+02 2.309656e+02
      endloop
   endfacet
   facet normal -1.003967e-05 7.946372e-01 -6.070846e-01
      outer loop
         vertex 1.489792e+02 1.006209e+02 1.865932e+02
         vertex 1.812224e+02 1.345207e+02 2.309656e+02
         vertex 1.812194e+02 1.006201e+02 1.865917e+02
      endloop
   endfacet
   facet normal -1.003967e-05 7.946372e-01 -6.070846e-01
      outer loop
         vertex 1.812194e+02 1.006201e+02 1.865917e+02
         vertex 1.812224e+02 1.345207e+02 2.309656e+02
         vertex 1.973410e+02 1.175700e+02 2.087778e+02
      endloop
   endfacet
   facet normal 2.993436e-06 -7.946397e-01 6.070813e-01
      outer loop
         vertex 9.786955e+01 5.543180e+01 2.562567e+02
         vertex 9.729220e+01 5.543182e+01 2.562567e+02
         vertex 1.314825e+02 2.008370e+01 2.099876e+02
      endloop
   endfacet
   facet normal 8.776923e-06 -7.946377e-01 6.070840e-01
      outer loop
         vertex 1.314825e+02 2.008370e+01 2.099876e+02
         vertex 9.729220e+01 5.543182e+01 2.562567e+02
         vertex 1.311938e+02 1.978016e+01 2.095902e+02
      endloop
   endfacet
   facet normal 1.014103e-05 -7.946382e-01 6.070833e-01
      outer loop
         vertex 1.314825e+02 2.008370e+01 2.099876e+02
         vertex 1.311938e+02 1.978016e+01 2.095902e+02
         vertex 1.987145e+02 2.008207e+01 2.099843e+02
      endloop
   endfacet
   facet normal 1.012507e-05 -7.946368e-01 6.070851e-01
      outer loop
         vertex 1.987145e+02 2.008207e+01 2.099843e+02
         vertex 1.311938e+02 1.978016e+01 2.095902e+02
         vertex 1.990032e+02 1.977852e+01 2.095870e+02
      endloop
   endfacet
   facet normal 9.555590e-06 -7.946370e-01 6.070848e-01
      outer loop
         vertex 1.987145e+02 2.008207e+01 2.099843e+02
         vertex 1.990032e+02 1.977852e+01 2.095870e+02
         vertex 2.323337e+02 5.542855e+01 2.562502e+02
      endloop
   endfacet
   facet normal 1.082786e-05 -7.946375e-01 6.070842e-01
      outer loop
         vertex 2.323337e+02 5.542855e+01 2.562502e+02
         vertex 1.990032e+02 1.977852e+01 2.095870e+02
         vertex 2.329110e+02 5.542854e+01 2.562501e+02
      endloop
   endfacet
   facet normal 1.082791e-05 -7.946370e-01 6.070849e-01
      outer loop
         vertex 2.323337e+02 5.542855e+01 2.562502e+02
         vertex 2.329110e+02 5.542854e+01 2.562501e+02
         vertex 1.987207e+02 9.077666e+01 3.025193e+02
      endloop
   endfacet
   facet normal 6.791483e-06 -7.946384e-01 6.070830e-01
      outer loop
         vertex 1.987207e+02 9.077666e+01 3.025193e+02
         vertex 2.329110e+02 5.542854e+01 2.562501e+02
         vertex 1.990094e+02 9.108020e+01 3.029166e+02
      endloop
   endfacet
   facet normal 1.013506e-05 -7.946396e-01 6.070814e-01
      outer loop
         vertex 1.987207e+02 9.077666e+01 3.025193e+02
         vertex 1.990094e+02 9.108020e+01 3.029166e+02
         vertex 1.314887e+02 9.077828e+01 3.025225e+02
      endloop
   endfacet
   facet normal 1.000846e-05 -7.946292e-01 6.070951e-01
      outer loop
         vertex 1.314887e+02 9.077828e+01 3.025225e+02
         vertex 1.990094e+02 9.108020e+01 3.029166e+02
         vertex 1.312000e+02 9.108184e+01 3.029198e+02
      endloop
   endfacet
   facet normal -1.461962e-06 -7.946332e-01 6.070899e-01
      outer loop
         vertex 1.314887e+02 9.077828e+01 3.025225e+02
         vertex 1.312000e+02 9.108184e+01 3.029198e+02
         vertex 9.786955e+01 5.543180e+01 2.562567e+02
      endloop
   endfacet
   facet normal 2.993820e-06 -7.946347e-01 6.070879e-01
      outer loop
         vertex 9.786955e+01 5.543180e+01 2.562567e+02
         vertex 1.312000e+02 9.108184e+01 3.029198e+02
         vertex 9.729220e+01 5.543182e+01 2.562567e+02
      endloop
   endfacet
   facet normal -8.057862e-01 -5.736371e-01 -1.471361e-01
      outer loop
         vertex 1.810247e+02 1.339950e+02 2.309363e+02
         vertex 1.969456e+02 1.172522e+02 2.090207e+02
         vertex 1.987207e+02 9.077666e+01 3.025193e+02
      endloop
   endfacet
   facet normal -8.057862e-01 -5.736371e-01 -1.471361e-01
      outer loop
         vertex 1.987207e+02 9.077666e+01 3.025193e+02
         vertex 1.969456e+02 1.172522e+02 2.090207e+02
         vertex 2.323337e+02 5.542855e+01 2.562502e+02
      endloop
   endfacet
   facet normal -8.057368e-01 -8.794962e-03 5.922084e-01
      outer loop
         vertex 1.969456e+02 1.172522e+02 2.090207e+02
         vertex 1.810218e+02 1.005101e+02 1.871066e+02
         vertex 2.323337e+02 5.542855e+01 2.562502e+02
      endloop
   endfacet
   facet normal -8.057369e-01 -8.795015e-03 5.922084e-01
      outer loop
         vertex 2.323337e+02 5.542855e+01 2.562502e+02
         vertex 1.810218e+02 1.005101e+02 1.871066e+02
         vertex 1.987145e+02 2.008207e+01 2.099843e+02
      endloop
   endfacet
   facet normal 5.306372e-05 2.736066e-01 9.618417e-01
      outer loop
         vertex 1.810218e+02 1.005101e+02 1.871066e+02
         vertex 1.491769e+02 1.005109e+02 1.871082e+02
         vertex 1.987145e+02 2.008207e+01 2.099843e+02
      endloop
   endfacet
   facet normal 5.308125e-05 2.736066e-01 9.618417e-01
      outer loop
         vertex 1.987145e+02 2.008207e+01 2.099843e+02
         vertex 1.491769e+02 1.005109e+02 1.871082e+02
         vertex 1.314825e+02 2.008370e+01 2.099876e+02
      endloop
   endfacet
   facet normal 8.057936e-01 -8.833919e-03 5.921306e-01
      outer loop
         vertex 1.491769e+02 1.005109e+02 1.871082e+02
         vertex 1.332560e+02 1.172537e+02 2.090238e+02
         vertex 1.314825e+02 2.008370e+01 2.099876e+02
      endloop
   endfacet
   facet normal 8.057937e-01 -8.833921e-03 5.921305e-01
      outer loop
         vertex 1.314825e+02 2.008370e+01 2.099876e+02
         vertex 1.332560e+02 1.172537e+02 2.090238e+02
         vertex 9.786955e+01 5.543180e+01 2.562567e+02
      endloop
   endfacet
   facet normal 8.057443e-01 -5.736760e-01 -1.472139e-01
      outer loop
         vertex 1.332560e+02 1.172537e+02 2.090238e+02
         vertex 1.491799e+02 1.339958e+02 2.309378e+02
         vertex 9.786955e+01 5.543180e+01 2.562567e+02
      endloop
   endfacet
   facet normal 8.057443e-01 -5.736760e-01 -1.472139e-01
      outer loop
         vertex 9.786955e+01 5.543180e+01 2.562567e+02
         vertex 1.491799e+02 1.339958e+02 2.309378e+02
         vertex 1.314887e+02 9.077828e+01 3.025225e+02
      endloop
   endfacet
   facet normal -4.554051e-05 -8.560777e-01 -5.168472e-01
      outer loop
         vertex 1.491799e+02 1.339958e+02 2.309378e+02
         vertex 1.810247e+02 1.339950e+02 2.309363e+02
         vertex 1.314887e+02 9.077828e+01 3.025225e+02
      endloop
   endfacet
   facet normal -4.565409e-05 -8.560776e-01 -5.168472e-01
      outer loop
         vertex 1.314887e+02 9.077828e+01 3.025225e+02
         vertex 1.810247e+02 1.339950e+02 2.309363e+02
         vertex 1.987207e+02 9.077666e+01 3.025193e+02
      endloop
   endfacet
   facet normal 1.018106e-05 -7.946373e-01 6.070845e-01
      outer loop
         vertex 1.810218e+02 1.005101e+02 1.871066e+02
         vertex 1.969456e+02 1.172522e+02 2.090207e+02
         vertex 1.491769e+02 1.005109e+02 1.871082e+02
      endloop
   endfacet
   facet normal 1.007036e-05 -7.946372e-01 6.070846e-01
      outer loop
         vertex 1.491769e+02 1.005109e+02 1.871082e+02
         vertex 1.969456e+02 1.172522e+02 2.090207e+02
         vertex 1.810247e+02 1.339950e+02 2.309363e+02
      endloop
   endfacet
   facet normal 1.029178e-05 -7.946373e-01 6.070845e-01
      outer loop
         vertex 1.491769e+02 1.005109e+02 1.871082e+02
         vertex 1.810247e+02 1.339950e+02 2.309363e+02
         vertex 1.332560e+02 1.172537e+02 2.090238e+02
      endloop
   endfacet
   facet normal 1.011007e-05 -7.946371e-01 6.070848e-01
      outer loop
         vertex 1.332560e+02 1.172537e+02 2.090238e+02
         vertex 1.810247e+02 1.339950e+02 2.309363e+02
         vertex 1.491799e+02 1.339958e+02 2.309378e+02
      endloop
   endfacet
   facet normal -8.057572e-01 5.257213e-01 -2.727132e-01
      outer loop
         vertex 1.489856e+02 1.911984e+02 2.425668e+02
         vertex 1.328638e+02 1.637736e+02 2.373321e+02
         vertex 1.312070e+02 2.067926e+02 3.251570e+02
      endloop
   endfacet
   facet normal -8.057571e-01 5.257214e-01 -2.727133e-01
      outer loop
         vertex 1.312070e+02 2.067926e+02 3.251570e+02
         vertex 1.328638e+02 1.637736e+02 2.373321e+02
         vertex 9.729882e+01 1.491113e+02 3.141472e+02
      endloop
   endfacet
   facet normal 3.552857e-05 9.826389e-01 -1.855284e-01
      outer loop
         vertex 1.812258e+02 1.911969e+02 2.425648e+02
         vertex 1.489856e+02 1.911984e+02 2.425668e+02
         vertex 1.990164e+02 2.067894e+02 3.251528e+02
      endloop
   endfacet
   facet normal 3.576406e-05 9.826389e-01 -1.855285e-01
      outer loop
         vertex 1.990164e+02 2.067894e+02 3.251528e+02
         vertex 1.489856e+02 1.911984e+02 2.425668e+02
         vertex 1.312070e+02 2.067926e+02 3.251570e+02
      endloop
   endfacet
   facet normal 8.057735e-01 5.256434e-01 -2.728151e-01
      outer loop
         vertex 1.973443e+02 1.637705e+02 2.373280e+02
         vertex 1.812258e+02 1.911969e+02 2.425648e+02
         vertex 2.329176e+02 1.491048e+02 3.141386e+02
      endloop
   endfacet
   facet normal 8.057734e-01 5.256435e-01 -2.728151e-01
      outer loop
         vertex 2.329176e+02 1.491048e+02 3.141386e+02
         vertex 1.812258e+02 1.911969e+02 2.425648e+02
         vertex 1.990164e+02 2.067894e+02 3.251528e+02
      endloop
   endfacet
   facet normal 8.057182e-01 -3.882693e-01 -4.472865e-01
      outer loop
         vertex 1.812225e+02 1.363457e+02 2.320934e+02
         vertex 1.973443e+02 1.637705e+02 2.373280e+02
         vertex 1.990094e+02 9.142348e+01 3.031287e+02
      endloop
   endfacet
   facet normal 8.057182e-01 -3.882692e-01 -4.472864e-01
      outer loop
         vertex 1.990094e+02 9.142348e+01 3.031287e+02
         vertex 1.973443e+02 1.637705e+02 2.373280e+02
         vertex 2.329176e+02 1.491048e+02 3.141386e+02
      endloop
   endfacet
   facet normal -7.454099e-05 -8.451867e-01 -5.344711e-01
      outer loop
         vertex 1.489823e+02 1.363473e+02 2.320954e+02
         vertex 1.812225e+02 1.363457e+02 2.320934e+02
         vertex 1.312000e+02 9.142676e+01 3.031330e+02
      endloop
   endfacet
   facet normal -7.468639e-05 -8.451867e-01 -5.344712e-01
      outer loop
         vertex 1.312000e+02 9.142676e+01 3.031330e+02
         vertex 1.812225e+02 1.363457e+02 2.320934e+02
         vertex 1.990094e+02 9.142348e+01 3.031287e+02
      endloop
   endfacet
   facet normal -8.058123e-01 -3.881913e-01 -4.471846e-01
      outer loop
         vertex 1.328638e+02 1.637736e+02 2.373321e+02
         vertex 1.489823e+02 1.363473e+02 2.320954e+02
         vertex 9.729882e+01 1.491113e+02 3.141472e+02
      endloop
   endfacet
   facet normal -8.058123e-01 -3.881915e-01 -4.471845e-01
      outer loop
         vertex 9.729882e+01 1.491113e+02 3.141472e+02
         vertex 1.489823e+02 1.363473e+02 2.320954e+02
         vertex 1.312000e+02 9.142676e+01 3.031330e+02
      endloop
   endfacet
   facet normal -5.291296e-05 1.875198e-01 -9.822608e-01
      outer loop
         vertex 1.489823e+02 1.363473e+02 2.320954e+02
         vertex 1.328638e+02 1.637736e+02 2.373321e+02
         vertex 1.812225e+02 1.363457e+02 2.320934e+02
      endloop
   endfacet
   facet normal -5.316165e-05 1.875193e-01 -9.822609e-01
      outer loop
         vertex 1.812225e+02 1.363457e+02 2.320934e+02
         vertex 1.328638e+02 1.637736e+02 2.373321e+02
         vertex 1.489856e+02 1.911984e+02 2.425668e+02
      endloop
   endfacet
   facet normal -5.311832e-05 1.875194e-01 -9.822609e-01
      outer loop
         vertex 1.812225e+02 1.363457e+02 2.320934e+02
         vertex 1.489856e+02 1.911984e+02 2.425668e+02
         vertex 1.973443e+02 1.637705e+02 2.373280e+02
      endloop
   endfacet
   facet normal -5.295630e-05 1.875196e-01 -9.822609e-01
      outer loop
         vertex 1.973443e+02 1.637705e+02 2.373280e+02
         vertex 1.489856e+02 1.911984e+02 2.425668e+02
         vertex 1.812258e+02 1.911969e+02 2.425648e+02
      endloop
   endfacet
   facet normal 6.581289e-05 -1.875267e-01 9.822595e-01
      outer loop
         vertex 1.314957e+02 2.063015e+02 3.250633e+02
         vertex 1.312070e+02 2.067926e+02 3.251570e+02
         vertex 9.787617e+01 1.491113e+02 3.141471e+02
      endloop
   endfacet
   facet normal 4.102461e-05 -1.875128e-01 9.822621e-01
      outer loop
         vertex 9.787617e+01 1.491113e+02 3.141471e+02
         vertex 1.312070e+02 2.067926e+02 3.251570e+02
         vertex 9.729882e+01 1.491113e+02 3.141472e+02
      endloop
   endfacet
   facet normal 4.102379e-05 -1.875262e-01 9.822596e-01
      outer loop
         vertex 9.787617e+01 1.491113e+02 3.141471e+02
         vertex 9.729882e+01 1.491113e+02 3.141472e+02
         vertex 1.314887e+02 9.191787e+01 3.032268e+02
      endloop
   endfacet
   facet normal 4.862201e-05 -1.875218e-01 9.822604e-01
      outer loop
         vertex 1.314887e+02 9.191787e+01 3.032268e+02
         vertex 9.729882e+01 1.491113e+02 3.141472e+02
         vertex 1.312000e+02 9.142676e+01 3.031330e+02
      endloop
   endfacet
   facet normal 5.320327e-05 -1.875244e-01 9.822599e-01
      outer loop
         vertex 1.314887e+02 9.191787e+01 3.032268e+02
         vertex 1.312000e+02 9.142676e+01 3.031330e+02
         vertex 1.987208e+02 9.191462e+01 3.032225e+02
      endloop
   endfacet
   facet normal 5.310040e-05 -1.875106e-01 9.822626e-01
      outer loop
         vertex 1.987208e+02 9.191462e+01 3.032225e+02
         vertex 1.312000e+02 9.142676e+01 3.031330e+02
         vertex 1.990094e+02 9.142348e+01 3.031287e+02
      endloop
   endfacet
   facet normal 4.510493e-05 -1.875151e-01 9.822617e-01
      outer loop
         vertex 1.987208e+02 9.191462e+01 3.032225e+02
         vertex 1.990094e+02 9.142348e+01 3.031287e+02
         vertex 2.323403e+02 1.491048e+02 3.141386e+02
      endloop
   endfacet
   facet normal 6.637564e-05 -1.875270e-01 9.822594e-01
      outer loop
         vertex 2.323403e+02 1.491048e+02 3.141386e+02
         vertex 1.990094e+02 9.142348e+01 3.031287e+02
         vertex 2.329176e+02 1.491048e+02 3.141386e+02
      endloop
   endfacet
   facet normal 6.637665e-05 -1.875118e-01 9.822623e-01
      outer loop
         vertex 2.323403e+02 1.491048e+02 3.141386e+02
         vertex 2.329176e+02 1.491048e+02 3.141386e+02
         vertex 1.987277e+02 2.062982e+02 3.250590e+02
      endloop
   endfacet
   facet normal 5.365690e-05 -1.875191e-01 9.822609e-01
      outer loop
         vertex 1.987277e+02 2.062982e+02 3.250590e+02
         vertex 2.329176e+02 1.491048e+02 3.141386e+02
         vertex 1.990164e+02 2.067894e+02 3.251528e+02
      endloop
   endfacet
   facet normal 5.298590e-05 -1.875188e-01 9.822610e-01
      outer loop
         vertex 1.987277e+02 2.062982e+02 3.250590e+02
         vertex 1.990164e+02 2.067894e+02 3.251528e+02
         vertex 1.314957e+02 2.063015e+02 3.250633e+02
      endloop
   endfacet
   facet normal 5.309899e-05 -1.875339e-01 9.822581e-01
      outer loop
         vertex 1.314957e+02 2.063015e+02 3.250633e+02
         vertex 1.990164e+02 2.067894e+02 3.251528e+02
         vertex 1.312070e+02 2.067926e+02 3.251570e+02
      endloop
   endfacet
   facet normal -3.559673e-05 -9.826389e-01 1.855284e-01
      outer loop
         vertex 1.491833e+02 1.907871e+02 2.428955e+02
         vertex 1.810281e+02 1.907855e+02 2.428935e+02
         vertex 1.314957e+02 2.063015e+02 3.250633e+02
      endloop
   endfacet
   facet normal -3.575897e-05 -9.826389e-01 1.855283e-01
      outer loop
         vertex 1.314957e+02 2.063015e+02 3.250633e+02
         vertex 1.810281e+02 1.907855e+02 2.428935e+02
         vertex 1.987277e+02 2.062982e+02 3.250590e+02
      endloop
   endfacet
   facet normal -8.057734e-01 -5.256436e-01 2.728150e-01
      outer loop
         vertex 1.810281e+02 1.907855e+02 2.428935e+02
         vertex 1.969489e+02 1.636955e+02 2.377210e+02
         vertex 1.987277e+02 2.062982e+02 3.250590e+02
      endloop
   endfacet
   facet normal -8.057734e-01 -5.256436e-01 2.728150e-01
      outer loop
         vertex 1.987277e+02 2.062982e+02 3.250590e+02
         vertex 1.969489e+02 1.636955e+02 2.377210e+02
         vertex 2.323403e+02 1.491048e+02 3.141386e+02
      endloop
   endfacet
   facet normal -8.057182e-01 3.882693e-01 4.472864e-01
      outer loop
         vertex 1.969489e+02 1.636955e+02 2.377210e+02
         vertex 1.810249e+02 1.366071e+02 2.325505e+02
         vertex 2.323403e+02 1.491048e+02 3.141386e+02
      endloop
   endfacet
   facet normal -8.057182e-01 3.882692e-01 4.472865e-01
      outer loop
         vertex 2.323403e+02 1.491048e+02 3.141386e+02
         vertex 1.810249e+02 1.366071e+02 2.325505e+02
         vertex 1.987208e+02 9.191462e+01 3.032225e+02
      endloop
   endfacet
   facet normal 7.449819e-05 8.451866e-01 5.344713e-01
      outer loop
         vertex 1.810249e+02 1.366071e+02 2.325505e+02
         vertex 1.491800e+02 1.366086e+02 2.325525e+02
         vertex 1.987208e+02 9.191462e+01 3.032225e+02
      endloop
   endfacet
   facet normal 7.471619e-05 8.451867e-01 5.344712e-01
      outer loop
         vertex 1.987208e+02 9.191462e+01 3.032225e+02
         vertex 1.491800e+02 1.366086e+02 2.325525e+02
         vertex 1.314887e+02 9.191787e+01 3.032268e+02
      endloop
   endfacet
   facet normal 8.058123e-01 3.881914e-01 4.471846e-01
      outer loop
         vertex 1.491800e+02 1.366086e+02 2.325525e+02
         vertex 1.332593e+02 1.636986e+02 2.377250e+02
         vertex 1.314887e+02 9.191787e+01 3.032268e+02
      endloop
   endfacet
   facet normal 8.058122e-01 3.881914e-01 4.471846e-01
      outer loop
         vertex 1.314887e+02 9.191787e+01 3.032268e+02
         vertex 1.332593e+02 1.636986e+02 2.377250e+02
         vertex 9.787617e+01 1.491113e+02 3.141471e+02
      endloop
   endfacet
   facet normal 8.057571e-01 -5.257213e-01 2.727133e-01
      outer loop
         vertex 1.332593e+02 1.636986e+02 2.377250e+02
         vertex 1.491833e+02 1.907871e+02 2.428955e+02
         vertex 9.787617e+01 1.491113e+02 3.141471e+02
      endloop
   endfacet
   facet normal 8.057571e-01 -5.257215e-01 2.727132e-01
      outer loop
         vertex 9.787617e+01 1.491113e+02 3.141471e+02
         vertex 1.491833e+02 1.907871e+02 2.428955e+02
         vertex 1.314957e+02 2.063015e+02 3.250633e+02
      endloop
   endfacet
   facet normal 5.319811e-05 -1.875194e-01 9.822609e-01
      outer loop
         vertex 1.969489e+02 1.636955e+02 2.377210e+02
         vertex 1.810281e+02 1.907855e+02 2.428935e+02
         vertex 1.810249e+02 1.366071e+02 2.325505e+02
      endloop
   endfacet
   facet normal 5.324199e-05 -1.875194e-01 9.822609e-01
      outer loop
         vertex 1.810249e+02 1.366071e+02 2.325505e+02
         vertex 1.810281e+02 1.907855e+02 2.428935e+02
         vertex 1.491833e+02 1.907871e+02 2.428955e+02
      endloop
   endfacet
   facet normal 5.301216e-05 -1.875195e-01 9.822609e-01
      outer loop
         vertex 1.810249e+02 1.366071e+02 2.325505e+02
         vertex 1.491833e+02 1.907871e+02 2.428955e+02
         vertex 1.491800e+02 1.366086e+02 2.325525e+02
      endloop
   endfacet
   facet normal 5.305604e-05 -1.875195e-01 9.822609e-01
      outer loop
         vertex 1.491800e+02 1.366086e+02 2.325525e+02
         vertex 1.491833e+02 1.907871e+02 2.428955e+02
         vertex 1.332593e+02 1.636986e+02 2.377250e+02
      endloop
   endfacet
   facet normal 5.083070e-01 -8.451961e-01 -1.651290e-01
      outer loop
         vertex 9.400669e+01 1.363473e+02 1.687306e+02
         vertex 1.039690e+02 1.363481e+02 1.993930e+02
         vertex 2.095075e+01 9.142677e+01 1.737681e+02
      endloop
   endfacet
   facet normal 5.083070e-01 -8.451960e-01 -1.651291e-01
      outer loop
         vertex 2.095075e+01 9.142677e+01 1.737681e+02
         vertex 1.039690e+02 1.363481e+02 1.993930e+02
         vertex 4.190405e+01 9.142841e+01 2.382590e+02
      endloop
   endfacet
   facet normal 1.763610e-01 -3.882575e-01 -9.045180e-01
      outer loop
         vertex 8.404631e+01 1.637726e+02 1.550164e+02
         vertex 9.400669e+01 1.363473e+02 1.687306e+02
         vertex 1.534820e-03 1.491091e+02 1.449237e+02
      endloop
   endfacet
   facet normal 1.763610e-01 -3.882576e-01 -9.045180e-01
      outer loop
         vertex 1.534820e-03 1.491091e+02 1.449237e+02
         vertex 9.400669e+01 1.363473e+02 1.687306e+02
         vertex 2.095075e+01 9.142677e+01 1.737681e+02
      endloop
   endfacet
   facet normal 1.043649e-02 5.256583e-01 -8.506318e-01
      outer loop
         vertex 8.404825e+01 1.911987e+02 1.719647e+02
         vertex 8.404631e+01 1.637726e+02 1.550164e+02
         vertex 5.617738e-03 2.067930e+02 1.805703e+02
      endloop
   endfacet
   facet normal 1.043647e-02 5.256583e-01 -8.506318e-01
      outer loop
         vertex 5.617738e-03 2.067930e+02 1.805703e+02
         vertex 8.404631e+01 1.637726e+02 1.550164e+02
         vertex 1.534820e-03 1.491091e+02 1.449237e+02
      endloop
   endfacet
   facet normal 1.764580e-01 9.826356e-01 -5.735662e-02
      outer loop
         vertex 9.401058e+01 1.911994e+02 2.026271e+02
         vertex 8.404825e+01 1.911987e+02 1.719647e+02
         vertex 2.095890e+01 2.067947e+02 2.450612e+02
      endloop
   endfacet
   facet normal 1.764579e-01 9.826356e-01 -5.735669e-02
      outer loop
         vertex 2.095890e+01 2.067947e+02 2.450612e+02
         vertex 8.404825e+01 1.911987e+02 1.719647e+02
         vertex 5.617738e-03 2.067930e+02 1.805703e+02
      endloop
   endfacet
   facet normal 5.084039e-01 5.256971e-01 6.820322e-01
      outer loop
         vertex 1.039710e+02 1.637742e+02 2.163413e+02
         vertex 9.401058e+01 1.911994e+02 2.026271e+02
         vertex 4.190812e+01 1.491124e+02 2.739055e+02
      endloop
   endfacet
   facet normal 5.084038e-01 5.256972e-01 6.820322e-01
      outer loop
         vertex 4.190812e+01 1.491124e+02 2.739055e+02
         vertex 9.401058e+01 1.911994e+02 2.026271e+02
         vertex 2.095890e+01 2.067947e+02 2.450612e+02
      endloop
   endfacet
   facet normal 6.743285e-01 -3.882187e-01 6.281459e-01
      outer loop
         vertex 1.039690e+02 1.363481e+02 1.993930e+02
         vertex 1.039710e+02 1.637742e+02 2.163413e+02
         vertex 4.190405e+01 9.142841e+01 2.382590e+02
      endloop
   endfacet
   facet normal 6.743285e-01 -3.882187e-01 6.281460e-01
      outer loop
         vertex 4.190405e+01 9.142841e+01 2.382590e+02
         vertex 1.039710e+02 1.637742e+02 2.163413e+02
         vertex 4.190812e+01 1.491124e+02 2.739055e+02
      endloop
   endfacet
   facet normal 9.341919e-01 1.875022e-01 -3.035268e-01
      outer loop
         vertex 9.401058e+01 1.911994e+02 2.026271e+02
         vertex 1.039710e+02 1.637742e+02 2.163413e+02
         vertex 8.404825e+01 1.911987e+02 1.719647e+02
      endloop
   endfacet
   facet normal 9.341919e-01 1.875022e-01 -3.035267e-01
      outer loop
         vertex 8.404825e+01 1.911987e+02 1.719647e+02
         vertex 1.039710e+02 1.637742e+02 2.163413e+02
         vertex 1.039690e+02 1.363481e+02 1.993930e+02
      endloop
   endfacet
   facet normal 9.341919e-01 1.875023e-01 -3.035266e-01
      outer loop
         vertex 8.404825e+01 1.911987e+02 1.719647e+02
         vertex 1.039690e+02 1.363481e+02 1.993930e+02
         vertex 8.404631e+01 1.637726e+02 1.550164e+02
      endloop
   endfacet
   facet normal 9.341919e-01 1.875021e-01 -3.035267e-01
      outer loop
         vertex 8.404631e+01 1.637726e+02 1.550164e+02
         vertex 1.039690e+02 1.363481e+02 1.993930e+02
         vertex 9.400669e+01 1.363473e+02 1.687306e+02
      endloop
   endfacet
   facet normal -9.341930e-01 -1.875006e-01 3.035242e-01
      outer loop
         vertex 1.839846e-01 2.063019e+02 1.808159e+02
         vertex 5.617738e-03 2.067930e+02 1.805703e+02
         vertex 1.799315e-01 1.491091e+02 1.454728e+02
      endloop
   endfacet
   facet normal -9.341957e-01 -1.874969e-01 3.035182e-01
      outer loop
         vertex 1.799315e-01 1.491091e+02 1.454728e+02
         vertex 5.617738e-03 2.067930e+02 1.805703e+02
         vertex 1.534820e-03 1.491091e+02 1.449237e+02
      endloop
   endfacet
   facet normal -9.341938e-01 -1.875077e-01 3.035175e-01
      outer loop
         vertex 1.799315e-01 1.491091e+02 1.454728e+02
         vertex 1.534820e-03 1.491091e+02 1.449237e+02
         vertex 2.095079e+01 9.191791e+01 1.740716e+02
      endloop
   endfacet
   facet normal -9.341884e-01 -1.874925e-01 3.035435e-01
      outer loop
         vertex 2.095079e+01 9.191791e+01 1.740716e+02
         vertex 1.534820e-03 1.491091e+02 1.449237e+02
         vertex 2.095075e+01 9.142677e+01 1.737681e+02
      endloop
   endfacet
   facet normal -9.341954e-01 -1.874828e-01 3.035278e-01
      outer loop
         vertex 2.095079e+01 9.191791e+01 1.740716e+02
         vertex 2.095075e+01 9.142677e+01 1.737681e+02
         vertex 4.172568e+01 9.191953e+01 2.380134e+02
      endloop
   endfacet
   facet normal -9.341928e-01 -1.874968e-01 3.035270e-01
      outer loop
         vertex 4.172568e+01 9.191953e+01 2.380134e+02
         vertex 2.095075e+01 9.142677e+01 1.737681e+02
         vertex 4.190405e+01 9.142841e+01 2.382590e+02
      endloop
   endfacet
   facet normal -9.341939e-01 -1.874996e-01 3.035222e-01
      outer loop
         vertex 4.172568e+01 9.191953e+01 2.380134e+02
         vertex 4.190405e+01 9.142841e+01 2.382590e+02
         vertex 4.172972e+01 1.491123e+02 2.733564e+02
      endloop
   endfacet
   facet normal -9.341919e-01 -1.875022e-01 3.035265e-01
      outer loop
         vertex 4.172972e+01 1.491123e+02 2.733564e+02
         vertex 4.190405e+01 9.142841e+01 2.382590e+02
         vertex 4.190812e+01 1.491124e+02 2.739055e+02
      endloop
   endfacet
   facet normal -9.341919e-01 -1.875023e-01 3.035265e-01
      outer loop
         vertex 4.172972e+01 1.491123e+02 2.733564e+02
         vertex 4.190812e+01 1.491124e+02 2.739055e+02
         vertex 2.095887e+01 2.063035e+02 2.447577e+02
      endloop
   endfacet
   facet normal -9.341926e-01 -1.875043e-01 3.035232e-01
      outer loop
         vertex 2.095887e+01 2.063035e+02 2.447577e+02
         vertex 4.190812e+01 1.491124e+02 2.739055e+02
         vertex 2.095890e+01 2.067947e+02 2.450612e+02
      endloop
   endfacet
   facet normal -9.341912e-01 -1.875062e-01 3.035264e-01
      outer loop
         vertex 2.095887e+01 2.063035e+02 2.447577e+02
         vertex 2.095890e+01 2.067947e+02 2.450612e+02
         vertex 1.839846e-01 2.063019e+02 1.808159e+02
      endloop
   endfacet
   facet normal -9.341925e-01 -1.874991e-01 3.035267e-01
      outer loop
         vertex 1.839846e-01 2.063019e+02 1.808159e+02
         vertex 2.095890e+01 2.067947e+02 2.450612e+02
         vertex 5.617738e-03 2.067930e+02 1.805703e+02
      endloop
   endfacet
   facet normal -1.763610e-01 3.882576e-01 9.045180e-01
      outer loop
         vertex 9.363304e+01 1.366087e+02 1.690598e+02
         vertex 8.379482e+01 1.636976e+02 1.555139e+02
         vertex 2.095079e+01 9.191791e+01 1.740716e+02
      endloop
   endfacet
   facet normal -1.763610e-01 3.882575e-01 9.045180e-01
      outer loop
         vertex 2.095079e+01 9.191791e+01 1.740716e+02
         vertex 8.379482e+01 1.636976e+02 1.555139e+02
         vertex 1.799315e-01 1.491091e+02 1.454728e+02
      endloop
   endfacet
   facet normal -1.043653e-02 -5.256583e-01 8.506318e-01
      outer loop
         vertex 8.379482e+01 1.636976e+02 1.555139e+02
         vertex 8.379673e+01 1.907873e+02 1.722543e+02
         vertex 1.799315e-01 1.491091e+02 1.454728e+02
      endloop
   endfacet
   facet normal -1.043650e-02 -5.256583e-01 8.506318e-01
      outer loop
         vertex 1.799315e-01 1.491091e+02 1.454728e+02
         vertex 8.379673e+01 1.907873e+02 1.722543e+02
         vertex 1.839846e-01 2.063019e+02 1.808159e+02
      endloop
   endfacet
   facet normal -1.764579e-01 -9.826356e-01 5.735686e-02
      outer loop
         vertex 8.379673e+01 1.907873e+02 1.722543e+02
         vertex 9.363687e+01 1.907881e+02 2.025407e+02
         vertex 1.839846e-01 2.063019e+02 1.808159e+02
      endloop
   endfacet
   facet normal -1.764579e-01 -9.826357e-01 5.735667e-02
      outer loop
         vertex 1.839846e-01 2.063019e+02 1.808159e+02
         vertex 9.363687e+01 1.907881e+02 2.025407e+02
         vertex 2.095887e+01 2.063035e+02 2.447577e+02
      endloop
   endfacet
   facet normal -5.084039e-01 -5.256971e-01 -6.820323e-01
      outer loop
         vertex 9.363687e+01 1.907881e+02 2.025407e+02
         vertex 1.034751e+02 1.636992e+02 2.160866e+02
         vertex 2.095887e+01 2.063035e+02 2.447577e+02
      endloop
   endfacet
   facet normal -5.084039e-01 -5.256971e-01 -6.820323e-01
      outer loop
         vertex 2.095887e+01 2.063035e+02 2.447577e+02
         vertex 1.034751e+02 1.636992e+02 2.160866e+02
         vertex 4.172972e+01 1.491123e+02 2.733564e+02
      endloop
   endfacet
   facet normal -6.743284e-01 3.882187e-01 -6.281460e-01
      outer loop
         vertex 1.034751e+02 1.636992e+02 2.160866e+02
         vertex 1.034732e+02 1.366095e+02 1.993462e+02
         vertex 4.172972e+01 1.491123e+02 2.733564e+02
      endloop
   endfacet
   facet normal -6.743284e-01 3.882187e-01 -6.281460e-01
      outer loop
         vertex 4.172972e+01 1.491123e+02 2.733564e+02
         vertex 1.034732e+02 1.366095e+02 1.993462e+02
         vertex 4.172568e+01 9.191953e+01 2.380134e+02
      endloop
   endfacet
   facet normal -5.083069e-01 8.451961e-01 1.651292e-01
      outer loop
         vertex 1.034732e+02 1.366095e+02 1.993462e+02
         vertex 9.363304e+01 1.366087e+02 1.690598e+02
         vertex 4.172568e+01 9.191953e+01 2.380134e+02
      endloop
   endfacet
   facet normal -5.083070e-01 8.451960e-01 1.651291e-01
      outer loop
         vertex 4.172568e+01 9.191953e+01 2.380134e+02
         vertex 9.363304e+01 1.366087e+02 1.690598e+02
         vertex 2.095079e+01 9.191791e+01 1.740716e+02
      endloop
   endfacet
   facet normal -9.341919e-01 -1.875022e-01 3.035266e-01
      outer loop
         vertex 8.379482e+01 1.636976e+02 1.555139e+02
         vertex 9.363304e+01 1.366087e+02 1.690598e+02
         vertex 8.379673e+01 1.907873e+02 1.722543e+02
      endloop
   endfacet
   facet normal -9.341919e-01 -1.875022e-01 3.035267e-01
      outer loop
         vertex 8.379673e+01 1.907873e+02 1.722543e+02
         vertex 9.363304e+01 1.366087e+02 1.690598e+02
         vertex 1.034732e+02 1.366095e+02 1.993462e+02
      endloop
   endfacet
   facet normal -9.341919e-01 -1.875022e-01 3.035266e-01
      outer loop
         vertex 8.379673e+01 1.907873e+02 1.722543e+02
         vertex 1.034732e+02 1.366095e+02 1.993462e+02
         vertex 9.363687e+01 1.907881e+02 2.025407e+02
      endloop
   endfacet
   facet normal -9.341919e-01 -1.875022e-01 3.035267e-01
      outer loop
         vertex 9.363687e+01 1.907881e+02 2.025407e+02
         vertex 1.034732e+02 1.366095e+02 1.993462e+02
         vertex 1.034751e+02 1.636992e+02 2.160866e+02
      endloop
   endfacet
   facet normal -5.691265e-01 2.504075e-01 -7.831929e-01
      outer loop
         vertex 1.387109e+02 9.784968e+01 1.540104e+02
         vertex 1.650935e+02 9.784841e+01 1.348384e+02
         vertex 1.149318e+02 1.965083e+01 1.462878e+02
      endloop
   endfacet
   facet normal -5.691265e-01 2.504075e-01 -7.831929e-01
      outer loop
         vertex 1.149318e+02 1.965083e+01 1.462878e+02
         vertex 1.650935e+02 9.784841e+01 1.348384e+02
         vertex 1.650873e+02 1.964841e+01 1.098403e+02
      endloop
   endfacet
   facet normal -9.207221e-01 2.504245e-01 2.992630e-01
      outer loop
         vertex 1.487919e+02 9.784920e+01 1.850262e+02
         vertex 1.387109e+02 9.784968e+01 1.540104e+02
         vertex 1.340965e+02 1.964991e+01 2.052515e+02
      endloop
   endfacet
   facet normal -9.207221e-01 2.504245e-01 2.992630e-01
      outer loop
         vertex 1.340965e+02 1.964991e+01 2.052515e+02
         vertex 1.387109e+02 9.784968e+01 1.540104e+02
         vertex 1.149318e+02 1.965083e+01 1.462878e+02
      endloop
   endfacet
   facet normal 1.056275e-04 2.503800e-01 9.681476e-01
      outer loop
         vertex 1.814048e+02 9.784763e+01 1.850230e+02
         vertex 1.487919e+02 9.784920e+01 1.850262e+02
         vertex 1.960965e+02 1.964691e+01 2.052455e+02
      endloop
   endfacet
   facet normal 1.056336e-04 2.503800e-01 9.681476e-01
      outer loop
         vertex 1.960965e+02 1.964691e+01 2.052455e+02
         vertex 1.487919e+02 9.784920e+01 1.850262e+02
         vertex 1.340965e+02 1.964991e+01 2.052515e+02
      endloop
   endfacet
   facet normal 9.208041e-01 2.503355e-01 2.990851e-01
      outer loop
         vertex 1.914798e+02 9.784713e+01 1.540053e+02
         vertex 1.814048e+02 9.784763e+01 1.850230e+02
         vertex 2.152499e+02 1.964599e+01 1.462781e+02
      endloop
   endfacet
   facet normal 9.208041e-01 2.503355e-01 2.990851e-01
      outer loop
         vertex 2.152499e+02 1.964599e+01 1.462781e+02
         vertex 1.814048e+02 9.784763e+01 1.850230e+02
         vertex 1.960965e+02 1.964691e+01 2.052455e+02
      endloop
   endfacet
   facet normal 5.689993e-01 2.503525e-01 -7.833029e-01
      outer loop
         vertex 1.650935e+02 9.784841e+01 1.348384e+02
         vertex 1.914798e+02 9.784713e+01 1.540053e+02
         vertex 1.650873e+02 1.964841e+01 1.098403e+02
      endloop
   endfacet
   facet normal 5.689993e-01 2.503525e-01 -7.833029e-01
      outer loop
         vertex 1.650873e+02 1.964841e+01 1.098403e+02
         vertex 1.914798e+02 9.784713e+01 1.540053e+02
         vertex 2.152499e+02 1.964599e+01 1.462781e+02
      endloop
   endfacet
   facet normal 4.820392e-05 1.000000e+00 -5.332171e-08
      outer loop
         vertex 1.487919e+02 9.784920e+01 1.850262e+02
         vertex 1.814048e+02 9.784763e+01 1.850230e+02
         vertex 1.387109e+02 9.784968e+01 1.540104e+02
      endloop
   endfacet
   facet normal 4.828789e-05 1.000000e+00 -1.689225e-07
      outer loop
         vertex 1.387109e+02 9.784968e+01 1.540104e+02
         vertex 1.814048e+02 9.784763e+01 1.850230e+02
         vertex 1.914798e+02 9.784713e+01 1.540053e+02
      endloop
   endfacet
   facet normal 4.828790e-05 1.000000e+00 -4.665337e-09
      outer loop
         vertex 1.387109e+02 9.784968e+01 1.540104e+02
         vertex 1.914798e+02 9.784713e+01 1.540053e+02
         vertex 1.650935e+02 9.784841e+01 1.348384e+02
      endloop
   endfacet
   facet normal -4.830202e-05 -1.000000e+00 2.332941e-09
      outer loop
         vertex 1.650874e+02 1.964841e+01 1.104583e+02
         vertex 1.650873e+02 1.964841e+01 1.098403e+02
         vertex 2.146621e+02 1.964602e+01 1.464692e+02
      endloop
   endfacet
   facet normal -4.830187e-05 -1.000000e+00 2.128397e-09
      outer loop
         vertex 2.146621e+02 1.964602e+01 1.464692e+02
         vertex 1.650873e+02 1.964841e+01 1.098403e+02
         vertex 2.152499e+02 1.964599e+01 1.462781e+02
      endloop
   endfacet
   facet normal -4.830177e-05 -1.000000e+00 2.413435e-09
      outer loop
         vertex 2.146621e+02 1.964602e+01 1.464692e+02
         vertex 2.152499e+02 1.964599e+01 1.462781e+02
         vertex 1.957332e+02 1.964693e+01 2.047455e+02
      endloop
   endfacet
   facet normal -4.830197e-05 -1.000000e+00 2.347172e-09
      outer loop
         vertex 1.957332e+02 1.964693e+01 2.047455e+02
         vertex 2.152499e+02 1.964599e+01 1.462781e+02
         vertex 1.960965e+02 1.964691e+01 2.052455e+02
      endloop
   endfacet
   facet normal -4.830202e-05 -1.000000e+00 2.378566e-09
      outer loop
         vertex 1.957332e+02 1.964693e+01 2.047455e+02
         vertex 1.960965e+02 1.964691e+01 2.052455e+02
         vertex 1.344597e+02 1.964989e+01 2.047515e+02
      endloop
   endfacet
   facet normal -4.830202e-05 -1.000000e+00 2.430492e-09
      outer loop
         vertex 1.344597e+02 1.964989e+01 2.047515e+02
         vertex 1.960965e+02 1.964691e+01 2.052455e+02
         vertex 1.340965e+02 1.964991e+01 2.052515e+02
      endloop
   endfacet
   facet normal -4.830211e-05 -1.000000e+00 2.362676e-09
      outer loop
         vertex 1.344597e+02 1.964989e+01 2.047515e+02
         vertex 1.340965e+02 1.964991e+01 2.052515e+02
         vertex 1.155196e+02 1.965080e+01 1.464788e+02
      endloop
   endfacet
   facet normal -4.830187e-05 -1.000000e+00 2.286274e-09
      outer loop
         vertex 1.155196e+02 1.965080e+01 1.464788e+02
         vertex 1.340965e+02 1.964991e+01 2.052515e+02
         vertex 1.149318e+02 1.965083e+01 1.462878e+02
      endloop
   endfacet
   facet normal -4.830192e-05 -1.000000e+00 2.460312e-09
      outer loop
         vertex 1.155196e+02 1.965080e+01 1.464788e+02
         vertex 1.149318e+02 1.965083e+01 1.462878e+02
         vertex 1.650874e+02 1.964841e+01 1.104583e+02
      endloop
   endfacet
   facet normal -4.830201e-05 -1.000000e+00 2.332940e-09
      outer loop
         vertex 1.650874e+02 1.964841e+01 1.104583e+02
         vertex 1.149318e+02 1.965083e+01 1.462878e+02
         vertex 1.650873e+02 1.964841e+01 1.098403e+02
      endloop
   endfacet
   facet normal -9.208041e-01 -2.503355e-01 -2.990851e-01
      outer loop
         vertex 1.811354e+02 9.734764e+01 1.846524e+02
         vertex 1.910440e+02 9.734716e+01 1.541469e+02
         vertex 1.957332e+02 1.964693e+01 2.047455e+02
      endloop
   endfacet
   facet normal -9.208041e-01 -2.503355e-01 -2.990851e-01
      outer loop
         vertex 1.957332e+02 1.964693e+01 2.047455e+02
         vertex 1.910440e+02 9.734716e+01 1.541469e+02
         vertex 2.146621e+02 1.964602e+01 1.464692e+02
      endloop
   endfacet
   facet normal -5.689993e-01 -2.503525e-01 7.833029e-01
      outer loop
         vertex 1.910440e+02 9.734716e+01 1.541469e+02
         vertex 1.650935e+02 9.734841e+01 1.352966e+02
         vertex 2.146621e+02 1.964602e+01 1.464692e+02
      endloop
   endfacet
   facet normal -5.689993e-01 -2.503525e-01 7.833028e-01
      outer loop
         vertex 2.146621e+02 1.964602e+01 1.464692e+02
         vertex 1.650935e+02 9.734841e+01 1.352966e+02
         vertex 1.650874e+02 1.964841e+01 1.104583e+02
      endloop
   endfacet
   facet normal 5.691264e-01 -2.504075e-01 7.831929e-01
      outer loop
         vertex 1.650935e+02 9.734841e+01 1.352966e+02
         vertex 1.391467e+02 9.734967e+01 1.541519e+02
         vertex 1.650874e+02 1.964841e+01 1.104583e+02
      endloop
   endfacet
   facet normal 5.691265e-01 -2.504075e-01 7.831929e-01
      outer loop
         vertex 1.650874e+02 1.964841e+01 1.104583e+02
         vertex 1.391467e+02 9.734967e+01 1.541519e+02
         vertex 1.155196e+02 1.965080e+01 1.464788e+02
      endloop
   endfacet
   facet normal 9.207221e-01 -2.504245e-01 -2.992630e-01
      outer loop
         vertex 1.391467e+02 9.734967e+01 1.541519e+02
         vertex 1.490611e+02 9.734918e+01 1.846555e+02
         vertex 1.155196e+02 1.965080e+01 1.464788e+02
      endloop
   endfacet
   facet normal 9.207221e-01 -2.504245e-01 -2.992630e-01
      outer loop
         vertex 1.155196e+02 1.965080e+01 1.464788e+02
         vertex 1.490611e+02 9.734918e+01 1.846555e+02
         vertex 1.344597e+02 1.964989e+01 2.047515e+02
      endloop
   endfacet
   facet normal -1.055383e-04 -2.503800e-01 -9.681476e-01
      outer loop
         vertex 1.490611e+02 9.734918e+01 1.846555e+02
         vertex 1.811354e+02 9.734764e+01 1.846524e+02
         vertex 1.344597e+02 1.964989e+01 2.047515e+02
      endloop
   endfacet
   facet normal -1.056244e-04 -2.503800e-01 -9.681476e-01
      outer loop
         vertex 1.344597e+02 1.964989e+01 2.047515e+02
         vertex 1.811354e+02 9.734764e+01 1.846524e+02
         vertex 1.957332e+02 1.964693e+01 2.047455e+02
      endloop
   endfacet
   facet normal -4.808430e-05 -1.000000e+00 -2.477794e-07
      outer loop
         vertex 1.490611e+02 9.734918e+01 1.846555e+02
         vertex 1.391467e+02 9.734967e+01 1.541519e+02
         vertex 1.811354e+02 9.734764e+01 1.846524e+02
      endloop
   endfacet
   facet normal -4.839611e-05 -1.000000e+00 1.814772e-07
      outer loop
         vertex 1.811354e+02 9.734764e+01 1.846524e+02
         vertex 1.391467e+02 9.734967e+01 1.541519e+02
         vertex 1.650935e+02 9.734841e+01 1.352966e+02
      endloop
   endfacet
   facet normal -4.835655e-05 -1.000000e+00 1.686196e-07
      outer loop
         vertex 1.811354e+02 9.734764e+01 1.846524e+02
         vertex 1.650935e+02 9.734841e+01 1.352966e+02
         vertex 1.910440e+02 9.734716e+01 1.541469e+02
      endloop
   endfacet
   facet normal 1.227225e-01 -5.886516e-01 -7.990172e-01
      outer loop
         vertex 1.999671e+02 1.173650e+02 2.105728e+02
         vertex 2.263523e+02 1.345076e+02 2.019961e+02
         vertex 2.345075e+02 6.003394e+01 2.581149e+02
      endloop
   endfacet
   facet normal 1.227225e-01 -5.886516e-01 -7.990172e-01
      outer loop
         vertex 2.345075e+02 6.003394e+01 2.581149e+02
         vertex 2.263523e+02 1.345076e+02 2.019961e+02
         vertex 2.846680e+02 9.262338e+01 2.418098e+02
      endloop
   endfacet
   facet normal -7.979721e-01 -5.885182e-01 -1.299495e-01
      outer loop
         vertex 1.836645e+02 1.345138e+02 2.330172e+02
         vertex 1.999671e+02 1.173650e+02 2.105728e+02
         vertex 2.035150e+02 9.263515e+01 3.007836e+02
      endloop
   endfacet
   facet normal -7.979721e-01 -5.885181e-01 -1.299495e-01
      outer loop
         vertex 2.035150e+02 9.263515e+01 3.007836e+02
         vertex 1.999671e+02 1.173650e+02 2.105728e+02
         vertex 2.345075e+02 6.003394e+01 2.581149e+02
      endloop
   endfacet
   facet normal -7.978191e-01 3.796707e-01 4.683320e-01
      outer loop
         vertex 1.999742e+02 1.622548e+02 2.383119e+02
         vertex 1.836645e+02 1.345138e+02 2.330172e+02
         vertex 2.345210e+02 1.453732e+02 3.108493e+02
      endloop
   endfacet
   facet normal -7.978191e-01 3.796707e-01 4.683319e-01
      outer loop
         vertex 2.345210e+02 1.453732e+02 3.108493e+02
         vertex 1.836645e+02 1.345138e+02 2.330172e+02
         vertex 2.035150e+02 9.263515e+01 3.007836e+02
      endloop
   endfacet
   facet normal 1.229703e-01 9.779109e-01 1.690224e-01
      outer loop
         vertex 2.263567e+02 1.622510e+02 2.191398e+02
         vertex 1.999742e+02 1.622548e+02 2.383119e+02
         vertex 2.846764e+02 1.453660e+02 2.744015e+02
      endloop
   endfacet
   facet normal 1.229703e-01 9.779109e-01 1.690225e-01
      outer loop
         vertex 2.846764e+02 1.453660e+02 2.744015e+02
         vertex 1.999742e+02 1.622548e+02 2.383119e+02
         vertex 2.345210e+02 1.453732e+02 3.108493e+02
      endloop
   endfacet
   facet normal 6.918961e-01 3.794548e-01 -6.142425e-01
      outer loop
         vertex 2.263523e+02 1.345076e+02 2.019961e+02
         vertex 2.263567e+02 1.622510e+02 2.191398e+02
         vertex 2.846680e+02 9.262338e+01 2.418098e+02
      endloop
   endfacet
   facet normal 6.918962e-01 3.794548e-01 -6.142424e-01
      outer loop
         vertex 2.846680e+02 9.262338e+01 2.418098e+02
         vertex 2.263567e+02 1.622510e+02 2.191398e+02
         vertex 2.846764e+02 1.453660e+02 2.744015e+02
      endloop
   endfacet
   facet normal -5.257626e-01 4.472136e-01 -7.235839e-01
      outer loop
         vertex 1.999742e+02 1.622548e+02 2.383119e+02
         vertex 2.263567e+02 1.622510e+02 2.191398e+02
         vertex 1.836645e+02 1.345138e+02 2.330172e+02
      endloop
   endfacet
   facet normal -5.257627e-01 4.472136e-01 -7.235839e-01
      outer loop
         vertex 1.836645e+02 1.345138e+02 2.330172e+02
         vertex 2.263567e+02 1.622510e+02 2.191398e+02
         vertex 2.263523e+02 1.345076e+02 2.019961e+02
      endloop
   endfacet
   facet normal -5.257627e-01 4.472136e-01 -7.235839e-01
      outer loop
         vertex 1.836645e+02 1.345138e+02 2.330172e+02
         vertex 2.263523e+02 1.345076e+02 2.019961e+02
         vertex 1.999671e+02 1.173650e+02 2.105728e+02
      endloop
   endfacet
   facet normal 5.257648e-01 -4.472114e-01 7.235837e-01
      outer loop
         vertex 2.040407e+02 9.280590e+01 3.005072e+02
         vertex 2.035150e+02 9.263515e+01 3.007836e+02
         vertex 2.346701e+02 6.058672e+01 2.583384e+02
      endloop
   endfacet
   facet normal 5.257619e-01 -4.472145e-01 7.235839e-01
      outer loop
         vertex 2.346701e+02 6.058672e+01 2.583384e+02
         vertex 2.035150e+02 9.263515e+01 3.007836e+02
         vertex 2.345075e+02 6.003394e+01 2.581149e+02
      endloop
   endfacet
   facet normal 5.257631e-01 -4.472145e-01 7.235830e-01
      outer loop
         vertex 2.346701e+02 6.058672e+01 2.583384e+02
         vertex 2.345075e+02 6.003394e+01 2.581149e+02
         vertex 2.842427e+02 9.279428e+01 2.422244e+02
      endloop
   endfacet
   facet normal 5.257636e-01 -4.472159e-01 7.235818e-01
      outer loop
         vertex 2.842427e+02 9.279428e+01 2.422244e+02
         vertex 2.345075e+02 6.003394e+01 2.581149e+02
         vertex 2.846680e+02 9.262338e+01 2.418098e+02
      endloop
   endfacet
   facet normal 5.257655e-01 -4.472127e-01 7.235824e-01
      outer loop
         vertex 2.842427e+02 9.279428e+01 2.422244e+02
         vertex 2.846680e+02 9.262338e+01 2.418098e+02
         vertex 2.842510e+02 1.449188e+02 2.744342e+02
      endloop
   endfacet
   facet normal 5.257672e-01 -4.472121e-01 7.235814e-01
      outer loop
         vertex 2.842510e+02 1.449188e+02 2.744342e+02
         vertex 2.846680e+02 9.262338e+01 2.418098e+02
         vertex 2.846764e+02 1.453660e+02 2.744015e+02
      endloop
   endfacet
   facet normal 5.257641e-01 -4.472088e-01 7.235858e-01
      outer loop
         vertex 2.842510e+02 1.449188e+02 2.744342e+02
         vertex 2.846764e+02 1.453660e+02 2.744015e+02
         vertex 2.346834e+02 1.449260e+02 3.104549e+02
      endloop
   endfacet
   facet normal 5.257613e-01 -4.472186e-01 7.235818e-01
      outer loop
         vertex 2.346834e+02 1.449260e+02 3.104549e+02
         vertex 2.846764e+02 1.453660e+02 2.744015e+02
         vertex 2.345210e+02 1.453732e+02 3.108493e+02
      endloop
   endfacet
   facet normal 5.257666e-01 -4.472151e-01 7.235801e-01
      outer loop
         vertex 2.346834e+02 1.449260e+02 3.104549e+02
         vertex 2.345210e+02 1.453732e+02 3.108493e+02
         vertex 2.040407e+02 9.280590e+01 3.005072e+02
      endloop
   endfacet
   facet normal 5.257648e-01 -4.472144e-01 7.235818e-01
      outer loop
         vertex 2.040407e+02 9.280590e+01 3.005072e+02
         vertex 2.345210e+02 1.453732e+02 3.108493e+02
         vertex 2.035150e+02 9.263515e+01 3.007836e+02
      endloop
   endfacet
   facet normal -1.229700e-01 -9.779109e-01 -1.690225e-01
      outer loop
         vertex 2.003574e+02 1.616996e+02 2.383813e+02
         vertex 2.263042e+02 1.616959e+02 2.195259e+02
         vertex 2.346834e+02 1.449260e+02 3.104549e+02
      endloop
   endfacet
   facet normal -1.229702e-01 -9.779109e-01 -1.690225e-01
      outer loop
         vertex 2.346834e+02 1.449260e+02 3.104549e+02
         vertex 2.263042e+02 1.616959e+02 2.195259e+02
         vertex 2.842510e+02 1.449188e+02 2.744342e+02
      endloop
   endfacet
   facet normal -6.918962e-01 -3.794547e-01 6.142424e-01
      outer loop
         vertex 2.263042e+02 1.616959e+02 2.195259e+02
         vertex 2.262999e+02 1.344107e+02 2.026653e+02
         vertex 2.842510e+02 1.449188e+02 2.744342e+02
      endloop
   endfacet
   facet normal -6.918962e-01 -3.794548e-01 6.142424e-01
      outer loop
         vertex 2.842510e+02 1.449188e+02 2.744342e+02
         vertex 2.262999e+02 1.344107e+02 2.026653e+02
         vertex 2.842427e+02 9.279428e+01 2.422244e+02
      endloop
   endfacet
   facet normal -1.227225e-01 5.886516e-01 7.990172e-01
      outer loop
         vertex 2.262999e+02 1.344107e+02 2.026653e+02
         vertex 2.003505e+02 1.175513e+02 2.111003e+02
         vertex 2.842427e+02 9.279428e+01 2.422244e+02
      endloop
   endfacet
   facet normal -1.227225e-01 5.886516e-01 7.990172e-01
      outer loop
         vertex 2.842427e+02 9.279428e+01 2.422244e+02
         vertex 2.003505e+02 1.175513e+02 2.111003e+02
         vertex 2.346701e+02 6.058672e+01 2.583384e+02
      endloop
   endfacet
   facet normal 7.979721e-01 5.885181e-01 1.299495e-01
      outer loop
         vertex 2.003505e+02 1.175513e+02 2.111003e+02
         vertex 1.843172e+02 1.344168e+02 2.331741e+02
         vertex 2.346701e+02 6.058672e+01 2.583384e+02
      endloop
   endfacet
   facet normal 7.979721e-01 5.885181e-01 1.299495e-01
      outer loop
         vertex 2.346701e+02 6.058672e+01 2.583384e+02
         vertex 1.843172e+02 1.344168e+02 2.331741e+02
         vertex 2.040407e+02 9.280590e+01 3.005072e+02
      endloop
   endfacet
   facet normal 7.978190e-01 -3.796708e-01 -4.683321e-01
      outer loop
         vertex 1.843172e+02 1.344168e+02 2.331741e+02
         vertex 2.003574e+02 1.616996e+02 2.383813e+02
         vertex 2.040407e+02 9.280590e+01 3.005072e+02
      endloop
   endfacet
   facet normal 7.978191e-01 -3.796708e-01 -4.683320e-01
      outer loop
         vertex 2.040407e+02 9.280590e+01 3.005072e+02
         vertex 2.003574e+02 1.616996e+02 2.383813e+02
         vertex 2.346834e+02 1.449260e+02 3.104549e+02
      endloop
   endfacet
   facet normal 5.257627e-01 -4.472136e-01 7.235838e-01
      outer loop
         vertex 1.843172e+02 1.344168e+02 2.331741e+02
         vertex 2.003505e+02 1.175513e+02 2.111003e+02
         vertex 2.003574e+02 1.616996e+02 2.383813e+02
      endloop
   endfacet
   facet normal 5.257627e-01 -4.472136e-01 7.235838e-01
      outer loop
         vertex 2.003574e+02 1.616996e+02 2.383813e+02
         vertex 2.003505e+02 1.175513e+02 2.111003e+02
         vertex 2.262999e+02 1.344107e+02 2.026653e+02
      endloop
   endfacet
   facet normal 5.257628e-01 -4.472135e-01 7.235838e-01
      outer loop
         vertex 2.003574e+02 1.616996e+02 2.383813e+02
         vertex 2.262999e+02 1.344107e+02 2.026653e+02
         vertex 2.263042e+02 1.616959e+02 2.195259e+02
      endloop
   endfacet
   facet normal 9.207065e-01 -3.796995e-01 -9.015449e-02
      outer loop
         vertex 1.814115e+02 1.938352e+02 2.443437e+02
         vertex 1.914929e+02 2.215750e+02 2.304702e+02
         vertex 1.961100e+02 2.107223e+02 3.233305e+02
      endloop
   endfacet
   facet normal 9.207064e-01 -3.796996e-01 -9.015450e-02
      outer loop
         vertex 1.961100e+02 2.107223e+02 3.233305e+02
         vertex 1.914929e+02 2.215750e+02 2.304702e+02
         vertex 2.152757e+02 2.634580e+02 2.969558e+02
      endloop
   endfacet
   facet normal -1.315367e-04 -9.778954e-01 2.090946e-01
      outer loop
         vertex 1.487985e+02 1.938399e+02 2.443448e+02
         vertex 1.814115e+02 1.938352e+02 2.443437e+02
         vertex 1.341100e+02 2.107311e+02 3.233326e+02
      endloop
   endfacet
   facet normal -1.312115e-04 -9.778954e-01 2.090948e-01
      outer loop
         vertex 1.341100e+02 2.107311e+02 3.233326e+02
         vertex 1.814115e+02 1.938352e+02 2.443437e+02
         vertex 1.961100e+02 2.107223e+02 3.233305e+02
      endloop
   endfacet
   facet normal -9.208198e-01 -3.794393e-01 -9.009308e-02
      outer loop
         vertex 1.387240e+02 2.215825e+02 2.304719e+02
         vertex 1.487985e+02 1.938399e+02 2.443448e+02
         vertex 1.149575e+02 2.634722e+02 2.969591e+02
      endloop
   endfacet
   facet normal -9.208198e-01 -3.794392e-01 -9.009310e-02
      outer loop
         vertex 1.149575e+02 2.634722e+02 2.969591e+02
         vertex 1.487985e+02 1.938399e+02 2.443448e+02
         vertex 1.341100e+02 2.107311e+02 3.233326e+02
      endloop
   endfacet
   facet normal -5.689986e-01 5.886227e-01 -5.742507e-01
      outer loop
         vertex 1.651106e+02 2.387238e+02 2.218969e+02
         vertex 1.387240e+02 2.215825e+02 2.304719e+02
         vertex 1.651207e+02 2.960592e+02 2.806574e+02
      endloop
   endfacet
   facet normal -5.689988e-01 5.886227e-01 -5.742506e-01
      outer loop
         vertex 1.651207e+02 2.960592e+02 2.806574e+02
         vertex 1.387240e+02 2.215825e+02 2.304719e+02
         vertex 1.149575e+02 2.634722e+02 2.969591e+02
      endloop
   endfacet
   facet normal 5.691269e-01 5.884618e-01 -5.742885e-01
      outer loop
         vertex 1.914929e+02 2.215750e+02 2.304702e+02
         vertex 1.651106e+02 2.387238e+02 2.218969e+02
         vertex 2.152757e+02 2.634580e+02 2.969558e+02
      endloop
   endfacet
   facet normal 5.691270e-01 5.884617e-01 -5.742886e-01
      outer loop
         vertex 2.152757e+02 2.634580e+02 2.969558e+02
         vertex 1.651106e+02 2.387238e+02 2.218969e+02
         vertex 1.651207e+02 2.960592e+02 2.806574e+02
      endloop
   endfacet
   facet normal -9.318553e-05 -4.472801e-01 -8.943940e-01
      outer loop
         vertex 1.487985e+02 1.938399e+02 2.443448e+02
         vertex 1.387240e+02 2.215825e+02 2.304719e+02
         vertex 1.814115e+02 1.938352e+02 2.443437e+02
      endloop
   endfacet
   facet normal -9.322381e-05 -4.472801e-01 -8.943939e-01
      outer loop
         vertex 1.814115e+02 1.938352e+02 2.443437e+02
         vertex 1.387240e+02 2.215825e+02 2.304719e+02
         vertex 1.651106e+02 2.387238e+02 2.218969e+02
      endloop
   endfacet
   facet normal -9.285129e-05 -4.472800e-01 -8.943940e-01
      outer loop
         vertex 1.814115e+02 1.938352e+02 2.443437e+02
         vertex 1.651106e+02 2.387238e+02 2.218969e+02
         vertex 1.914929e+02 2.215750e+02 2.304702e+02
      endloop
   endfacet
   facet normal 9.035272e-05 4.472770e-01 8.943955e-01
      outer loop
         vertex 2.146878e+02 2.632873e+02 2.970413e+02
         vertex 2.152757e+02 2.634580e+02 2.969558e+02
         vertex 1.651206e+02 2.955065e+02 2.809338e+02
      endloop
   endfacet
   facet normal 8.593804e-05 4.472714e-01 8.943983e-01
      outer loop
         vertex 1.651206e+02 2.955065e+02 2.809338e+02
         vertex 2.152757e+02 2.634580e+02 2.969558e+02
         vertex 1.651207e+02 2.960592e+02 2.806574e+02
      endloop
   endfacet
   facet normal 1.000731e-04 4.472714e-01 8.943983e-01
      outer loop
         vertex 1.651206e+02 2.955065e+02 2.809338e+02
         vertex 1.651207e+02 2.960592e+02 2.806574e+02
         vertex 1.155453e+02 2.633013e+02 2.970445e+02
      endloop
   endfacet
   facet normal 1.002933e-04 4.472712e-01 8.943984e-01
      outer loop
         vertex 1.155453e+02 2.633013e+02 2.970445e+02
         vertex 1.651207e+02 2.960592e+02 2.806574e+02
         vertex 1.149575e+02 2.634722e+02 2.969591e+02
      endloop
   endfacet
   facet normal 1.048153e-04 4.472836e-01 8.943922e-01
      outer loop
         vertex 1.155453e+02 2.633013e+02 2.970445e+02
         vertex 1.149575e+02 2.634722e+02 2.969591e+02
         vertex 1.344733e+02 2.111783e+02 3.231090e+02
      endloop
   endfacet
   facet normal 8.484505e-05 4.472777e-01 8.943952e-01
      outer loop
         vertex 1.344733e+02 2.111783e+02 3.231090e+02
         vertex 1.149575e+02 2.634722e+02 2.969591e+02
         vertex 1.341100e+02 2.107311e+02 3.233326e+02
      endloop
   endfacet
   facet normal 9.310450e-05 4.472723e-01 8.943978e-01
      outer loop
         vertex 1.344733e+02 2.111783e+02 3.231090e+02
         vertex 1.341100e+02 2.107311e+02 3.233326e+02
         vertex 1.957468e+02 2.111696e+02 3.231069e+02
      endloop
   endfacet
   facet normal 9.308860e-05 4.472741e-01 8.943969e-01
      outer loop
         vertex 1.957468e+02 2.111696e+02 3.231069e+02
         vertex 1.341100e+02 2.107311e+02 3.233326e+02
         vertex 1.961100e+02 2.107223e+02 3.233305e+02
      endloop
   endfacet
   facet normal 9.941217e-05 4.472782e-01 8.943949e-01
      outer loop
         vertex 1.957468e+02 2.111696e+02 3.231069e+02
         vertex 1.961100e+02 2.107223e+02 3.233305e+02
         vertex 2.146878e+02 2.632873e+02 2.970413e+02
      endloop
   endfacet
   facet normal 8.882883e-05 4.472812e-01 8.943934e-01
      outer loop
         vertex 2.146878e+02 2.632873e+02 2.970413e+02
         vertex 1.961100e+02 2.107223e+02 3.233305e+02
         vertex 2.152757e+02 2.634580e+02 2.969558e+02
      endloop
   endfacet
   facet normal 5.689989e-01 -5.886225e-01 5.742506e-01
      outer loop
         vertex 1.391598e+02 2.216794e+02 2.309824e+02
         vertex 1.651106e+02 2.385376e+02 2.225491e+02
         vertex 1.155453e+02 2.633013e+02 2.970445e+02
      endloop
   endfacet
   facet normal 5.689988e-01 -5.886227e-01 5.742505e-01
      outer loop
         vertex 1.155453e+02 2.633013e+02 2.970445e+02
         vertex 1.651106e+02 2.385376e+02 2.225491e+02
         vertex 1.651206e+02 2.955065e+02 2.809338e+02
      endloop
   endfacet
   facet normal -5.691270e-01 -5.884617e-01 5.742884e-01
      outer loop
         vertex 1.651106e+02 2.385376e+02 2.225491e+02
         vertex 1.910572e+02 2.216721e+02 2.309807e+02
         vertex 1.651206e+02 2.955065e+02 2.809338e+02
      endloop
   endfacet
   facet normal -5.691270e-01 -5.884617e-01 5.742884e-01
      outer loop
         vertex 1.651206e+02 2.955065e+02 2.809338e+02
         vertex 1.910572e+02 2.216721e+02 2.309807e+02
         vertex 2.146878e+02 2.632873e+02 2.970413e+02
      endloop
   endfacet
   facet normal -9.207064e-01 3.796996e-01 9.015449e-02
      outer loop
         vertex 1.910572e+02 2.216721e+02 2.309807e+02
         vertex 1.811422e+02 1.943905e+02 2.446251e+02
         vertex 2.146878e+02 2.632873e+02 2.970413e+02
      endloop
   endfacet
   facet normal -9.207065e-01 3.796996e-01 9.015452e-02
      outer loop
         vertex 2.146878e+02 2.632873e+02 2.970413e+02
         vertex 1.811422e+02 1.943905e+02 2.446251e+02
         vertex 1.957468e+02 2.111696e+02 3.231069e+02
      endloop
   endfacet
   facet normal 1.311169e-04 9.778954e-01 -2.090946e-01
      outer loop
         vertex 1.811422e+02 1.943905e+02 2.446251e+02
         vertex 1.490679e+02 1.943950e+02 2.446261e+02
         vertex 1.957468e+02 2.111696e+02 3.231069e+02
      endloop
   endfacet
   facet normal 1.314422e-04 9.778954e-01 -2.090948e-01
      outer loop
         vertex 1.957468e+02 2.111696e+02 3.231069e+02
         vertex 1.490679e+02 1.943950e+02 2.446261e+02
         vertex 1.344733e+02 2.111783e+02 3.231090e+02
      endloop
   endfacet
   facet normal 9.208198e-01 3.794393e-01 9.009301e-02
      outer loop
         vertex 1.490679e+02 1.943950e+02 2.446261e+02
         vertex 1.391598e+02 2.216794e+02 2.309824e+02
         vertex 1.344733e+02 2.111783e+02 3.231090e+02
      endloop
   endfacet
   facet normal 9.208198e-01 3.794393e-01 9.009301e-02
      outer loop
         vertex 1.344733e+02 2.111783e+02 3.231090e+02
         vertex 1.391598e+02 2.216794e+02 2.309824e+02
         vertex 1.155453e+02 2.633013e+02 2.970445e+02
      endloop
   endfacet
   facet normal 9.286381e-05 4.472800e-01 8.943940e-01
      outer loop
         vertex 1.910572e+02 2.216721e+02 2.309807e+02
         vertex 1.651106e+02 2.385376e+02 2.225491e+02
         vertex 1.811422e+02 1.943905e+02 2.446251e+02
      endloop
   endfacet
   facet normal 9.304411e-05 4.472800e-01 8.943940e-01
      outer loop
         vertex 1.811422e+02 1.943905e+02 2.446251e+02
         vertex 1.651106e+02 2.385376e+02 2.225491e+02
         vertex 1.391598e+02 2.216794e+02 2.309824e+02
      endloop
   endfacet
   facet normal 9.308815e-05 4.472801e-01 8.943939e-01
      outer loop
         vertex 1.811422e+02 1.943905e+02 2.446251e+02
         vertex 1.391598e+02 2.216794e+02 2.309824e+02
         vertex 1.490679e+02 1.943950e+02 2.446261e+02
      endloop
   endfacet
   facet normal 7.220386e-01 5.884990e-01 3.637709e-01
      outer loop
         vertex 1.086873e+02 2.215811e+02 2.086528e+02
         vertex 1.086898e+02 2.387265e+02 1.809104e+02
         vertex 5.280327e+01 2.634698e+02 2.518090e+02
      endloop
   endfacet
   facet normal 7.220386e-01 5.884988e-01 3.637710e-01
      outer loop
         vertex 5.280327e+01 2.634698e+02 2.518090e+02
         vertex 1.086898e+02 2.387265e+02 1.809104e+02
         vertex 5.280809e+01 2.960647e+02 1.990684e+02
      endloop
   endfacet
   facet normal 3.702115e-01 -3.796011e-01 8.478481e-01
      outer loop
         vertex 9.237748e+01 1.938408e+02 2.033545e+02
         vertex 1.086873e+02 2.215811e+02 2.086528e+02
         vertex 2.179691e+01 2.107332e+02 2.417365e+02
      endloop
   endfacet
   facet normal 3.702115e-01 -3.796011e-01 8.478481e-01
      outer loop
         vertex 2.179691e+01 2.107332e+02 2.417365e+02
         vertex 1.086873e+02 2.215811e+02 2.086528e+02
         vertex 5.280327e+01 2.634698e+02 2.518090e+02
      endloop
   endfacet
   facet normal -1.989136e-01 -9.778858e-01 6.459715e-02
      outer loop
         vertex 8.229998e+01 1.938418e+02 1.723376e+02
         vertex 9.237748e+01 1.938408e+02 2.033545e+02
         vertex 2.638727e+00 2.107350e+02 1.827707e+02
      endloop
   endfacet
   facet normal -1.989136e-01 -9.778858e-01 6.459706e-02
      outer loop
         vertex 2.638727e+00 2.107350e+02 1.827707e+02
         vertex 9.237748e+01 1.938408e+02 2.033545e+02
         vertex 2.179691e+01 2.107332e+02 2.417365e+02
      endloop
   endfacet
   facet normal -1.988253e-01 -3.795462e-01 -9.035559e-01
      outer loop
         vertex 9.238157e+01 2.215827e+02 1.584664e+02
         vertex 8.229998e+01 1.938418e+02 1.723376e+02
         vertex 2.180471e+01 2.634728e+02 1.564004e+02
      endloop
   endfacet
   facet normal -1.988253e-01 -3.795461e-01 -9.035559e-01
      outer loop
         vertex 2.180471e+01 2.634728e+02 1.564004e+02
         vertex 8.229998e+01 1.938418e+02 1.723376e+02
         vertex 2.638727e+00 2.107350e+02 1.827707e+02
      endloop
   endfacet
   facet normal 3.703545e-01 5.885328e-01 -7.186562e-01
      outer loop
         vertex 1.086898e+02 2.387265e+02 1.809104e+02
         vertex 9.238157e+01 2.215827e+02 1.584664e+02
         vertex 5.280809e+01 2.960647e+02 1.990684e+02
      endloop
   endfacet
   facet normal 3.703545e-01 5.885328e-01 -7.186562e-01
      outer loop
         vertex 5.280809e+01 2.960647e+02 1.990684e+02
         vertex 9.238157e+01 2.215827e+02 1.584664e+02
         vertex 2.180471e+01 2.634728e+02 1.564004e+02
      endloop
   endfacet
   facet normal 8.505997e-01 -4.473211e-01 -2.763766e-01
      outer loop
         vertex 9.237748e+01 1.938408e+02 2.033545e+02
         vertex 8.229998e+01 1.938418e+02 1.723376e+02
         vertex 1.086873e+02 2.215811e+02 2.086528e+02
      endloop
   endfacet
   facet normal 8.505996e-01 -4.473213e-01 -2.763765e-01
      outer loop
         vertex 1.086873e+02 2.215811e+02 2.086528e+02
         vertex 8.229998e+01 1.938418e+02 1.723376e+02
         vertex 9.238157e+01 2.215827e+02 1.584664e+02
      endloop
   endfacet
   facet normal 8.505997e-01 -4.473212e-01 -2.763765e-01
      outer loop
         vertex 1.086873e+02 2.215811e+02 2.086528e+02
         vertex 9.238157e+01 2.215827e+02 1.584664e+02
         vertex 1.086898e+02 2.387265e+02 1.809104e+02
      endloop
   endfacet
   facet normal -8.505981e-01 4.473184e-01 2.763857e-01
      outer loop
         vertex 2.189738e+01 2.111804e+02 2.413219e+02
         vertex 2.179691e+01 2.107332e+02 2.417365e+02
         vertex 5.254039e+01 2.632990e+02 2.512764e+02
      endloop
   endfacet
   facet normal -8.506004e-01 4.473222e-01 2.763726e-01
      outer loop
         vertex 5.254039e+01 2.632990e+02 2.512764e+02
         vertex 2.179691e+01 2.107332e+02 2.417365e+02
         vertex 5.280327e+01 2.634698e+02 2.518090e+02
      endloop
   endfacet
   facet normal -8.506019e-01 4.473180e-01 2.763747e-01
      outer loop
         vertex 5.254039e+01 2.632990e+02 2.512764e+02
         vertex 5.280327e+01 2.634698e+02 2.518090e+02
         vertex 5.254515e+01 2.955119e+02 1.991538e+02
      endloop
   endfacet
   facet normal -8.505927e-01 4.473308e-01 2.763824e-01
      outer loop
         vertex 5.254515e+01 2.955119e+02 1.991538e+02
         vertex 5.280327e+01 2.634698e+02 2.518090e+02
         vertex 5.280809e+01 2.960647e+02 1.990684e+02
      endloop
   endfacet
   facet normal -8.505976e-01 4.473308e-01 2.763674e-01
      outer loop
         vertex 5.254515e+01 2.955119e+02 1.991538e+02
         vertex 5.280809e+01 2.960647e+02 1.990684e+02
         vertex 2.190508e+01 2.633019e+02 1.569858e+02
      endloop
   endfacet
   facet normal -8.505991e-01 4.473236e-01 2.763741e-01
      outer loop
         vertex 2.190508e+01 2.633019e+02 1.569858e+02
         vertex 5.280809e+01 2.960647e+02 1.990684e+02
         vertex 2.180471e+01 2.634728e+02 1.564004e+02
      endloop
   endfacet
   facet normal -8.506012e-01 4.473202e-01 2.763734e-01
      outer loop
         vertex 2.190508e+01 2.633019e+02 1.569858e+02
         vertex 2.180471e+01 2.634728e+02 1.564004e+02
         vertex 2.963707e+00 2.111822e+02 1.830471e+02
      endloop
   endfacet
   facet normal -8.505908e-01 4.473270e-01 2.763942e-01
      outer loop
         vertex 2.963707e+00 2.111822e+02 1.830471e+02
         vertex 2.180471e+01 2.634728e+02 1.564004e+02
         vertex 2.638727e+00 2.107350e+02 1.827707e+02
      endloop
   endfacet
   facet normal -8.505908e-01 4.473398e-01 2.763736e-01
      outer loop
         vertex 2.963707e+00 2.111822e+02 1.830471e+02
         vertex 2.638727e+00 2.107350e+02 1.827707e+02
         vertex 2.189738e+01 2.111804e+02 2.413219e+02
      endloop
   endfacet
   facet normal -8.506037e-01 4.473126e-01 2.763780e-01
      outer loop
         vertex 2.189738e+01 2.111804e+02 2.413219e+02
         vertex 2.638727e+00 2.107350e+02 1.827707e+02
         vertex 2.179691e+01 2.107332e+02 2.417365e+02
      endloop
   endfacet
   facet normal 1.988252e-01 3.795461e-01 9.035559e-01
      outer loop
         vertex 8.211561e+01 1.943970e+02 1.726807e+02
         vertex 9.203069e+01 2.216797e+02 1.590386e+02
         vertex 2.963707e+00 2.111822e+02 1.830471e+02
      endloop
   endfacet
   facet normal 1.988252e-01 3.795461e-01 9.035559e-01
      outer loop
         vertex 2.963707e+00 2.111822e+02 1.830471e+02
         vertex 9.203069e+01 2.216797e+02 1.590386e+02
         vertex 2.190508e+01 2.633019e+02 1.569858e+02
      endloop
   endfacet
   facet normal -3.703545e-01 -5.885328e-01 7.186562e-01
      outer loop
         vertex 9.203069e+01 2.216797e+02 1.590386e+02
         vertex 1.080696e+02 2.385404e+02 1.811119e+02
         vertex 2.190508e+01 2.633019e+02 1.569858e+02
      endloop
   endfacet
   facet normal -3.703545e-01 -5.885327e-01 7.186562e-01
      outer loop
         vertex 2.190508e+01 2.633019e+02 1.569858e+02
         vertex 1.080696e+02 2.385404e+02 1.811119e+02
         vertex 5.254515e+01 2.955119e+02 1.991538e+02
      endloop
   endfacet
   facet normal -7.220386e-01 -5.884988e-01 -3.637711e-01
      outer loop
         vertex 1.080696e+02 2.385404e+02 1.811119e+02
         vertex 1.080671e+02 2.216781e+02 2.083961e+02
         vertex 5.254515e+01 2.955119e+02 1.991538e+02
      endloop
   endfacet
   facet normal -7.220386e-01 -5.884988e-01 -3.637711e-01
      outer loop
         vertex 5.254515e+01 2.955119e+02 1.991538e+02
         vertex 1.080671e+02 2.216781e+02 2.083961e+02
         vertex 5.254039e+01 2.632990e+02 2.512764e+02
      endloop
   endfacet
   facet normal -3.702114e-01 3.796011e-01 -8.478481e-01
      outer loop
         vertex 1.080671e+02 2.216781e+02 2.083961e+02
         vertex 9.202666e+01 1.943960e+02 2.031853e+02
         vertex 5.254039e+01 2.632990e+02 2.512764e+02
      endloop
   endfacet
   facet normal -3.702116e-01 3.796011e-01 -8.478481e-01
      outer loop
         vertex 5.254039e+01 2.632990e+02 2.512764e+02
         vertex 9.202666e+01 1.943960e+02 2.031853e+02
         vertex 2.189738e+01 2.111804e+02 2.413219e+02
      endloop
   endfacet
   facet normal 1.989136e-01 9.778858e-01 -6.459710e-02
      outer loop
         vertex 9.202666e+01 1.943960e+02 2.031853e+02
         vertex 8.211561e+01 1.943970e+02 1.726807e+02
         vertex 2.189738e+01 2.111804e+02 2.413219e+02
      endloop
   endfacet
   facet normal 1.989136e-01 9.778858e-01 -6.459714e-02
      outer loop
         vertex 2.189738e+01 2.111804e+02 2.413219e+02
         vertex 8.211561e+01 1.943970e+02 1.726807e+02
         vertex 2.963707e+00 2.111822e+02 1.830471e+02
      endloop
   endfacet
   facet normal -8.505997e-01 4.473212e-01 2.763765e-01
      outer loop
         vertex 9.202666e+01 1.943960e+02 2.031853e+02
         vertex 1.080671e+02 2.216781e+02 2.083961e+02
         vertex 8.211561e+01 1.943970e+02 1.726807e+02
      endloop
   endfacet
   facet normal -8.505997e-01 4.473211e-01 2.763766e-01
      outer loop
         vertex 8.211561e+01 1.943970e+02 1.726807e+02
         vertex 1.080671e+02 2.216781e+02 2.083961e+02
         vertex 1.080696e+02 2.385404e+02 1.811119e+02
      endloop
   endfacet
   facet normal -8.505997e-01 4.473211e-01 2.763766e-01
      outer loop
         vertex 8.211561e+01 1.943970e+02 1.726807e+02
         vertex 1.080696e+02 2.385404e+02 1.811119e+02
         vertex 9.203069e+01 2.216797e+02 1.590386e+02
      endloop
   endfacet
   facet normal 8.057797e-01 -5.257235e-01 2.726423e-01
      outer loop
         vertex 1.973383e+02 1.923273e+02 8.783323e+01
         vertex 1.812184e+02 1.649025e+02 8.259258e+01
         vertex 2.329053e+02 2.070068e+02 1.102242e+01
      endloop
   endfacet
   facet normal 8.057797e-01 -5.257235e-01 2.726423e-01
      outer loop
         vertex 2.329053e+02 2.070068e+02 1.102242e+01
         vertex 1.812184e+02 1.649025e+02 8.259258e+01
         vertex 1.990012e+02 1.493255e+02 0.000000e+00
      endloop
   endfacet
   facet normal 8.057703e-01 3.881552e-01 4.472916e-01
      outer loop
         vertex 1.812179e+02 2.197516e+02 9.307466e+01
         vertex 1.973383e+02 1.923273e+02 8.783323e+01
         vertex 1.990001e+02 2.646871e+02 2.204648e+01
      endloop
   endfacet
   facet normal 8.057703e-01 3.881552e-01 4.472916e-01
      outer loop
         vertex 1.990001e+02 2.646871e+02 2.204648e+01
         vertex 1.973383e+02 1.923273e+02 8.783323e+01
         vertex 2.329053e+02 2.070068e+02 1.102242e+01
      endloop
   endfacet
   facet normal 4.740799e-07 8.450827e-01 5.346356e-01
      outer loop
         vertex 1.489776e+02 2.197512e+02 9.307544e+01
         vertex 1.812179e+02 2.197516e+02 9.307466e+01
         vertex 1.311907e+02 2.646861e+02 2.204812e+01
      endloop
   endfacet
   facet normal 2.954118e-07 8.450827e-01 5.346357e-01
      outer loop
         vertex 1.311907e+02 2.646861e+02 2.204812e+01
         vertex 1.812179e+02 2.197516e+02 9.307466e+01
         vertex 1.990001e+02 2.646871e+02 2.204648e+01
      endloop
   endfacet
   facet normal -8.057603e-01 3.881312e-01 4.473305e-01
      outer loop
         vertex 1.328578e+02 1.923264e+02 8.783478e+01
         vertex 1.489776e+02 2.197512e+02 9.307544e+01
         vertex 9.728654e+01 2.070048e+02 1.102570e+01
      endloop
   endfacet
   facet normal -8.057603e-01 3.881312e-01 4.473305e-01
      outer loop
         vertex 9.728654e+01 2.070048e+02 1.102570e+01
         vertex 1.489776e+02 2.197512e+02 9.307544e+01
         vertex 1.311907e+02 2.646861e+02 2.204812e+01
      endloop
   endfacet
   facet normal -8.057509e-01 -5.257475e-01 2.726813e-01
      outer loop
         vertex 1.489782e+02 1.649021e+02 8.259335e+01
         vertex 1.328578e+02 1.923264e+02 8.783478e+01
         vertex 1.311918e+02 1.493245e+02 1.639128e-03
      endloop
   endfacet
   facet normal -8.057508e-01 -5.257476e-01 2.726813e-01
      outer loop
         vertex 1.311918e+02 1.493245e+02 1.639128e-03
         vertex 1.328578e+02 1.923264e+02 8.783478e+01
         vertex 9.728654e+01 2.070048e+02 1.102570e+01
      endloop
   endfacet
   facet normal 1.898827e-05 -9.826750e-01 1.853371e-01
      outer loop
         vertex 1.812184e+02 1.649025e+02 8.259258e+01
         vertex 1.489782e+02 1.649021e+02 8.259335e+01
         vertex 1.990012e+02 1.493255e+02 0.000000e+00
      endloop
   endfacet
   facet normal 1.916423e-05 -9.826750e-01 1.853372e-01
      outer loop
         vertex 1.990012e+02 1.493255e+02 0.000000e+00
         vertex 1.489782e+02 1.649021e+02 8.259335e+01
         vertex 1.311918e+02 1.493245e+02 1.639128e-03
      endloop
   endfacet
   facet normal 2.638300e-05 -1.877106e-01 9.822244e-01
      outer loop
         vertex 1.489782e+02 1.649021e+02 8.259335e+01
         vertex 1.812184e+02 1.649025e+02 8.259258e+01
         vertex 1.328578e+02 1.923264e+02 8.783478e+01
      endloop
   endfacet
   facet normal 2.649649e-05 -1.877104e-01 9.822244e-01
      outer loop
         vertex 1.328578e+02 1.923264e+02 8.783478e+01
         vertex 1.812184e+02 1.649025e+02 8.259258e+01
         vertex 1.973383e+02 1.923273e+02 8.783323e+01
      endloop
   endfacet
   facet normal 2.649649e-05 -1.877107e-01 9.822244e-01
      outer loop
         vertex 1.328578e+02 1.923264e+02 8.783478e+01
         vertex 1.973383e+02 1.923273e+02 8.783323e+01
         vertex 1.489776e+02 2.197512e+02 9.307544e+01
      endloop
   endfacet
   facet normal 2.660999e-05 -1.877105e-01 9.822244e-01
      outer loop
         vertex 1.489776e+02 2.197512e+02 9.307544e+01
         vertex 1.973383e+02 1.923273e+02 8.783323e+01
         vertex 1.812179e+02 2.197516e+02 9.307466e+01
      endloop
   endfacet
   facet normal -3.019581e-05 1.877126e-01 -9.822240e-01
      outer loop
         vertex 2.323280e+02 2.070068e+02 1.102243e+01
         vertex 2.329053e+02 2.070068e+02 1.102242e+01
         vertex 1.987126e+02 1.498166e+02 9.386241e-02
      endloop
   endfacet
   facet normal -2.534913e-05 1.877098e-01 -9.822245e-01
      outer loop
         vertex 1.987126e+02 1.498166e+02 9.386241e-02
         vertex 2.329053e+02 2.070068e+02 1.102242e+01
         vertex 1.990012e+02 1.493255e+02 0.000000e+00
      endloop
   endfacet
   facet normal -2.655812e-05 1.877092e-01 -9.822247e-01
      outer loop
         vertex 1.987126e+02 1.498166e+02 9.386241e-02
         vertex 1.990012e+02 1.493255e+02 0.000000e+00
         vertex 1.314805e+02 1.498156e+02 9.548664e-02
      endloop
   endfacet
   facet normal -2.654786e-05 1.877105e-01 -9.822244e-01
      outer loop
         vertex 1.314805e+02 1.498156e+02 9.548664e-02
         vertex 1.990012e+02 1.493255e+02 0.000000e+00
         vertex 1.311918e+02 1.493245e+02 1.639128e-03
      endloop
   endfacet
   facet normal -2.651808e-05 1.877105e-01 -9.822244e-01
      outer loop
         vertex 1.314805e+02 1.498156e+02 9.548664e-02
         vertex 1.311918e+02 1.493245e+02 1.639128e-03
         vertex 9.786390e+01 2.070048e+02 1.102568e+01
      endloop
   endfacet
   facet normal -3.019533e-05 1.877085e-01 -9.822248e-01
      outer loop
         vertex 9.786390e+01 2.070048e+02 1.102568e+01
         vertex 1.311918e+02 1.493245e+02 1.639128e-03
         vertex 9.728654e+01 2.070048e+02 1.102570e+01
      endloop
   endfacet
   facet normal -3.019542e-05 1.877126e-01 -9.822240e-01
      outer loop
         vertex 9.786390e+01 2.070048e+02 1.102568e+01
         vertex 9.728654e+01 2.070048e+02 1.102570e+01
         vertex 1.314793e+02 2.641950e+02 2.195425e+01
      endloop
   endfacet
   facet normal -2.534913e-05 1.877098e-01 -9.822245e-01
      outer loop
         vertex 1.314793e+02 2.641950e+02 2.195425e+01
         vertex 9.728654e+01 2.070048e+02 1.102570e+01
         vertex 1.311907e+02 2.646861e+02 2.204812e+01
      endloop
   endfacet
   facet normal -2.651652e-05 1.877092e-01 -9.822246e-01
      outer loop
         vertex 1.314793e+02 2.641950e+02 2.195425e+01
         vertex 1.311907e+02 2.646861e+02 2.204812e+01
         vertex 1.987114e+02 2.641960e+02 2.195263e+01
      endloop
   endfacet
   facet normal -2.654780e-05 1.877050e-01 -9.822254e-01
      outer loop
         vertex 1.987114e+02 2.641960e+02 2.195263e+01
         vertex 1.311907e+02 2.646861e+02 2.204812e+01
         vertex 1.990001e+02 2.646871e+02 2.204648e+01
      endloop
   endfacet
   facet normal -3.140431e-05 1.877078e-01 -9.822249e-01
      outer loop
         vertex 1.987114e+02 2.641960e+02 2.195263e+01
         vertex 1.990001e+02 2.646871e+02 2.204648e+01
         vertex 2.323280e+02 2.070068e+02 1.102243e+01
      endloop
   endfacet
   facet normal -3.019572e-05 1.877085e-01 -9.822248e-01
      outer loop
         vertex 2.323280e+02 2.070068e+02 1.102243e+01
         vertex 1.990001e+02 2.646871e+02 2.204648e+01
         vertex 2.329053e+02 2.070068e+02 1.102242e+01
      endloop
   endfacet
   facet normal -8.057702e-01 -3.881554e-01 -4.472916e-01
      outer loop
         vertex 1.969428e+02 1.924024e+02 8.744035e+01
         vertex 1.810201e+02 2.194904e+02 9.261750e+01
         vertex 2.323280e+02 2.070068e+02 1.102243e+01
      endloop
   endfacet
   facet normal -8.057702e-01 -3.881553e-01 -4.472916e-01
      outer loop
         vertex 2.323280e+02 2.070068e+02 1.102243e+01
         vertex 1.810201e+02 2.194904e+02 9.261750e+01
         vertex 1.987114e+02 2.641960e+02 2.195263e+01
      endloop
   endfacet
   facet normal -6.252381e-07 -8.450826e-01 -5.346357e-01
      outer loop
         vertex 1.810201e+02 2.194904e+02 9.261750e+01
         vertex 1.491753e+02 2.194899e+02 9.261826e+01
         vertex 1.987114e+02 2.641960e+02 2.195263e+01
      endloop
   endfacet
   facet normal -3.667522e-07 -8.450827e-01 -5.346356e-01
      outer loop
         vertex 1.987114e+02 2.641960e+02 2.195263e+01
         vertex 1.491753e+02 2.194899e+02 9.261826e+01
         vertex 1.314793e+02 2.641950e+02 2.195425e+01
      endloop
   endfacet
   facet normal 8.057603e-01 -3.881311e-01 -4.473304e-01
      outer loop
         vertex 1.491753e+02 2.194899e+02 9.261826e+01
         vertex 1.332532e+02 1.924015e+02 8.744188e+01
         vertex 1.314793e+02 2.641950e+02 2.195425e+01
      endloop
   endfacet
   facet normal 8.057602e-01 -3.881312e-01 -4.473305e-01
      outer loop
         vertex 1.314793e+02 2.641950e+02 2.195425e+01
         vertex 1.332532e+02 1.924015e+02 8.744188e+01
         vertex 9.786390e+01 2.070048e+02 1.102568e+01
      endloop
   endfacet
   facet normal 8.057509e-01 5.257475e-01 -2.726813e-01
      outer loop
         vertex 1.332532e+02 1.924015e+02 8.744188e+01
         vertex 1.491759e+02 1.653135e+02 8.226474e+01
         vertex 9.786390e+01 2.070048e+02 1.102568e+01
      endloop
   endfacet
   facet normal 8.057509e-01 5.257475e-01 -2.726813e-01
      outer loop
         vertex 9.786390e+01 2.070048e+02 1.102568e+01
         vertex 1.491759e+02 1.653135e+02 8.226474e+01
         vertex 1.314805e+02 1.498156e+02 9.548664e-02
      endloop
   endfacet
   facet normal -1.918068e-05 9.826750e-01 -1.853373e-01
      outer loop
         vertex 1.491759e+02 1.653135e+02 8.226474e+01
         vertex 1.810207e+02 1.653140e+02 8.226397e+01
         vertex 1.314805e+02 1.498156e+02 9.548664e-02
      endloop
   endfacet
   facet normal -1.928773e-05 9.826750e-01 -1.853372e-01
      outer loop
         vertex 1.314805e+02 1.498156e+02 9.548664e-02
         vertex 1.810207e+02 1.653140e+02 8.226397e+01
         vertex 1.987126e+02 1.498166e+02 9.386241e-02
      endloop
   endfacet
   facet normal -8.057797e-01 5.257235e-01 -2.726423e-01
      outer loop
         vertex 1.810207e+02 1.653140e+02 8.226397e+01
         vertex 1.969428e+02 1.924024e+02 8.744035e+01
         vertex 1.987126e+02 1.498166e+02 9.386241e-02
      endloop
   endfacet
   facet normal -8.057796e-01 5.257236e-01 -2.726424e-01
      outer loop
         vertex 1.987126e+02 1.498166e+02 9.386241e-02
         vertex 1.969428e+02 1.924024e+02 8.744035e+01
         vertex 2.323280e+02 2.070068e+02 1.102243e+01
      endloop
   endfacet
   facet normal -2.648079e-05 1.877106e-01 -9.822244e-01
      outer loop
         vertex 1.332532e+02 1.924015e+02 8.744188e+01
         vertex 1.491753e+02 2.194899e+02 9.261826e+01
         vertex 1.491759e+02 1.653135e+02 8.226474e+01
      endloop
   endfacet
   facet normal -2.639295e-05 1.877106e-01 -9.822244e-01
      outer loop
         vertex 1.491759e+02 1.653135e+02 8.226474e+01
         vertex 1.491753e+02 2.194899e+02 9.261826e+01
         vertex 1.810201e+02 2.194904e+02 9.261750e+01
      endloop
   endfacet
   facet normal -2.648079e-05 1.877106e-01 -9.822244e-01
      outer loop
         vertex 1.491759e+02 1.653135e+02 8.226474e+01
         vertex 1.810201e+02 2.194904e+02 9.261750e+01
         vertex 1.810207e+02 1.653140e+02 8.226397e+01
      endloop
   endfacet
   facet normal -2.656862e-05 1.877106e-01 -9.822244e-01
      outer loop
         vertex 1.810207e+02 1.653140e+02 8.226397e+01
         vertex 1.810201e+02 2.194904e+02 9.261750e+01
         vertex 1.969428e+02 1.924024e+02 8.744035e+01
      endloop
   endfacet
   facet normal 5.082979e-01 -5.257235e-01 -6.820909e-01
      outer loop
         vertex 1.039732e+02 1.923273e+02 1.088221e+02
         vertex 9.400771e+01 1.649025e+02 1.225335e+02
         vertex 4.191259e+01 2.070068e+02 5.125991e+01
      endloop
   endfacet
   facet normal 5.082979e-01 -5.257235e-01 -6.820909e-01
      outer loop
         vertex 4.191259e+01 2.070068e+02 5.125991e+01
         vertex 9.400771e+01 1.649025e+02 1.225335e+02
         vertex 2.095270e+01 1.493255e+02 8.009851e+01
      endloop
   endfacet
   facet normal 6.743963e-01 3.881552e-01 -6.281124e-01
      outer loop
         vertex 1.039766e+02 2.197516e+02 1.257732e+02
         vertex 1.039732e+02 1.923273e+02 1.088221e+02
         vertex 4.191978e+01 2.646871e+02 8.691238e+01
      endloop
   endfacet
   facet normal 6.743963e-01 3.881552e-01 -6.281124e-01
      outer loop
         vertex 4.191978e+01 2.646871e+02 8.691238e+01
         vertex 1.039732e+02 1.923273e+02 1.088221e+02
         vertex 4.191259e+01 2.070068e+02 5.125991e+01
      endloop
   endfacet
   facet normal 5.084688e-01 8.450827e-01 1.652111e-01
      outer loop
         vertex 9.401455e+01 2.197512e+02 1.564357e+02
         vertex 1.039766e+02 2.197516e+02 1.257732e+02
         vertex 2.096708e+01 2.646861e+02 1.514035e+02
      endloop
   endfacet
   facet normal 5.084689e-01 8.450826e-01 1.652113e-01
      outer loop
         vertex 2.096708e+01 2.646861e+02 1.514035e+02
         vertex 1.039766e+02 2.197516e+02 1.257732e+02
         vertex 4.191978e+01 2.646871e+02 8.691238e+01
      endloop
   endfacet
   facet normal 1.764430e-01 3.881312e-01 9.045563e-01
      outer loop
         vertex 8.404909e+01 1.923264e+02 1.701471e+02
         vertex 9.401455e+01 2.197512e+02 1.564357e+02
         vertex 7.182360e-03 2.070048e+02 1.802421e+02
      endloop
   endfacet
   facet normal 1.764430e-01 3.881312e-01 9.045563e-01
      outer loop
         vertex 7.182360e-03 2.070048e+02 1.802421e+02
         vertex 9.401455e+01 2.197512e+02 1.564357e+02
         vertex 2.096708e+01 2.646861e+02 1.514035e+02
      endloop
   endfacet
   facet normal 1.034460e-02 -5.257475e-01 8.505778e-01
      outer loop
         vertex 8.404567e+01 1.649021e+02 1.531960e+02
         vertex 8.404909e+01 1.923264e+02 1.701471e+02
         vertex 0.000000e+00 1.493245e+02 1.445896e+02
      endloop
   endfacet
   facet normal 1.034464e-02 -5.257476e-01 8.505777e-01
      outer loop
         vertex 0.000000e+00 1.493245e+02 1.445896e+02
         vertex 8.404909e+01 1.923264e+02 1.701471e+02
         vertex 7.182360e-03 2.070048e+02 1.802421e+02
      endloop
   endfacet
   facet normal 1.762720e-01 -9.826750e-01 5.725423e-02
      outer loop
         vertex 9.400771e+01 1.649025e+02 1.225335e+02
         vertex 8.404567e+01 1.649021e+02 1.531960e+02
         vertex 2.095270e+01 1.493255e+02 8.009851e+01
      endloop
   endfacet
   facet normal 1.762721e-01 -9.826750e-01 5.725413e-02
      outer loop
         vertex 2.095270e+01 1.493255e+02 8.009851e+01
         vertex 8.404567e+01 1.649021e+02 1.531960e+02
         vertex 0.000000e+00 1.493245e+02 1.445896e+02
      endloop
   endfacet
   facet normal 9.341591e-01 -1.877105e-01 3.034987e-01
      outer loop
         vertex 8.404909e+01 1.923264e+02 1.701471e+02
         vertex 8.404567e+01 1.649021e+02 1.531960e+02
         vertex 9.401455e+01 2.197512e+02 1.564357e+02
      endloop
   endfacet
   facet normal 9.341591e-01 -1.877105e-01 3.034987e-01
      outer loop
         vertex 9.401455e+01 2.197512e+02 1.564357e+02
         vertex 8.404567e+01 1.649021e+02 1.531960e+02
         vertex 9.400771e+01 1.649025e+02 1.225335e+02
      endloop
   endfacet
   facet normal 9.341591e-01 -1.877106e-01 3.034988e-01
      outer loop
         vertex 9.401455e+01 2.197512e+02 1.564357e+02
         vertex 9.400771e+01 1.649025e+02 1.225335e+02
         vertex 1.039766e+02 2.197516e+02 1.257732e+02
      endloop
   endfacet
   facet normal 9.341591e-01 -1.877106e-01 3.034989e-01
      outer loop
         vertex 1.039766e+02 2.197516e+02 1.257732e+02
         vertex 9.400771e+01 1.649025e+02 1.225335e+02
         vertex 1.039732e+02 1.923273e+02 1.088221e+02
      endloop
   endfacet
   facet normal -9.341594e-01 1.877114e-01 -3.034972e-01
      outer loop
         vertex 4.173419e+01 2.070068e+02 5.180900e+01
         vertex 4.191259e+01 2.070068e+02 5.125991e+01
         vertex 2.095276e+01 1.498166e+02 8.040207e+01
      endloop
   endfacet
   facet normal -9.341586e-01 1.877090e-01 -3.035013e-01
      outer loop
         vertex 2.095276e+01 1.498166e+02 8.040207e+01
         vertex 4.191259e+01 2.070068e+02 5.125991e+01
         vertex 2.095270e+01 1.493255e+02 8.009851e+01
      endloop
   endfacet
   facet normal -9.341596e-01 1.877076e-01 -3.034990e-01
      outer loop
         vertex 2.095276e+01 1.498166e+02 8.040207e+01
         vertex 2.095270e+01 1.493255e+02 8.009851e+01
         vertex 1.784563e-01 1.498156e+02 1.443440e+02
      endloop
   endfacet
   facet normal -9.341598e-01 1.877068e-01 -3.034990e-01
      outer loop
         vertex 1.784563e-01 1.498156e+02 1.443440e+02
         vertex 2.095270e+01 1.493255e+02 8.009851e+01
         vertex 0.000000e+00 1.493245e+02 1.445896e+02
      endloop
   endfacet
   facet normal -9.341604e-01 1.877086e-01 -3.034959e-01
      outer loop
         vertex 1.784563e-01 1.498156e+02 1.443440e+02
         vertex 0.000000e+00 1.493245e+02 1.445896e+02
         vertex 1.855791e-01 2.070048e+02 1.796930e+02
      endloop
   endfacet
   facet normal -9.341606e-01 1.877084e-01 -3.034955e-01
      outer loop
         vertex 1.855791e-01 2.070048e+02 1.796930e+02
         vertex 0.000000e+00 1.493245e+02 1.445896e+02
         vertex 7.182360e-03 2.070048e+02 1.802421e+02
      endloop
   endfacet
   facet normal -9.341598e-01 1.877128e-01 -3.034953e-01
      outer loop
         vertex 1.855791e-01 2.070048e+02 1.796930e+02
         vertex 7.182360e-03 2.070048e+02 1.802421e+02
         vertex 2.096702e+01 2.641950e+02 1.510999e+02
      endloop
   endfacet
   facet normal -9.341582e-01 1.877083e-01 -3.035029e-01
      outer loop
         vertex 2.096702e+01 2.641950e+02 1.510999e+02
         vertex 7.182360e-03 2.070048e+02 1.802421e+02
         vertex 2.096708e+01 2.646861e+02 1.514035e+02
      endloop
   endfacet
   facet normal -9.341600e-01 1.877059e-01 -3.034990e-01
      outer loop
         vertex 2.096702e+01 2.641950e+02 1.510999e+02
         vertex 2.096708e+01 2.646861e+02 1.514035e+02
         vertex 4.174132e+01 2.641960e+02 8.715792e+01
      endloop
   endfacet
   facet normal -9.341583e-01 1.877150e-01 -3.034986e-01
      outer loop
         vertex 4.174132e+01 2.641960e+02 8.715792e+01
         vertex 2.096708e+01 2.646861e+02 1.514035e+02
         vertex 4.191978e+01 2.646871e+02 8.691238e+01
      endloop
   endfacet
   facet normal -9.341575e-01 1.877128e-01 -3.035023e-01
      outer loop
         vertex 4.174132e+01 2.641960e+02 8.715792e+01
         vertex 4.191978e+01 2.646871e+02 8.691238e+01
         vertex 4.173419e+01 2.070068e+02 5.180900e+01
      endloop
   endfacet
   facet normal -9.341597e-01 1.877098e-01 -3.034973e-01
      outer loop
         vertex 4.173419e+01 2.070068e+02 5.180900e+01
         vertex 4.191978e+01 2.646871e+02 8.691238e+01
         vertex 4.191259e+01 2.070068e+02 5.125991e+01
      endloop
   endfacet
   facet normal -6.743963e-01 -3.881553e-01 6.281123e-01
      outer loop
         vertex 1.034773e+02 1.924024e+02 1.090767e+02
         vertex 1.034807e+02 2.194904e+02 1.258199e+02
         vertex 4.173419e+01 2.070068e+02 5.180900e+01
      endloop
   endfacet
   facet normal -6.743963e-01 -3.881553e-01 6.281123e-01
      outer loop
         vertex 4.173419e+01 2.070068e+02 5.180900e+01
         vertex 1.034807e+02 2.194904e+02 1.258199e+02
         vertex 4.174132e+01 2.641960e+02 8.715792e+01
      endloop
   endfacet
   facet normal -5.084690e-01 -8.450826e-01 -1.652109e-01
      outer loop
         vertex 1.034807e+02 2.194904e+02 1.258199e+02
         vertex 9.364084e+01 2.194899e+02 1.561064e+02
         vertex 4.174132e+01 2.641960e+02 8.715792e+01
      endloop
   endfacet
   facet normal -5.084688e-01 -8.450827e-01 -1.652111e-01
      outer loop
         vertex 4.174132e+01 2.641960e+02 8.715792e+01
         vertex 9.364084e+01 2.194899e+02 1.561064e+02
         vertex 2.096702e+01 2.641950e+02 1.510999e+02
      endloop
   endfacet
   facet normal -1.764429e-01 -3.881312e-01 -9.045563e-01
      outer loop
         vertex 9.364084e+01 2.194899e+02 1.561064e+02
         vertex 8.379760e+01 1.924015e+02 1.696497e+02
         vertex 2.096702e+01 2.641950e+02 1.510999e+02
      endloop
   endfacet
   facet normal -1.764430e-01 -3.881312e-01 -9.045563e-01
      outer loop
         vertex 2.096702e+01 2.641950e+02 1.510999e+02
         vertex 8.379760e+01 1.924015e+02 1.696497e+02
         vertex 1.855791e-01 2.070048e+02 1.796930e+02
      endloop
   endfacet
   facet normal -1.034459e-02 5.257475e-01 -8.505777e-01
      outer loop
         vertex 8.379760e+01 1.924015e+02 1.696497e+02
         vertex 8.379423e+01 1.653135e+02 1.529065e+02
         vertex 1.855791e-01 2.070048e+02 1.796930e+02
      endloop
   endfacet
   facet normal -1.034461e-02 5.257475e-01 -8.505778e-01
      outer loop
         vertex 1.855791e-01 2.070048e+02 1.796930e+02
         vertex 8.379423e+01 1.653135e+02 1.529065e+02
         vertex 1.784563e-01 1.498156e+02 1.443440e+02
      endloop
   endfacet
   facet normal -1.762721e-01 9.826750e-01 -5.725411e-02
      outer loop
         vertex 8.379423e+01 1.653135e+02 1.529065e+02
         vertex 9.363409e+01 1.653140e+02 1.226200e+02
         vertex 1.784563e-01 1.498156e+02 1.443440e+02
      endloop
   endfacet
   facet normal -1.762721e-01 9.826750e-01 -5.725401e-02
      outer loop
         vertex 1.784563e-01 1.498156e+02 1.443440e+02
         vertex 9.363409e+01 1.653140e+02 1.226200e+02
         vertex 2.095276e+01 1.498166e+02 8.040207e+01
      endloop
   endfacet
   facet normal -5.082979e-01 5.257234e-01 6.820910e-01
      outer loop
         vertex 9.363409e+01 1.653140e+02 1.226200e+02
         vertex 1.034773e+02 1.924024e+02 1.090767e+02
         vertex 2.095276e+01 1.498166e+02 8.040207e+01
      endloop
   endfacet
   facet normal -5.082979e-01 5.257236e-01 6.820908e-01
      outer loop
         vertex 2.095276e+01 1.498166e+02 8.040207e+01
         vertex 1.034773e+02 1.924024e+02 1.090767e+02
         vertex 4.173419e+01 2.070068e+02 5.180900e+01
      endloop
   endfacet
   facet normal -9.341591e-01 1.877104e-01 -3.034988e-01
      outer loop
         vertex 9.363409e+01 1.653140e+02 1.226200e+02
         vertex 8.379423e+01 1.653135e+02 1.529065e+02
         vertex 1.034773e+02 1.924024e+02 1.090767e+02
      endloop
   endfacet
   facet normal -9.341591e-01 1.877105e-01 -3.034988e-01
      outer loop
         vertex 1.034773e+02 1.924024e+02 1.090767e+02
         vertex 8.379423e+01 1.653135e+02 1.529065e+02
         vertex 8.379760e+01 1.924015e+02 1.696497e+02
      endloop
   endfacet
   facet normal -9.341591e-01 1.877107e-01 -3.034988e-01
      outer loop
         vertex 1.034773e+02 1.924024e+02 1.090767e+02
         vertex 8.379760e+01 1.924015e+02 1.696497e+02
         vertex 1.034807e+02 2.194904e+02 1.258199e+02
      endloop
   endfacet
   facet normal -9.341591e-01 1.877105e-01 -3.034989e-01
      outer loop
         vertex 1.034807e+02 2.194904e+02 1.258199e+02
         vertex 8.379760e+01 1.924015e+02 1.696497e+02
         vertex 9.364084e+01 2.194899e+02 1.561064e+02
      endloop
   endfacet
   facet normal -4.916343e-01 -5.257235e-01 -6.941977e-01
      outer loop
         vertex 9.508333e+01 1.923273e+02 2.041034e+02
         vertex 1.050442e+02 1.649025e+02 2.178182e+02
         vertex 2.116069e+01 2.070068e+02 2.453389e+02
      endloop
   endfacet
   facet normal -4.916343e-01 -5.257235e-01 -6.941977e-01
      outer loop
         vertex 2.116069e+01 2.070068e+02 2.453389e+02
         vertex 1.050442e+02 1.649025e+02 2.178182e+02
         vertex 4.211088e+01 1.493255e+02 2.741845e+02
      endloop
   endfacet
   facet normal -3.889705e-01 3.881552e-01 -8.354864e-01
      outer loop
         vertex 1.112058e+02 2.197516e+02 2.093384e+02
         vertex 9.508333e+01 1.923273e+02 2.041034e+02
         vertex 5.507044e+01 2.646871e+02 2.563493e+02
      endloop
   endfacet
   facet normal -3.889704e-01 3.881553e-01 -8.354864e-01
      outer loop
         vertex 5.507044e+01 2.646871e+02 2.563493e+02
         vertex 9.508333e+01 1.923273e+02 2.041034e+02
         vertex 2.116069e+01 2.070068e+02 2.453389e+02
      endloop
   endfacet
   facet normal 3.142506e-01 8.450827e-01 -4.325296e-01
      outer loop
         vertex 1.372892e+02 2.197512e+02 2.282881e+02
         vertex 1.112058e+02 2.197516e+02 2.093384e+02
         vertex 1.099304e+02 2.646861e+02 2.962053e+02
      endloop
   endfacet
   facet normal 3.142507e-01 8.450826e-01 -4.325295e-01
      outer loop
         vertex 1.099304e+02 2.646861e+02 2.962053e+02
         vertex 1.112058e+02 2.197516e+02 2.093384e+02
         vertex 5.507044e+01 2.646871e+02 2.563493e+02
      endloop
   endfacet
   facet normal 9.148080e-01 3.881312e-01 1.117160e-01
      outer loop
         vertex 1.472501e+02 1.923264e+02 2.420029e+02
         vertex 1.372892e+02 2.197512e+02 2.282881e+02
         vertex 1.308805e+02 2.070048e+02 3.250510e+02
      endloop
   endfacet
   facet normal 9.148080e-01 3.881312e-01 1.117160e-01
      outer loop
         vertex 1.308805e+02 2.070048e+02 3.250510e+02
         vertex 1.372892e+02 2.197512e+02 2.282881e+02
         vertex 1.099304e+02 2.646861e+02 2.962053e+02
      endloop
   endfacet
   facet normal 8.121442e-01 -5.257475e-01 2.530047e-01
      outer loop
         vertex 1.311275e+02 1.649021e+02 2.367679e+02
         vertex 1.472501e+02 1.923264e+02 2.420029e+02
         vertex 9.697080e+01 1.493245e+02 3.140406e+02
      endloop
   endfacet
   facet normal 8.121442e-01 -5.257476e-01 2.530046e-01
      outer loop
         vertex 9.697080e+01 1.493245e+02 3.140406e+02
         vertex 1.472501e+02 1.923264e+02 2.420029e+02
         vertex 1.308805e+02 2.070048e+02 3.250510e+02
      endloop
   endfacet
   facet normal 1.089230e-01 -9.826750e-01 -1.499520e-01
      outer loop
         vertex 1.050442e+02 1.649025e+02 2.178182e+02
         vertex 1.311275e+02 1.649021e+02 2.367679e+02
         vertex 4.211088e+01 1.493255e+02 2.741845e+02
      endloop
   endfacet
   facet normal 1.089230e-01 -9.826750e-01 -1.499522e-01
      outer loop
         vertex 4.211088e+01 1.493255e+02 2.741845e+02
         vertex 1.311275e+02 1.649021e+02 2.367679e+02
         vertex 9.697080e+01 1.493245e+02 3.140406e+02
      endloop
   endfacet
   facet normal 5.773156e-01 -1.877106e-01 -7.946518e-01
      outer loop
         vertex 1.311275e+02 1.649021e+02 2.367679e+02
         vertex 1.050442e+02 1.649025e+02 2.178182e+02
         vertex 1.472501e+02 1.923264e+02 2.420029e+02
      endloop
   endfacet
   facet normal 5.773155e-01 -1.877105e-01 -7.946518e-01
      outer loop
         vertex 1.472501e+02 1.923264e+02 2.420029e+02
         vertex 1.050442e+02 1.649025e+02 2.178182e+02
         vertex 9.508333e+01 1.923273e+02 2.041034e+02
      endloop
   endfacet
   facet normal 5.773156e-01 -1.877105e-01 -7.946518e-01
      outer loop
         vertex 1.472501e+02 1.923264e+02 2.420029e+02
         vertex 9.508333e+01 1.923273e+02 2.041034e+02
         vertex 1.372892e+02 2.197512e+02 2.282881e+02
      endloop
   endfacet
   facet normal 5.773156e-01 -1.877106e-01 -7.946518e-01
      outer loop
         vertex 1.372892e+02 2.197512e+02 2.282881e+02
         vertex 9.508333e+01 1.923273e+02 2.041034e+02
         vertex 1.112058e+02 2.197516e+02 2.093384e+02
      endloop
   endfacet
   facet normal -5.772999e-01 1.877208e-01 7.946607e-01
      outer loop
         vertex 2.162780e+01 2.070068e+02 2.456782e+02
         vertex 2.116069e+01 2.070068e+02 2.453389e+02
         vertex 4.239959e+01 1.498166e+02 2.742783e+02
      endloop
   endfacet
   facet normal -5.773142e-01 1.877114e-01 7.946526e-01
      outer loop
         vertex 4.239959e+01 1.498166e+02 2.742783e+02
         vertex 2.116069e+01 2.070068e+02 2.453389e+02
         vertex 4.211088e+01 1.493255e+02 2.741845e+02
      endloop
   endfacet
   facet normal -5.773154e-01 1.877123e-01 7.946515e-01
      outer loop
         vertex 4.239959e+01 1.498166e+02 2.742783e+02
         vertex 4.211088e+01 1.493255e+02 2.741845e+02
         vertex 9.679242e+01 1.498156e+02 3.137950e+02
      endloop
   endfacet
   facet normal -5.773152e-01 1.877144e-01 7.946512e-01
      outer loop
         vertex 9.679242e+01 1.498156e+02 3.137950e+02
         vertex 4.211088e+01 1.493255e+02 2.741845e+02
         vertex 9.697080e+01 1.493245e+02 3.140406e+02
      endloop
   endfacet
   facet normal -5.773179e-01 1.877126e-01 7.946496e-01
      outer loop
         vertex 9.679242e+01 1.498156e+02 3.137950e+02
         vertex 9.697080e+01 1.493245e+02 3.140406e+02
         vertex 1.304134e+02 2.070048e+02 3.247116e+02
      endloop
   endfacet
   facet normal -5.773258e-01 1.877185e-01 7.946425e-01
      outer loop
         vertex 1.304134e+02 2.070048e+02 3.247116e+02
         vertex 9.697080e+01 1.493245e+02 3.140406e+02
         vertex 1.308805e+02 2.070048e+02 3.250510e+02
      endloop
   endfacet
   facet normal -5.773276e-01 1.877027e-01 7.946449e-01
      outer loop
         vertex 1.304134e+02 2.070048e+02 3.247116e+02
         vertex 1.308805e+02 2.070048e+02 3.250510e+02
         vertex 1.096416e+02 2.641950e+02 2.961116e+02
      endloop
   endfacet
   facet normal -5.773143e-01 1.877115e-01 7.946525e-01
      outer loop
         vertex 1.096416e+02 2.641950e+02 2.961116e+02
         vertex 1.308805e+02 2.070048e+02 3.250510e+02
         vertex 1.099304e+02 2.646861e+02 2.962053e+02
      endloop
   endfacet
   facet normal -5.773154e-01 1.877123e-01 7.946516e-01
      outer loop
         vertex 1.096416e+02 2.641950e+02 2.961116e+02
         vertex 1.099304e+02 2.646861e+02 2.962053e+02
         vertex 5.524881e+01 2.641960e+02 2.565949e+02
      endloop
   endfacet
   facet normal -5.773157e-01 1.877089e-01 7.946521e-01
      outer loop
         vertex 5.524881e+01 2.641960e+02 2.565949e+02
         vertex 1.099304e+02 2.646861e+02 2.962053e+02
         vertex 5.507044e+01 2.646871e+02 2.563493e+02
      endloop
   endfacet
   facet normal -5.773145e-01 1.877097e-01 7.946528e-01
      outer loop
         vertex 5.524881e+01 2.641960e+02 2.565949e+02
         vertex 5.507044e+01 2.646871e+02 2.563493e+02
         vertex 2.162780e+01 2.070068e+02 2.456782e+02
      endloop
   endfacet
   facet normal -5.773022e-01 1.877005e-01 7.946639e-01
      outer loop
         vertex 2.162780e+01 2.070068e+02 2.456782e+02
         vertex 5.507044e+01 2.646871e+02 2.563493e+02
         vertex 2.116069e+01 2.070068e+02 2.453389e+02
      endloop
   endfacet
   facet normal 3.889704e-01 -3.881555e-01 8.354863e-01
      outer loop
         vertex 9.517231e+01 1.924024e+02 2.046537e+02
         vertex 1.110971e+02 2.194904e+02 2.098244e+02
         vertex 2.162780e+01 2.070068e+02 2.456782e+02
      endloop
   endfacet
   facet normal 3.889704e-01 -3.881552e-01 8.354864e-01
      outer loop
         vertex 2.162780e+01 2.070068e+02 2.456782e+02
         vertex 1.110971e+02 2.194904e+02 2.098244e+02
         vertex 5.524881e+01 2.641960e+02 2.565949e+02
      endloop
   endfacet
   facet normal -3.142505e-01 -8.450826e-01 4.325298e-01
      outer loop
         vertex 1.110971e+02 2.194904e+02 2.098244e+02
         vertex 1.368605e+02 2.194899e+02 2.285417e+02
         vertex 5.524881e+01 2.641960e+02 2.565949e+02
      endloop
   endfacet
   facet normal -3.142506e-01 -8.450827e-01 4.325295e-01
      outer loop
         vertex 5.524881e+01 2.641960e+02 2.565949e+02
         vertex 1.368605e+02 2.194899e+02 2.285417e+02
         vertex 1.096416e+02 2.641950e+02 2.961116e+02
      endloop
   endfacet
   facet normal -9.148080e-01 -3.881312e-01 -1.117161e-01
      outer loop
         vertex 1.368605e+02 2.194899e+02 2.285417e+02
         vertex 1.466992e+02 1.924015e+02 2.420883e+02
         vertex 1.096416e+02 2.641950e+02 2.961116e+02
      endloop
   endfacet
   facet normal -9.148080e-01 -3.881312e-01 -1.117160e-01
      outer loop
         vertex 1.096416e+02 2.641950e+02 2.961116e+02
         vertex 1.466992e+02 1.924015e+02 2.420883e+02
         vertex 1.304134e+02 2.070048e+02 3.247116e+02
      endloop
   endfacet
   facet normal -8.121442e-01 5.257475e-01 -2.530047e-01
      outer loop
         vertex 1.466992e+02 1.924015e+02 2.420883e+02
         vertex 1.307744e+02 1.653135e+02 2.369176e+02
         vertex 1.304134e+02 2.070048e+02 3.247116e+02
      endloop
   endfacet
   facet normal -8.121442e-01 5.257474e-01 -2.530047e-01
      outer loop
         vertex 1.304134e+02 2.070048e+02 3.247116e+02
         vertex 1.307744e+02 1.653135e+02 2.369176e+02
         vertex 9.679242e+01 1.498156e+02 3.137950e+02
      endloop
   endfacet
   facet normal -1.089230e-01 9.826750e-01 1.499523e-01
      outer loop
         vertex 1.307744e+02 1.653135e+02 2.369176e+02
         vertex 1.050110e+02 1.653140e+02 2.182003e+02
         vertex 9.679242e+01 1.498156e+02 3.137950e+02
      endloop
   endfacet
   facet normal -1.089229e-01 9.826750e-01 1.499523e-01
      outer loop
         vertex 9.679242e+01 1.498156e+02 3.137950e+02
         vertex 1.050110e+02 1.653140e+02 2.182003e+02
         vertex 4.239959e+01 1.498166e+02 2.742783e+02
      endloop
   endfacet
   facet normal 4.916343e-01 5.257235e-01 6.941977e-01
      outer loop
         vertex 1.050110e+02 1.653140e+02 2.182003e+02
         vertex 9.517231e+01 1.924024e+02 2.046537e+02
         vertex 4.239959e+01 1.498166e+02 2.742783e+02
      endloop
   endfacet
   facet normal 4.916343e-01 5.257235e-01 6.941977e-01
      outer loop
         vertex 4.239959e+01 1.498166e+02 2.742783e+02
         vertex 9.517231e+01 1.924024e+02 2.046537e+02
         vertex 2.162780e+01 2.070068e+02 2.456782e+02
      endloop
   endfacet
   facet normal -5.773156e-01 1.877106e-01 7.946518e-01
      outer loop
         vertex 1.050110e+02 1.653140e+02 2.182003e+02
         vertex 1.307744e+02 1.653135e+02 2.369176e+02
         vertex 9.517231e+01 1.924024e+02 2.046537e+02
      endloop
   endfacet
   facet normal -5.773155e-01 1.877107e-01 7.946518e-01
      outer loop
         vertex 9.517231e+01 1.924024e+02 2.046537e+02
         vertex 1.307744e+02 1.653135e+02 2.369176e+02
         vertex 1.466992e+02 1.924015e+02 2.420883e+02
      endloop
   endfacet
   facet normal -5.773155e-01 1.877106e-01 7.946518e-01
      outer loop
         vertex 9.517231e+01 1.924024e+02 2.046537e+02
         vertex 1.466992e+02 1.924015e+02 2.420883e+02
         vertex 1.110971e+02 2.194904e+02 2.098244e+02
      endloop
   endfacet
   facet normal -5.773156e-01 1.877104e-01 7.946518e-01
      outer loop
         vertex 1.110971e+02 2.194904e+02 2.098244e+02
         vertex 1.466992e+02 1.924015e+02 2.420883e+02
         vertex 1.368605e+02 2.194899e+02 2.285417e+02
      endloop
   endfacet
   facet normal -8.121447e-01 -5.257235e-01 2.530531e-01
      outer loop
         vertex 1.829542e+02 1.923273e+02 2.420017e+02
         vertex 1.990758e+02 1.649025e+02 2.367665e+02
         vertex 1.993281e+02 2.070068e+02 3.250488e+02
      endloop
   endfacet
   facet normal -8.121447e-01 -5.257235e-01 2.530531e-01
      outer loop
         vertex 1.993281e+02 2.070068e+02 3.250488e+02
         vertex 1.990758e+02 1.649025e+02 2.367665e+02
         vertex 2.332359e+02 1.493255e+02 3.140378e+02
      endloop
   endfacet
   facet normal -9.147933e-01 3.881552e-01 1.117534e-01
      outer loop
         vertex 1.929150e+02 2.197516e+02 2.282860e+02
         vertex 1.829542e+02 1.923273e+02 2.420017e+02
         vertex 2.202783e+02 2.646871e+02 2.962011e+02
      endloop
   endfacet
   facet normal -9.147933e-01 3.881552e-01 1.117533e-01
      outer loop
         vertex 2.202783e+02 2.646871e+02 2.962011e+02
         vertex 1.829542e+02 1.923273e+02 2.420017e+02
         vertex 1.993281e+02 2.070068e+02 3.250488e+02
      endloop
   endfacet
   facet normal -3.142513e-01 8.450827e-01 -4.325291e-01
      outer loop
         vertex 2.189975e+02 2.197512e+02 2.093350e+02
         vertex 1.929150e+02 2.197516e+02 2.282860e+02
         vertex 2.751363e+02 2.646861e+02 2.563424e+02
      endloop
   endfacet
   facet normal -3.142512e-01 8.450826e-01 -4.325292e-01
      outer loop
         vertex 2.751363e+02 2.646861e+02 2.563424e+02
         vertex 1.929150e+02 2.197516e+02 2.282860e+02
         vertex 2.202783e+02 2.646871e+02 2.962011e+02
      endloop
   endfacet
   facet normal 3.889394e-01 3.881312e-01 -8.355120e-01
      outer loop
         vertex 2.351191e+02 1.923264e+02 2.040998e+02
         vertex 2.189975e+02 2.197512e+02 2.093350e+02
         vertex 3.090441e+02 2.070048e+02 2.453314e+02
      endloop
   endfacet
   facet normal 3.889394e-01 3.881313e-01 -8.355120e-01
      outer loop
         vertex 3.090441e+02 2.070048e+02 2.453314e+02
         vertex 2.189975e+02 2.197512e+02 2.093350e+02
         vertex 2.751363e+02 2.646861e+02 2.563424e+02
      endloop
   endfacet
   facet normal 4.915881e-01 -5.257475e-01 -6.942123e-01
      outer loop
         vertex 2.251582e+02 1.649021e+02 2.178156e+02
         vertex 2.351191e+02 1.923264e+02 2.040998e+02
         vertex 2.880939e+02 1.493245e+02 2.741791e+02
      endloop
   endfacet
   facet normal 4.915880e-01 -5.257476e-01 -6.942123e-01
      outer loop
         vertex 2.880939e+02 1.493245e+02 2.741791e+02
         vertex 2.351191e+02 1.923264e+02 2.040998e+02
         vertex 3.090441e+02 2.070048e+02 2.453314e+02
      endloop
   endfacet
   facet normal -1.089538e-01 -9.826750e-01 -1.499297e-01
      outer loop
         vertex 1.990758e+02 1.649025e+02 2.367665e+02
         vertex 2.251582e+02 1.649021e+02 2.178156e+02
         vertex 2.332359e+02 1.493255e+02 3.140378e+02
      endloop
   endfacet
   facet normal -1.089540e-01 -9.826750e-01 -1.499297e-01
      outer loop
         vertex 2.332359e+02 1.493255e+02 3.140378e+02
         vertex 2.251582e+02 1.649021e+02 2.178156e+02
         vertex 2.880939e+02 1.493245e+02 2.741791e+02
      endloop
   endfacet
   facet normal -5.773584e-01 -1.877107e-01 -7.946207e-01
      outer loop
         vertex 2.251582e+02 1.649021e+02 2.178156e+02
         vertex 1.990758e+02 1.649025e+02 2.367665e+02
         vertex 2.351191e+02 1.923264e+02 2.040998e+02
      endloop
   endfacet
   facet normal -5.773585e-01 -1.877105e-01 -7.946206e-01
      outer loop
         vertex 2.351191e+02 1.923264e+02 2.040998e+02
         vertex 1.990758e+02 1.649025e+02 2.367665e+02
         vertex 1.829542e+02 1.923273e+02 2.420017e+02
      endloop
   endfacet
   facet normal -5.773585e-01 -1.877106e-01 -7.946206e-01
      outer loop
         vertex 2.351191e+02 1.923264e+02 2.040998e+02
         vertex 1.829542e+02 1.923273e+02 2.420017e+02
         vertex 2.189975e+02 2.197512e+02 2.093350e+02
      endloop
   endfacet
   facet normal -5.773584e-01 -1.877106e-01 -7.946206e-01
      outer loop
         vertex 2.189975e+02 2.197512e+02 2.093350e+02
         vertex 1.829542e+02 1.923273e+02 2.420017e+02
         vertex 1.929150e+02 2.197516e+02 2.282860e+02
      endloop
   endfacet
   facet normal 5.773571e-01 1.877224e-01 7.946188e-01
      outer loop
         vertex 2.334143e+02 1.498166e+02 3.137922e+02
         vertex 2.332359e+02 1.493255e+02 3.140378e+02
         vertex 2.878052e+02 1.498156e+02 2.742729e+02
      endloop
   endfacet
   facet normal 5.773581e-01 1.877139e-01 7.946201e-01
      outer loop
         vertex 2.878052e+02 1.498156e+02 2.742729e+02
         vertex 2.332359e+02 1.493255e+02 3.140378e+02
         vertex 2.880939e+02 1.493245e+02 2.741791e+02
      endloop
   endfacet
   facet normal 5.773559e-01 1.877121e-01 7.946221e-01
      outer loop
         vertex 2.878052e+02 1.498156e+02 2.742729e+02
         vertex 2.880939e+02 1.493245e+02 2.741791e+02
         vertex 3.085770e+02 2.070048e+02 2.456708e+02
      endloop
   endfacet
   facet normal 5.773668e-01 1.877051e-01 7.946158e-01
      outer loop
         vertex 3.085770e+02 2.070048e+02 2.456708e+02
         vertex 2.880939e+02 1.493245e+02 2.741791e+02
         vertex 3.090441e+02 2.070048e+02 2.453314e+02
      endloop
   endfacet
   facet normal 5.773656e-01 1.877161e-01 7.946141e-01
      outer loop
         vertex 3.085770e+02 2.070048e+02 2.456708e+02
         vertex 3.090441e+02 2.070048e+02 2.453314e+02
         vertex 2.749579e+02 2.641950e+02 2.565880e+02
      endloop
   endfacet
   facet normal 5.773510e-01 1.877048e-01 7.946274e-01
      outer loop
         vertex 2.749579e+02 2.641950e+02 2.565880e+02
         vertex 3.090441e+02 2.070048e+02 2.453314e+02
         vertex 2.751363e+02 2.646861e+02 2.563424e+02
      endloop
   endfacet
   facet normal 5.773598e-01 1.876991e-01 7.946224e-01
      outer loop
         vertex 2.749579e+02 2.641950e+02 2.565880e+02
         vertex 2.751363e+02 2.646861e+02 2.563424e+02
         vertex 2.205670e+02 2.641960e+02 2.961074e+02
      endloop
   endfacet
   facet normal 5.773573e-01 1.877199e-01 7.946193e-01
      outer loop
         vertex 2.205670e+02 2.641960e+02 2.961074e+02
         vertex 2.751363e+02 2.646861e+02 2.563424e+02
         vertex 2.202783e+02 2.646871e+02 2.962011e+02
      endloop
   endfacet
   facet normal 5.773512e-01 1.877152e-01 7.946248e-01
      outer loop
         vertex 2.205670e+02 2.641960e+02 2.961074e+02
         vertex 2.202783e+02 2.646871e+02 2.962011e+02
         vertex 1.997952e+02 2.070068e+02 3.247094e+02
      endloop
   endfacet
   facet normal 5.773668e-01 1.877053e-01 7.946158e-01
      outer loop
         vertex 1.997952e+02 2.070068e+02 3.247094e+02
         vertex 2.202783e+02 2.646871e+02 2.962011e+02
         vertex 1.993281e+02 2.070068e+02 3.250488e+02
      endloop
   endfacet
   facet normal 5.773656e-01 1.877160e-01 7.946142e-01
      outer loop
         vertex 1.997952e+02 2.070068e+02 3.247094e+02
         vertex 1.993281e+02 2.070068e+02 3.250488e+02
         vertex 2.334143e+02 1.498166e+02 3.137922e+02
      endloop
   endfacet
   facet normal 5.773662e-01 1.877165e-01 7.946136e-01
      outer loop
         vertex 2.334143e+02 1.498166e+02 3.137922e+02
         vertex 1.993281e+02 2.070068e+02 3.250488e+02
         vertex 2.332359e+02 1.493255e+02 3.140378e+02
      endloop
   endfacet
   facet normal 9.147932e-01 -3.881554e-01 -1.117534e-01
      outer loop
         vertex 1.835050e+02 1.924024e+02 2.420872e+02
         vertex 1.933437e+02 2.194904e+02 2.285396e+02
         vertex 1.997952e+02 2.070068e+02 3.247094e+02
      endloop
   endfacet
   facet normal 9.147932e-01 -3.881553e-01 -1.117534e-01
      outer loop
         vertex 1.997952e+02 2.070068e+02 3.247094e+02
         vertex 1.933437e+02 2.194904e+02 2.285396e+02
         vertex 2.205670e+02 2.641960e+02 2.961074e+02
      endloop
   endfacet
   facet normal 3.142515e-01 -8.450826e-01 4.325290e-01
      outer loop
         vertex 1.933437e+02 2.194904e+02 2.285396e+02
         vertex 2.191063e+02 2.194899e+02 2.098211e+02
         vertex 2.205670e+02 2.641960e+02 2.961074e+02
      endloop
   endfacet
   facet normal 3.142512e-01 -8.450827e-01 4.325291e-01
      outer loop
         vertex 2.205670e+02 2.641960e+02 2.961074e+02
         vertex 2.191063e+02 2.194899e+02 2.098211e+02
         vertex 2.749579e+02 2.641950e+02 2.565880e+02
      endloop
   endfacet
   facet normal -3.889396e-01 -3.881312e-01 8.355120e-01
      outer loop
         vertex 2.191063e+02 2.194899e+02 2.098211e+02
         vertex 2.350301e+02 1.924015e+02 2.046501e+02
         vertex 2.749579e+02 2.641950e+02 2.565880e+02
      endloop
   endfacet
   facet normal -3.889394e-01 -3.881313e-01 8.355120e-01
      outer loop
         vertex 2.749579e+02 2.641950e+02 2.565880e+02
         vertex 2.350301e+02 1.924015e+02 2.046501e+02
         vertex 3.085770e+02 2.070048e+02 2.456708e+02
      endloop
   endfacet
   facet normal -4.915881e-01 5.257476e-01 6.942123e-01
      outer loop
         vertex 2.350301e+02 1.924015e+02 2.046501e+02
         vertex 2.251915e+02 1.653135e+02 2.181976e+02
         vertex 3.085770e+02 2.070048e+02 2.456708e+02
      endloop
   endfacet
   facet normal -4.915881e-01 5.257475e-01 6.942123e-01
      outer loop
         vertex 3.085770e+02 2.070048e+02 2.456708e+02
         vertex 2.251915e+02 1.653135e+02 2.181976e+02
         vertex 2.878052e+02 1.498156e+02 2.742729e+02
      endloop
   endfacet
   facet normal 1.089540e-01 9.826750e-01 1.499297e-01
      outer loop
         vertex 2.251915e+02 1.653135e+02 2.181976e+02
         vertex 1.994289e+02 1.653140e+02 2.369161e+02
         vertex 2.878052e+02 1.498156e+02 2.742729e+02
      endloop
   endfacet
   facet normal 1.089541e-01 9.826750e-01 1.499296e-01
      outer loop
         vertex 2.878052e+02 1.498156e+02 2.742729e+02
         vertex 1.994289e+02 1.653140e+02 2.369161e+02
         vertex 2.334143e+02 1.498166e+02 3.137922e+02
      endloop
   endfacet
   facet normal 8.121446e-01 5.257235e-01 -2.530532e-01
      outer loop
         vertex 1.994289e+02 1.653140e+02 2.369161e+02
         vertex 1.835050e+02 1.924024e+02 2.420872e+02
         vertex 2.334143e+02 1.498166e+02 3.137922e+02
      endloop
   endfacet
   facet normal 8.121446e-01 5.257236e-01 -2.530531e-01
      outer loop
         vertex 2.334143e+02 1.498166e+02 3.137922e+02
         vertex 1.835050e+02 1.924024e+02 2.420872e+02
         vertex 1.997952e+02 2.070068e+02 3.247094e+02
      endloop
   endfacet
   facet normal 5.773584e-01 1.877106e-01 7.946206e-01
      outer loop
         vertex 2.350301e+02 1.924015e+02 2.046501e+02
         vertex 2.191063e+02 2.194899e+02 2.098211e+02
         vertex 2.251915e+02 1.653135e+02 2.181976e+02
      endloop
   endfacet
   facet normal 5.773584e-01 1.877106e-01 7.946207e-01
      outer loop
         vertex 2.251915e+02 1.653135e+02 2.181976e+02
         vertex 2.191063e+02 2.194899e+02 2.098211e+02
         vertex 1.933437e+02 2.194904e+02 2.285396e+02
      endloop
   endfacet
   facet normal 5.773584e-01 1.877106e-01 7.946206e-01
      outer loop
         vertex 2.251915e+02 1.653135e+02 2.181976e+02
         vertex 1.933437e+02 2.194904e+02 2.285396e+02
         vertex 1.994289e+02 1.653140e+02 2.369161e+02
      endloop
   endfacet
   facet normal 5.773585e-01 1.877106e-01 7.946206e-01
      outer loop
         vertex 1.994289e+02 1.653140e+02 2.369161e+02
         vertex 1.933437e+02 2.194904e+02 2.285396e+02
         vertex 1.835050e+02 1.924024e+02 2.420872e+02
      endloop
   endfacet
   facet normal -3.140942e-01 -8.451715e-01 4.324696e-01
      outer loop
         vertex 2.190013e+02 1.363459e+02 1.158193e+02
         vertex 1.929178e+02 1.363431e+02 9.686988e+01
         vertex 2.751444e+02 9.142409e+01 6.880460e+01
      endloop
   endfacet
   facet normal -3.140942e-01 -8.451715e-01 4.324696e-01
      outer loop
         vertex 2.751444e+02 9.142409e+01 6.880460e+01
         vertex 1.929178e+02 1.363431e+02 9.686988e+01
         vertex 2.202841e+02 9.141817e+01 2.894907e+01
      endloop
   endfacet
   facet normal 3.890482e-01 -3.881471e-01 8.354540e-01
      outer loop
         vertex 2.351189e+02 1.637728e+02 1.210562e+02
         vertex 2.190013e+02 1.363459e+02 1.158193e+02
         vertex 3.090438e+02 1.491097e+02 7.981895e+01
      endloop
   endfacet
   facet normal 3.890482e-01 -3.881471e-01 8.354540e-01
      outer loop
         vertex 3.090438e+02 1.491097e+02 7.981895e+01
         vertex 2.190013e+02 1.363459e+02 1.158193e+02
         vertex 2.751444e+02 9.142409e+01 6.880460e+01
      endloop
   endfacet
   facet normal 4.915457e-01 5.257608e-01 6.942323e-01
      outer loop
         vertex 2.251530e+02 1.911968e+02 1.073435e+02
         vertex 2.351189e+02 1.637728e+02 1.210562e+02
         vertex 2.880830e+02 2.067894e+02 5.097777e+01
      endloop
   endfacet
   facet normal 4.915459e-01 5.257606e-01 6.942323e-01
      outer loop
         vertex 2.880830e+02 2.067894e+02 5.097777e+01
         vertex 2.351189e+02 1.637728e+02 1.210562e+02
         vertex 3.090438e+02 1.491097e+02 7.981895e+01
      endloop
   endfacet
   facet normal -1.090989e-01 9.826442e-01 1.500263e-01
      outer loop
         vertex 1.990695e+02 1.911940e+02 8.839405e+01
         vertex 2.251530e+02 1.911968e+02 1.073435e+02
         vertex 2.332227e+02 2.067834e+02 1.112224e+01
      endloop
   endfacet
   facet normal -1.090990e-01 9.826442e-01 1.500263e-01
      outer loop
         vertex 2.332227e+02 2.067834e+02 1.112224e+01
         vertex 2.251530e+02 1.911968e+02 1.073435e+02
         vertex 2.880830e+02 2.067894e+02 5.097777e+01
      endloop
   endfacet
   facet normal -8.122412e-01 5.256200e-01 -2.529581e-01
      outer loop
         vertex 1.829519e+02 1.637672e+02 8.315723e+01
         vertex 1.990695e+02 1.911940e+02 8.839405e+01
         vertex 1.993233e+02 1.490978e+02 1.078844e-01
      endloop
   endfacet
   facet normal -8.122413e-01 5.256199e-01 -2.529581e-01
      outer loop
         vertex 1.993233e+02 1.490978e+02 1.078844e-01
         vertex 1.990695e+02 1.911940e+02 8.839405e+01
         vertex 2.332227e+02 2.067834e+02 1.112224e+01
      endloop
   endfacet
   facet normal -9.147390e-01 -3.882879e-01 -1.117364e-01
      outer loop
         vertex 1.929178e+02 1.363431e+02 9.686988e+01
         vertex 1.829519e+02 1.637672e+02 8.315723e+01
         vertex 2.202841e+02 9.141817e+01 2.894907e+01
      endloop
   endfacet
   facet normal -9.147390e-01 -3.882879e-01 -1.117364e-01
      outer loop
         vertex 2.202841e+02 9.141817e+01 2.894907e+01
         vertex 1.829519e+02 1.637672e+02 8.315723e+01
         vertex 1.993233e+02 1.490978e+02 1.078844e-01
      endloop
   endfacet
   facet normal -5.773420e-01 1.875473e-01 7.946711e-01
      outer loop
         vertex 1.990695e+02 1.911940e+02 8.839405e+01
         vertex 1.829519e+02 1.637672e+02 8.315723e+01
         vertex 2.251530e+02 1.911968e+02 1.073435e+02
      endloop
   endfacet
   facet normal -5.773421e-01 1.875474e-01 7.946711e-01
      outer loop
         vertex 2.251530e+02 1.911968e+02 1.073435e+02
         vertex 1.829519e+02 1.637672e+02 8.315723e+01
         vertex 1.929178e+02 1.363431e+02 9.686988e+01
      endloop
   endfacet
   facet normal -5.773421e-01 1.875474e-01 7.946711e-01
      outer loop
         vertex 2.251530e+02 1.911968e+02 1.073435e+02
         vertex 1.929178e+02 1.363431e+02 9.686988e+01
         vertex 2.351189e+02 1.637728e+02 1.210562e+02
      endloop
   endfacet
   facet normal -5.773420e-01 1.875473e-01 7.946711e-01
      outer loop
         vertex 2.351189e+02 1.637728e+02 1.210562e+02
         vertex 1.929178e+02 1.363431e+02 9.686988e+01
         vertex 2.190013e+02 1.363459e+02 1.158193e+02
      endloop
   endfacet
   facet normal 5.773436e-01 -1.875345e-01 -7.946730e-01
      outer loop
         vertex 2.334012e+02 2.062923e+02 1.136780e+01
         vertex 2.332227e+02 2.067834e+02 1.112224e+01
         vertex 2.877944e+02 2.062982e+02 5.088399e+01
      endloop
   endfacet
   facet normal 5.773417e-01 -1.875504e-01 -7.946706e-01
      outer loop
         vertex 2.877944e+02 2.062982e+02 5.088399e+01
         vertex 2.332227e+02 2.067834e+02 1.112224e+01
         vertex 2.880830e+02 2.067894e+02 5.097777e+01
      endloop
   endfacet
   facet normal 5.773396e-01 -1.875488e-01 -7.946725e-01
      outer loop
         vertex 2.877944e+02 2.062982e+02 5.088399e+01
         vertex 2.880830e+02 2.067894e+02 5.097777e+01
         vertex 3.085767e+02 1.491096e+02 7.947960e+01
      endloop
   endfacet
   facet normal 5.773475e-01 -1.875437e-01 -7.946680e-01
      outer loop
         vertex 3.085767e+02 1.491096e+02 7.947960e+01
         vertex 2.880830e+02 2.067894e+02 5.097777e+01
         vertex 3.090438e+02 1.491097e+02 7.981895e+01
      endloop
   endfacet
   facet normal 5.773467e-01 -1.875511e-01 -7.946668e-01
      outer loop
         vertex 3.085767e+02 1.491096e+02 7.947960e+01
         vertex 3.090438e+02 1.491097e+02 7.981895e+01
         vertex 2.749659e+02 9.191520e+01 6.855904e+01
      endloop
   endfacet
   facet normal 5.773394e-01 -1.875454e-01 -7.946735e-01
      outer loop
         vertex 2.749659e+02 9.191520e+01 6.855904e+01
         vertex 3.090438e+02 1.491097e+02 7.981895e+01
         vertex 2.751444e+02 9.142409e+01 6.880460e+01
      endloop
   endfacet
   facet normal 5.773426e-01 -1.875433e-01 -7.946717e-01
      outer loop
         vertex 2.749659e+02 9.191520e+01 6.855904e+01
         vertex 2.751444e+02 9.142409e+01 6.880460e+01
         vertex 2.205727e+02 9.190932e+01 2.904284e+01
      endloop
   endfacet
   facet normal 5.773405e-01 -1.875606e-01 -7.946691e-01
      outer loop
         vertex 2.205727e+02 9.190932e+01 2.904284e+01
         vertex 2.751444e+02 9.142409e+01 6.880460e+01
         vertex 2.202841e+02 9.141817e+01 2.894907e+01
      endloop
   endfacet
   facet normal 5.773319e-01 -1.875539e-01 -7.946769e-01
      outer loop
         vertex 2.205727e+02 9.190932e+01 2.904284e+01
         vertex 2.202841e+02 9.141817e+01 2.894907e+01
         vertex 1.997904e+02 1.490979e+02 4.472286e-01
      endloop
   endfacet
   facet normal 5.773410e-01 -1.875481e-01 -7.946717e-01
      outer loop
         vertex 1.997904e+02 1.490979e+02 4.472286e-01
         vertex 2.202841e+02 9.141817e+01 2.894907e+01
         vertex 1.993233e+02 1.490978e+02 1.078844e-01
      endloop
   endfacet
   facet normal 5.773412e-01 -1.875467e-01 -7.946719e-01
      outer loop
         vertex 1.997904e+02 1.490979e+02 4.472286e-01
         vertex 1.993233e+02 1.490978e+02 1.078844e-01
         vertex 2.334012e+02 2.062923e+02 1.136780e+01
      endloop
   endfacet
   facet normal 5.773336e-01 -1.875409e-01 -7.946787e-01
      outer loop
         vertex 2.334012e+02 2.062923e+02 1.136780e+01
         vertex 1.993233e+02 1.490978e+02 1.078844e-01
         vertex 2.332227e+02 2.067834e+02 1.112224e+01
      endloop
   endfacet
   facet normal -3.890483e-01 3.881471e-01 -8.354539e-01
      outer loop
         vertex 2.191100e+02 1.366073e+02 1.153333e+02
         vertex 2.350300e+02 1.636977e+02 1.205059e+02
         vertex 2.749659e+02 9.191520e+01 6.855904e+01
      endloop
   endfacet
   facet normal -3.890482e-01 3.881471e-01 -8.354540e-01
      outer loop
         vertex 2.749659e+02 9.191520e+01 6.855904e+01
         vertex 2.350300e+02 1.636977e+02 1.205059e+02
         vertex 3.085767e+02 1.491096e+02 7.947960e+01
      endloop
   endfacet
   facet normal -4.915458e-01 -5.257606e-01 -6.942323e-01
      outer loop
         vertex 2.350300e+02 1.636977e+02 1.205059e+02
         vertex 2.251863e+02 1.907854e+02 1.069614e+02
         vertex 3.085767e+02 1.491096e+02 7.947960e+01
      endloop
   endfacet
   facet normal -4.915458e-01 -5.257607e-01 -6.942322e-01
      outer loop
         vertex 3.085767e+02 1.491096e+02 7.947960e+01
         vertex 2.251863e+02 1.907854e+02 1.069614e+02
         vertex 2.877944e+02 2.062982e+02 5.088399e+01
      endloop
   endfacet
   facet normal 1.090990e-01 -9.826442e-01 -1.500261e-01
      outer loop
         vertex 2.251863e+02 1.907854e+02 1.069614e+02
         vertex 1.994226e+02 1.907826e+02 8.824436e+01
         vertex 2.877944e+02 2.062982e+02 5.088399e+01
      endloop
   endfacet
   facet normal 1.090989e-01 -9.826442e-01 -1.500263e-01
      outer loop
         vertex 2.877944e+02 2.062982e+02 5.088399e+01
         vertex 1.994226e+02 1.907826e+02 8.824436e+01
         vertex 2.334012e+02 2.062923e+02 1.136780e+01
      endloop
   endfacet
   facet normal 8.122414e-01 -5.256198e-01 2.529581e-01
      outer loop
         vertex 1.994226e+02 1.907826e+02 8.824436e+01
         vertex 1.835027e+02 1.636922e+02 8.307177e+01
         vertex 2.334012e+02 2.062923e+02 1.136780e+01
      endloop
   endfacet
   facet normal 8.122414e-01 -5.256198e-01 2.529581e-01
      outer loop
         vertex 2.334012e+02 2.062923e+02 1.136780e+01
         vertex 1.835027e+02 1.636922e+02 8.307177e+01
         vertex 1.997904e+02 1.490979e+02 4.472286e-01
      endloop
   endfacet
   facet normal 9.147389e-01 3.882881e-01 1.117364e-01
      outer loop
         vertex 1.835027e+02 1.636922e+02 8.307177e+01
         vertex 1.933464e+02 1.366045e+02 9.661624e+01
         vertex 1.997904e+02 1.490979e+02 4.472286e-01
      endloop
   endfacet
   facet normal 9.147390e-01 3.882879e-01 1.117364e-01
      outer loop
         vertex 1.997904e+02 1.490979e+02 4.472286e-01
         vertex 1.933464e+02 1.366045e+02 9.661624e+01
         vertex 2.205727e+02 9.190932e+01 2.904284e+01
      endloop
   endfacet
   facet normal 3.140943e-01 8.451715e-01 -4.324696e-01
      outer loop
         vertex 1.933464e+02 1.366045e+02 9.661624e+01
         vertex 2.191100e+02 1.366073e+02 1.153333e+02
         vertex 2.205727e+02 9.190932e+01 2.904284e+01
      endloop
   endfacet
   facet normal 3.140942e-01 8.451715e-01 -4.324696e-01
      outer loop
         vertex 2.205727e+02 9.190932e+01 2.904284e+01
         vertex 2.191100e+02 1.366073e+02 1.153333e+02
         vertex 2.749659e+02 9.191520e+01 6.855904e+01
      endloop
   endfacet
   facet normal 5.773420e-01 -1.875474e-01 -7.946711e-01
      outer loop
         vertex 1.933464e+02 1.366045e+02 9.661624e+01
         vertex 1.835027e+02 1.636922e+02 8.307177e+01
         vertex 2.191100e+02 1.366073e+02 1.153333e+02
      endloop
   endfacet
   facet normal 5.773420e-01 -1.875474e-01 -7.946711e-01
      outer loop
         vertex 2.191100e+02 1.366073e+02 1.153333e+02
         vertex 1.835027e+02 1.636922e+02 8.307177e+01
         vertex 1.994226e+02 1.907826e+02 8.824436e+01
      endloop
   endfacet
   facet normal 5.773421e-01 -1.875474e-01 -7.946711e-01
      outer loop
         vertex 2.191100e+02 1.366073e+02 1.153333e+02
         vertex 1.994226e+02 1.907826e+02 8.824436e+01
         vertex 2.350300e+02 1.636977e+02 1.205059e+02
      endloop
   endfacet
   facet normal 5.773420e-01 -1.875474e-01 -7.946711e-01
      outer loop
         vertex 2.350300e+02 1.636977e+02 1.205059e+02
         vertex 1.994226e+02 1.907826e+02 8.824436e+01
         vertex 2.251863e+02 1.907854e+02 1.069614e+02
      endloop
   endfacet
   facet normal -8.056868e-01 -5.257850e-01 2.727983e-01
      outer loop
         vertex 1.489756e+02 1.648886e+02 8.259609e+01
         vertex 1.328528e+02 1.923121e+02 8.783422e+01
         vertex 1.311868e+02 1.492971e+02 7.539988e-03
      endloop
   endfacet
   facet normal -8.056868e-01 -5.257850e-01 2.727983e-01
      outer loop
         vertex 1.311868e+02 1.492971e+02 7.539988e-03
         vertex 1.328528e+02 1.923121e+02 8.783422e+01
         vertex 9.727643e+01 2.069757e+02 1.102467e+01
      endloop
   endfacet
   facet normal 1.228718e-04 -9.826474e-01 1.854832e-01
      outer loop
         vertex 1.812158e+02 1.648922e+02 8.259375e+01
         vertex 1.489756e+02 1.648886e+02 8.259609e+01
         vertex 1.989962e+02 1.493046e+02 2.637506e-03
      endloop
   endfacet
   facet normal 1.228903e-04 -9.826474e-01 1.854833e-01
      outer loop
         vertex 1.989962e+02 1.493046e+02 2.637506e-03
         vertex 1.489756e+02 1.648886e+02 8.259609e+01
         vertex 1.311868e+02 1.492971e+02 7.539988e-03
      endloop
   endfacet
   facet normal 8.058436e-01 -5.256051e-01 2.726817e-01
      outer loop
         vertex 1.973333e+02 1.923193e+02 8.782955e+01
         vertex 1.812158e+02 1.648922e+02 8.259375e+01
         vertex 2.328952e+02 2.069908e+02 1.101485e+01
      endloop
   endfacet
   facet normal 8.058436e-01 -5.256052e-01 2.726816e-01
      outer loop
         vertex 2.328952e+02 2.069908e+02 1.101485e+01
         vertex 1.812158e+02 1.648922e+02 8.259375e+01
         vertex 1.989962e+02 1.493046e+02 2.637506e-03
      endloop
   endfacet
   facet normal 8.057543e-01 3.882997e-01 4.471949e-01
      outer loop
         vertex 1.812105e+02 2.197429e+02 9.306768e+01
         vertex 1.973333e+02 1.923193e+02 8.782955e+01
         vertex 1.989849e+02 2.646695e+02 2.203196e+01
      endloop
   endfacet
   facet normal 8.057543e-01 3.882997e-01 4.471949e-01
      outer loop
         vertex 1.989849e+02 2.646695e+02 2.203196e+01
         vertex 1.973333e+02 1.923193e+02 8.782955e+01
         vertex 2.328952e+02 2.069908e+02 1.101485e+01
      endloop
   endfacet
   facet normal -5.547834e-05 8.451621e-01 5.345100e-01
      outer loop
         vertex 1.489702e+02 2.197393e+02 9.307002e+01
         vertex 1.812105e+02 2.197429e+02 9.306768e+01
         vertex 1.311755e+02 2.646619e+02 2.203688e+01
      endloop
   endfacet
   facet normal -5.540111e-05 8.451622e-01 5.345100e-01
      outer loop
         vertex 1.311755e+02 2.646619e+02 2.203688e+01
         vertex 1.812105e+02 2.197429e+02 9.306768e+01
         vertex 1.989849e+02 2.646695e+02 2.203196e+01
      endloop
   endfacet
   facet normal -8.057761e-01 3.881199e-01 4.473117e-01
      outer loop
         vertex 1.328528e+02 1.923121e+02 8.783422e+01
         vertex 1.489702e+02 2.197393e+02 9.307002e+01
         vertex 9.727643e+01 2.069757e+02 1.102467e+01
      endloop
   endfacet
   facet normal -8.057761e-01 3.881199e-01 4.473117e-01
      outer loop
         vertex 9.727643e+01 2.069757e+02 1.102467e+01
         vertex 1.489702e+02 2.197393e+02 9.307002e+01
         vertex 1.311755e+02 2.646619e+02 2.203688e+01
      endloop
   endfacet
   facet normal 9.202837e-05 -1.875645e-01 9.822523e-01
      outer loop
         vertex 1.973333e+02 1.923193e+02 8.782955e+01
         vertex 1.812105e+02 2.197429e+02 9.306768e+01
         vertex 1.812158e+02 1.648922e+02 8.259375e+01
      endloop
   endfacet
   facet normal 9.194167e-05 -1.875645e-01 9.822523e-01
      outer loop
         vertex 1.812158e+02 1.648922e+02 8.259375e+01
         vertex 1.812105e+02 2.197429e+02 9.306768e+01
         vertex 1.489702e+02 2.197393e+02 9.307002e+01
      endloop
   endfacet
   facet normal 9.194168e-05 -1.875645e-01 9.822523e-01
      outer loop
         vertex 1.812158e+02 1.648922e+02 8.259375e+01
         vertex 1.489702e+02 2.197393e+02 9.307002e+01
         vertex 1.489756e+02 1.648886e+02 8.259609e+01
      endloop
   endfacet
   facet normal 9.248235e-05 -1.875645e-01 9.822523e-01
      outer loop
         vertex 1.489756e+02 1.648886e+02 8.259609e+01
         vertex 1.489702e+02 2.197393e+02 9.307002e+01
         vertex 1.328528e+02 1.923121e+02 8.783422e+01
      endloop
   endfacet
   facet normal -7.179274e-05 1.875759e-01 -9.822501e-01
      outer loop
         vertex 1.314754e+02 1.497882e+02 1.013130e-01
         vertex 1.311868e+02 1.492971e+02 7.539988e-03
         vertex 9.785378e+01 2.069758e+02 1.102462e+01
      endloop
   endfacet
   facet normal -1.002583e-04 1.875601e-01 -9.822531e-01
      outer loop
         vertex 9.785378e+01 2.069758e+02 1.102462e+01
         vertex 1.311868e+02 1.492971e+02 7.539988e-03
         vertex 9.727643e+01 2.069757e+02 1.102467e+01
      endloop
   endfacet
   facet normal -1.002594e-04 1.875693e-01 -9.822514e-01
      outer loop
         vertex 9.785378e+01 2.069758e+02 1.102462e+01
         vertex 9.727643e+01 2.069757e+02 1.102467e+01
         vertex 1.314642e+02 2.641708e+02 2.194308e+01
      endloop
   endfacet
   facet normal -9.024275e-05 1.875635e-01 -9.822525e-01
      outer loop
         vertex 1.314642e+02 2.641708e+02 2.194308e+01
         vertex 9.727643e+01 2.069757e+02 1.102467e+01
         vertex 1.311755e+02 2.646619e+02 2.203688e+01
      endloop
   endfacet
   facet normal -9.209948e-05 1.875625e-01 -9.822527e-01
      outer loop
         vertex 1.314642e+02 2.641708e+02 2.194308e+01
         vertex 1.311755e+02 2.646619e+02 2.203688e+01
         vertex 1.986963e+02 2.641783e+02 2.193820e+01
      endloop
   endfacet
   facet normal -9.212737e-05 1.875587e-01 -9.822534e-01
      outer loop
         vertex 1.986963e+02 2.641783e+02 2.193820e+01
         vertex 1.311755e+02 2.646619e+02 2.203688e+01
         vertex 1.989849e+02 2.646695e+02 2.203196e+01
      endloop
   endfacet
   facet normal -9.714342e-05 1.875616e-01 -9.822528e-01
      outer loop
         vertex 1.986963e+02 2.641783e+02 2.193820e+01
         vertex 1.989849e+02 2.646695e+02 2.203196e+01
         vertex 2.323179e+02 2.069908e+02 1.101489e+01
      endloop
   endfacet
   facet normal -9.541774e-05 1.875625e-01 -9.822527e-01
      outer loop
         vertex 2.323179e+02 2.069908e+02 1.101489e+01
         vertex 1.989849e+02 2.646695e+02 2.203196e+01
         vertex 2.328952e+02 2.069908e+02 1.101485e+01
      endloop
   endfacet
   facet normal -9.541810e-05 1.875665e-01 -9.822519e-01
      outer loop
         vertex 2.323179e+02 2.069908e+02 1.101489e+01
         vertex 2.328952e+02 2.069908e+02 1.101485e+01
         vertex 1.987074e+02 1.497957e+02 9.644032e-02
      endloop
   endfacet
   facet normal -9.020154e-05 1.875635e-01 -9.822525e-01
      outer loop
         vertex 1.987074e+02 1.497957e+02 9.644032e-02
         vertex 2.328952e+02 2.069908e+02 1.101485e+01
         vertex 1.989962e+02 1.493046e+02 2.637506e-03
      endloop
   endfacet
   facet normal -9.209948e-05 1.875625e-01 -9.822527e-01
      outer loop
         vertex 1.987074e+02 1.497957e+02 9.644032e-02
         vertex 1.989962e+02 1.493046e+02 2.637506e-03
         vertex 1.314754e+02 1.497882e+02 1.013130e-01
      endloop
   endfacet
   facet normal -9.191431e-05 1.875873e-01 -9.822479e-01
      outer loop
         vertex 1.314754e+02 1.497882e+02 1.013130e-01
         vertex 1.989962e+02 1.493046e+02 2.637506e-03
         vertex 1.311868e+02 1.492971e+02 7.539988e-03
      endloop
   endfacet
   facet normal -1.228879e-04 9.826474e-01 -1.854833e-01
      outer loop
         vertex 1.491732e+02 1.653000e+02 8.226740e+01
         vertex 1.810181e+02 1.653036e+02 8.226509e+01
         vertex 1.314754e+02 1.497882e+02 1.013130e-01
      endloop
   endfacet
   facet normal -1.229923e-04 9.826474e-01 -1.854832e-01
      outer loop
         vertex 1.314754e+02 1.497882e+02 1.013130e-01
         vertex 1.810181e+02 1.653036e+02 8.226509e+01
         vertex 1.987074e+02 1.497957e+02 9.644032e-02
      endloop
   endfacet
   facet normal -8.058437e-01 5.256051e-01 -2.726816e-01
      outer loop
         vertex 1.810181e+02 1.653036e+02 8.226509e+01
         vertex 1.969378e+02 1.923943e+02 8.743668e+01
         vertex 1.987074e+02 1.497957e+02 9.644032e-02
      endloop
   endfacet
   facet normal -8.058436e-01 5.256052e-01 -2.726816e-01
      outer loop
         vertex 1.987074e+02 1.497957e+02 9.644032e-02
         vertex 1.969378e+02 1.923943e+02 8.743668e+01
         vertex 2.323179e+02 2.069908e+02 1.101489e+01
      endloop
   endfacet
   facet normal -8.057543e-01 -3.882996e-01 -4.471950e-01
      outer loop
         vertex 1.969378e+02 1.923943e+02 8.743668e+01
         vertex 1.810128e+02 2.194815e+02 9.261057e+01
         vertex 2.323179e+02 2.069908e+02 1.101489e+01
      endloop
   endfacet
   facet normal -8.057543e-01 -3.882996e-01 -4.471950e-01
      outer loop
         vertex 2.323179e+02 2.069908e+02 1.101489e+01
         vertex 1.810128e+02 2.194815e+02 9.261057e+01
         vertex 1.986963e+02 2.641783e+02 2.193820e+01
      endloop
   endfacet
   facet normal 5.575144e-05 -8.451622e-01 -5.345099e-01
      outer loop
         vertex 1.810128e+02 2.194815e+02 9.261057e+01
         vertex 1.491679e+02 2.194780e+02 9.261288e+01
         vertex 1.986963e+02 2.641783e+02 2.193820e+01
      endloop
   endfacet
   facet normal 5.548297e-05 -8.451621e-01 -5.345101e-01
      outer loop
         vertex 1.986963e+02 2.641783e+02 2.193820e+01
         vertex 1.491679e+02 2.194780e+02 9.261288e+01
         vertex 1.314642e+02 2.641708e+02 2.194308e+01
      endloop
   endfacet
   facet normal 8.057762e-01 -3.881198e-01 -4.473117e-01
      outer loop
         vertex 1.491679e+02 2.194780e+02 9.261288e+01
         vertex 1.332482e+02 1.923872e+02 8.744129e+01
         vertex 1.314642e+02 2.641708e+02 2.194308e+01
      endloop
   endfacet
   facet normal 8.057761e-01 -3.881199e-01 -4.473117e-01
      outer loop
         vertex 1.314642e+02 2.641708e+02 2.194308e+01
         vertex 1.332482e+02 1.923872e+02 8.744129e+01
         vertex 9.785378e+01 2.069758e+02 1.102462e+01
      endloop
   endfacet
   facet normal 8.056869e-01 5.257849e-01 -2.727984e-01
      outer loop
         vertex 1.332482e+02 1.923872e+02 8.744129e+01
         vertex 1.491732e+02 1.653000e+02 8.226740e+01
         vertex 9.785378e+01 2.069758e+02 1.102462e+01
      endloop
   endfacet
   facet normal 8.056869e-01 5.257849e-01 -2.727983e-01
      outer loop
         vertex 9.785378e+01 2.069758e+02 1.102462e+01
         vertex 1.491732e+02 1.653000e+02 8.226740e+01
         vertex 1.314754e+02 1.497882e+02 1.013130e-01
      endloop
   endfacet
   facet normal -9.221832e-05 1.875646e-01 -9.822523e-01
      outer loop
         vertex 1.969378e+02 1.923943e+02 8.743668e+01
         vertex 1.810181e+02 1.653036e+02 8.226509e+01
         vertex 1.810128e+02 2.194815e+02 9.261057e+01
      endloop
   endfacet
   facet normal -9.213056e-05 1.875646e-01 -9.822523e-01
      outer loop
         vertex 1.810128e+02 2.194815e+02 9.261057e+01
         vertex 1.810181e+02 1.653036e+02 8.226509e+01
         vertex 1.491732e+02 1.653000e+02 8.226740e+01
      endloop
   endfacet
   facet normal -9.221833e-05 1.875646e-01 -9.822523e-01
      outer loop
         vertex 1.810128e+02 2.194815e+02 9.261057e+01
         vertex 1.491732e+02 1.653000e+02 8.226740e+01
         vertex 1.491679e+02 2.194780e+02 9.261288e+01
      endloop
   endfacet
   facet normal -9.167095e-05 1.875646e-01 -9.822523e-01
      outer loop
         vertex 1.491679e+02 2.194780e+02 9.261288e+01
         vertex 1.491732e+02 1.653000e+02 8.226740e+01
         vertex 1.332482e+02 1.923872e+02 8.744129e+01
      endloop
   endfacet
   facet normal -8.057122e-01 -8.945180e-03 5.922396e-01
      outer loop
         vertex 1.328472e+02 2.385103e+02 1.163864e+02
         vertex 1.489669e+02 2.554623e+02 1.385725e+02
         vertex 9.726512e+01 3.006473e+02 6.891730e+01
      endloop
   endfacet
   facet normal -8.057122e-01 -8.945158e-03 5.922397e-01
      outer loop
         vertex 9.726512e+01 3.006473e+02 6.891730e+01
         vertex 1.489669e+02 2.554623e+02 1.385725e+02
         vertex 1.311689e+02 3.363016e+02 1.155802e+02
      endloop
   endfacet
   facet normal -8.056971e-01 -5.737662e-01 -1.471209e-01
      outer loop
         vertex 1.489678e+02 2.215629e+02 9.419759e+01
         vertex 1.328472e+02 2.385103e+02 1.163864e+02
         vertex 1.311708e+02 2.650026e+02 2.224852e+01
      endloop
   endfacet
   facet normal -8.056970e-01 -5.737663e-01 -1.471209e-01
      outer loop
         vertex 1.311708e+02 2.650026e+02 2.224852e+01
         vertex 1.328472e+02 2.385103e+02 1.163864e+02
         vertex 9.726512e+01 3.006473e+02 6.891730e+01
      endloop
   endfacet
   facet normal 7.592260e-05 -8.560630e-01 -5.168715e-01
      outer loop
         vertex 1.812080e+02 2.215675e+02 9.419478e+01
         vertex 1.489678e+02 2.215629e+02 9.419759e+01
         vertex 1.989802e+02 2.650122e+02 2.224259e+01
      endloop
   endfacet
   facet normal 7.575544e-05 -8.560630e-01 -5.168716e-01
      outer loop
         vertex 1.989802e+02 2.650122e+02 2.224259e+01
         vertex 1.489678e+02 2.215629e+02 9.419759e+01
         vertex 1.311708e+02 2.650026e+02 2.224852e+01
      endloop
   endfacet
   facet normal 8.058335e-01 -5.735385e-01 -1.472616e-01
      outer loop
         vertex 1.973277e+02 2.385195e+02 1.163808e+02
         vertex 1.812080e+02 2.215675e+02 9.419478e+01
         vertex 2.328839e+02 3.006665e+02 6.890545e+01
      endloop
   endfacet
   facet normal 8.058335e-01 -5.735385e-01 -1.472617e-01
      outer loop
         vertex 2.328839e+02 3.006665e+02 6.890545e+01
         vertex 1.812080e+02 2.215675e+02 9.419478e+01
         vertex 1.989802e+02 2.650122e+02 2.224259e+01
      endloop
   endfacet
   facet normal 8.058183e-01 -8.717347e-03 5.920988e-01
      outer loop
         vertex 1.812071e+02 2.554669e+02 1.385697e+02
         vertex 1.973277e+02 2.385195e+02 1.163808e+02
         vertex 1.989783e+02 3.363112e+02 1.155742e+02
      endloop
   endfacet
   facet normal 8.058182e-01 -8.717346e-03 5.920988e-01
      outer loop
         vertex 1.989783e+02 3.363112e+02 1.155742e+02
         vertex 1.973277e+02 2.385195e+02 1.163808e+02
         vertex 2.328839e+02 3.006665e+02 6.890545e+01
      endloop
   endfacet
   facet normal 4.532910e-05 2.735793e-01 9.618495e-01
      outer loop
         vertex 1.489669e+02 2.554623e+02 1.385725e+02
         vertex 1.812071e+02 2.554669e+02 1.385697e+02
         vertex 1.311689e+02 3.363016e+02 1.155802e+02
      endloop
   endfacet
   facet normal 4.547469e-05 2.735794e-01 9.618494e-01
      outer loop
         vertex 1.311689e+02 3.363016e+02 1.155802e+02
         vertex 1.812071e+02 2.554669e+02 1.385697e+02
         vertex 1.989783e+02 3.363112e+02 1.155742e+02
      endloop
   endfacet
   facet normal 1.654178e-04 -7.946544e-01 6.070620e-01
      outer loop
         vertex 1.812071e+02 2.554669e+02 1.385697e+02
         vertex 1.489669e+02 2.554623e+02 1.385725e+02
         vertex 1.973277e+02 2.385195e+02 1.163808e+02
      endloop
   endfacet
   facet normal 1.654529e-04 -7.946544e-01 6.070621e-01
      outer loop
         vertex 1.973277e+02 2.385195e+02 1.163808e+02
         vertex 1.489669e+02 2.554623e+02 1.385725e+02
         vertex 1.328472e+02 2.385103e+02 1.163864e+02
      endloop
   endfacet
   facet normal 1.654529e-04 -7.946544e-01 6.070621e-01
      outer loop
         vertex 1.973277e+02 2.385195e+02 1.163808e+02
         vertex 1.328472e+02 2.385103e+02 1.163864e+02
         vertex 1.812080e+02 2.215675e+02 9.419478e+01
      endloop
   endfacet
   facet normal 1.654178e-04 -7.946544e-01 6.070620e-01
      outer loop
         vertex 1.812080e+02 2.215675e+02 9.419478e+01
         vertex 1.328472e+02 2.385103e+02 1.163864e+02
         vertex 1.489678e+02 2.215629e+02 9.419759e+01
      endloop
   endfacet
   facet normal -1.500445e-04 7.946599e-01 -6.070549e-01
      outer loop
         vertex 1.314594e+02 2.653061e+02 2.264583e+01
         vertex 1.311708e+02 2.650026e+02 2.224852e+01
         vertex 9.784247e+01 3.006474e+02 6.891725e+01
      endloop
   endfacet
   facet normal -1.368760e-04 7.946644e-01 -6.070490e-01
      outer loop
         vertex 9.784247e+01 3.006474e+02 6.891725e+01
         vertex 1.311708e+02 2.650026e+02 2.224852e+01
         vertex 9.726512e+01 3.006473e+02 6.891730e+01
      endloop
   endfacet
   facet normal -1.368763e-04 7.946444e-01 -6.070752e-01
      outer loop
         vertex 9.784247e+01 3.006474e+02 6.891725e+01
         vertex 9.726512e+01 3.006473e+02 6.891730e+01
         vertex 1.314575e+02 3.359981e+02 1.151828e+02
      endloop
   endfacet
   facet normal -1.444894e-04 7.946471e-01 -6.070716e-01
      outer loop
         vertex 1.314575e+02 3.359981e+02 1.151828e+02
         vertex 9.726512e+01 3.006473e+02 6.891730e+01
         vertex 1.311689e+02 3.363016e+02 1.155802e+02
      endloop
   endfacet
   facet normal -1.654131e-04 7.946398e-01 -6.070812e-01
      outer loop
         vertex 1.314575e+02 3.359981e+02 1.151828e+02
         vertex 1.311689e+02 3.363016e+02 1.155802e+02
         vertex 1.986896e+02 3.360076e+02 1.151769e+02
      endloop
   endfacet
   facet normal -1.651707e-04 7.946597e-01 -6.070551e-01
      outer loop
         vertex 1.986896e+02 3.360076e+02 1.151769e+02
         vertex 1.311689e+02 3.363016e+02 1.155802e+02
         vertex 1.989783e+02 3.363112e+02 1.155742e+02
      endloop
   endfacet
   facet normal -1.577359e-04 7.946571e-01 -6.070586e-01
      outer loop
         vertex 1.986896e+02 3.360076e+02 1.151769e+02
         vertex 1.989783e+02 3.363112e+02 1.155742e+02
         vertex 2.323066e+02 3.006664e+02 6.890550e+01
      endloop
   endfacet
   facet normal -1.778952e-04 7.946501e-01 -6.070676e-01
      outer loop
         vertex 2.323066e+02 3.006664e+02 6.890550e+01
         vertex 1.989783e+02 3.363112e+02 1.155742e+02
         vertex 2.328839e+02 3.006665e+02 6.890545e+01
      endloop
   endfacet
   facet normal -1.778955e-04 7.946589e-01 -6.070561e-01
      outer loop
         vertex 2.323066e+02 3.006664e+02 6.890550e+01
         vertex 2.328839e+02 3.006665e+02 6.890545e+01
         vertex 1.986915e+02 2.653156e+02 2.263995e+01
      endloop
   endfacet
   facet normal -1.649323e-04 7.946543e-01 -6.070622e-01
      outer loop
         vertex 1.986915e+02 2.653156e+02 2.263995e+01
         vertex 2.328839e+02 3.006665e+02 6.890545e+01
         vertex 1.989802e+02 2.650122e+02 2.224259e+01
      endloop
   endfacet
   facet normal -1.655144e-04 7.946541e-01 -6.070624e-01
      outer loop
         vertex 1.986915e+02 2.653156e+02 2.263995e+01
         vertex 1.989802e+02 2.650122e+02 2.224259e+01
         vertex 1.314594e+02 2.653061e+02 2.264583e+01
      endloop
   endfacet
   facet normal -1.653788e-04 7.946653e-01 -6.070479e-01
      outer loop
         vertex 1.314594e+02 2.653061e+02 2.264583e+01
         vertex 1.989802e+02 2.650122e+02 2.224259e+01
         vertex 1.311708e+02 2.650026e+02 2.224852e+01
      endloop
   endfacet
   facet normal 8.056969e-01 5.737664e-01 1.471209e-01
      outer loop
         vertex 1.332426e+02 2.388282e+02 1.161436e+02
         vertex 1.491654e+02 2.220887e+02 9.422687e+01
         vertex 9.784247e+01 3.006474e+02 6.891725e+01
      endloop
   endfacet
   facet normal 8.056969e-01 5.737664e-01 1.471209e-01
      outer loop
         vertex 9.784247e+01 3.006474e+02 6.891725e+01
         vertex 1.491654e+02 2.220887e+02 9.422687e+01
         vertex 1.314594e+02 2.653061e+02 2.264583e+01
      endloop
   endfacet
   facet normal -7.586764e-05 8.560630e-01 5.168716e-01
      outer loop
         vertex 1.491654e+02 2.220887e+02 9.422687e+01
         vertex 1.810103e+02 2.220932e+02 9.422409e+01
         vertex 1.314594e+02 2.653061e+02 2.264583e+01
      endloop
   endfacet
   facet normal -7.580099e-05 8.560630e-01 5.168715e-01
      outer loop
         vertex 1.314594e+02 2.653061e+02 2.264583e+01
         vertex 1.810103e+02 2.220932e+02 9.422409e+01
         vertex 1.986915e+02 2.653156e+02 2.263995e+01
      endloop
   endfacet
   facet normal -8.058335e-01 5.735385e-01 1.472617e-01
      outer loop
         vertex 1.810103e+02 2.220932e+02 9.422409e+01
         vertex 1.969322e+02 2.388372e+02 1.161380e+02
         vertex 1.986915e+02 2.653156e+02 2.263995e+01
      endloop
   endfacet
   facet normal -8.058334e-01 5.735385e-01 1.472617e-01
      outer loop
         vertex 1.986915e+02 2.653156e+02 2.263995e+01
         vertex 1.969322e+02 2.388372e+02 1.161380e+02
         vertex 2.323066e+02 3.006664e+02 6.890550e+01
      endloop
   endfacet
   facet normal -8.058182e-01 8.717370e-03 -5.920988e-01
      outer loop
         vertex 1.969322e+02 2.388372e+02 1.161380e+02
         vertex 1.810093e+02 2.555768e+02 1.380547e+02
         vertex 2.323066e+02 3.006664e+02 6.890550e+01
      endloop
   endfacet
   facet normal -8.058182e-01 8.717333e-03 -5.920988e-01
      outer loop
         vertex 2.323066e+02 3.006664e+02 6.890550e+01
         vertex 1.810093e+02 2.555768e+02 1.380547e+02
         vertex 1.986896e+02 3.360076e+02 1.151769e+02
      endloop
   endfacet
   facet normal -4.526329e-05 -2.735794e-01 -9.618494e-01
      outer loop
         vertex 1.810093e+02 2.555768e+02 1.380547e+02
         vertex 1.491645e+02 2.555723e+02 1.380575e+02
         vertex 1.986896e+02 3.360076e+02 1.151769e+02
      endloop
   endfacet
   facet normal -4.536161e-05 -2.735793e-01 -9.618494e-01
      outer loop
         vertex 1.986896e+02 3.360076e+02 1.151769e+02
         vertex 1.491645e+02 2.555723e+02 1.380575e+02
         vertex 1.314575e+02 3.359981e+02 1.151828e+02
      endloop
   endfacet
   facet normal 8.057122e-01 8.945156e-03 -5.922396e-01
      outer loop
         vertex 1.491645e+02 2.555723e+02 1.380575e+02
         vertex 1.332426e+02 2.388282e+02 1.161436e+02
         vertex 1.314575e+02 3.359981e+02 1.151828e+02
      endloop
   endfacet
   facet normal 8.057122e-01 8.945156e-03 -5.922396e-01
      outer loop
         vertex 1.314575e+02 3.359981e+02 1.151828e+02
         vertex 1.332426e+02 2.388282e+02 1.161436e+02
         vertex 9.784247e+01 3.006474e+02 6.891725e+01
      endloop
   endfacet
   facet normal -1.649380e-04 7.946544e-01 -6.070621e-01
      outer loop
         vertex 1.969322e+02 2.388372e+02 1.161380e+02
         vertex 1.810103e+02 2.220932e+02 9.422409e+01
         vertex 1.810093e+02 2.555768e+02 1.380547e+02
      endloop
   endfacet
   facet normal -1.652743e-04 7.946544e-01 -6.070621e-01
      outer loop
         vertex 1.810093e+02 2.555768e+02 1.380547e+02
         vertex 1.810103e+02 2.220932e+02 9.422409e+01
         vertex 1.491654e+02 2.220887e+02 9.422687e+01
      endloop
   endfacet
   facet normal -1.657171e-04 7.946545e-01 -6.070619e-01
      outer loop
         vertex 1.810093e+02 2.555768e+02 1.380547e+02
         vertex 1.491654e+02 2.220887e+02 9.422687e+01
         vertex 1.491645e+02 2.555723e+02 1.380575e+02
      endloop
   endfacet
   facet normal -1.653098e-04 7.946545e-01 -6.070619e-01
      outer loop
         vertex 1.491645e+02 2.555723e+02 1.380575e+02
         vertex 1.491654e+02 2.220887e+02 9.422687e+01
         vertex 1.332426e+02 2.388282e+02 1.161436e+02
      endloop
   endfacet
   facet normal -3.141353e-01 -8.907249e-03 9.493364e-01
      outer loop
         vertex 1.929051e+02 2.554684e+02 1.704933e+02
         vertex 2.189909e+02 2.385222e+02 1.789661e+02
         vertex 2.202580e+02 3.363139e+02 1.803029e+02
      endloop
   endfacet
   facet normal -3.141354e-01 -8.907249e-03 9.493364e-01
      outer loop
         vertex 2.202580e+02 3.363139e+02 1.803029e+02
         vertex 2.189909e+02 2.385222e+02 1.789661e+02
         vertex 2.751232e+02 3.006718e+02 1.981234e+02
      endloop
   endfacet
   facet normal -9.147960e-01 2.734363e-01 2.972891e-01
      outer loop
         vertex 1.829405e+02 2.554679e+02 1.398316e+02
         vertex 1.929051e+02 2.554684e+02 1.704933e+02
         vertex 1.993001e+02 3.363129e+02 1.158136e+02
      endloop
   endfacet
   facet normal -9.147960e-01 2.734363e-01 2.972892e-01
      outer loop
         vertex 1.993001e+02 3.363129e+02 1.158136e+02
         vertex 1.929051e+02 2.554684e+02 1.704933e+02
         vertex 2.202580e+02 3.363139e+02 1.803029e+02
      endloop
   endfacet
   facet normal -8.122138e-01 -8.931272e-03 -5.832915e-01
      outer loop
         vertex 1.990618e+02 2.385213e+02 1.176427e+02
         vertex 1.829405e+02 2.554679e+02 1.398316e+02
         vertex 2.332073e+02 3.006698e+02 6.914466e+01
      endloop
   endfacet
   facet normal -8.122138e-01 -8.931355e-03 -5.832916e-01
      outer loop
         vertex 2.332073e+02 3.006698e+02 6.914466e+01
         vertex 1.829405e+02 2.554679e+02 1.398316e+02
         vertex 1.993001e+02 3.363129e+02 1.158136e+02
      endloop
   endfacet
   facet normal -1.089708e-01 -5.736427e-01 -8.118248e-01
      outer loop
         vertex 2.251477e+02 2.215751e+02 1.261155e+02
         vertex 1.990618e+02 2.385213e+02 1.176427e+02
         vertex 2.880725e+02 2.650277e+02 8.696512e+01
      endloop
   endfacet
   facet normal -1.089709e-01 -5.736426e-01 -8.118248e-01
      outer loop
         vertex 2.880725e+02 2.650277e+02 8.696512e+01
         vertex 1.990618e+02 2.385213e+02 1.176427e+02
         vertex 2.332073e+02 3.006698e+02 6.914466e+01
      endloop
   endfacet
   facet normal 4.916898e-01 -8.559861e-01 -1.597776e-01
      outer loop
         vertex 2.351122e+02 2.215756e+02 1.567772e+02
         vertex 2.251477e+02 2.215751e+02 1.261155e+02
         vertex 3.090304e+02 2.650287e+02 1.514545e+02
      endloop
   endfacet
   facet normal 4.916898e-01 -8.559862e-01 -1.597776e-01
      outer loop
         vertex 3.090304e+02 2.650287e+02 1.514545e+02
         vertex 2.251477e+02 2.215751e+02 1.261155e+02
         vertex 2.880725e+02 2.650277e+02 8.696512e+01
      endloop
   endfacet
   facet normal 3.891074e-01 -5.736185e-01 7.208032e-01
      outer loop
         vertex 2.189909e+02 2.385222e+02 1.789661e+02
         vertex 2.351122e+02 2.215756e+02 1.567772e+02
         vertex 2.751232e+02 3.006718e+02 1.981234e+02
      endloop
   endfacet
   facet normal 3.891076e-01 -5.736185e-01 7.208031e-01
      outer loop
         vertex 2.751232e+02 3.006718e+02 1.981234e+02
         vertex 2.351122e+02 2.215756e+02 1.567772e+02
         vertex 3.090304e+02 2.650287e+02 1.514545e+02
      endloop
   endfacet
   facet normal -5.772237e-01 -7.947446e-01 1.876004e-01
      outer loop
         vertex 1.829405e+02 2.554679e+02 1.398316e+02
         vertex 1.990618e+02 2.385213e+02 1.176427e+02
         vertex 1.929051e+02 2.554684e+02 1.704933e+02
      endloop
   endfacet
   facet normal -5.772234e-01 -7.947448e-01 1.876005e-01
      outer loop
         vertex 1.929051e+02 2.554684e+02 1.704933e+02
         vertex 1.990618e+02 2.385213e+02 1.176427e+02
         vertex 2.251477e+02 2.215751e+02 1.261155e+02
      endloop
   endfacet
   facet normal -5.772234e-01 -7.947448e-01 1.876005e-01
      outer loop
         vertex 1.929051e+02 2.554684e+02 1.704933e+02
         vertex 2.251477e+02 2.215751e+02 1.261155e+02
         vertex 2.189909e+02 2.385222e+02 1.789661e+02
      endloop
   endfacet
   facet normal -5.772237e-01 -7.947446e-01 1.876004e-01
      outer loop
         vertex 2.189909e+02 2.385222e+02 1.789661e+02
         vertex 2.251477e+02 2.215751e+02 1.261155e+02
         vertex 2.351122e+02 2.215756e+02 1.567772e+02
      endloop
   endfacet
   facet normal 5.772238e-01 7.947439e-01 -1.876029e-01
      outer loop
         vertex 2.205467e+02 3.360104e+02 1.799056e+02
         vertex 2.202580e+02 3.363139e+02 1.803029e+02
         vertex 2.749448e+02 3.006718e+02 1.975743e+02
      endloop
   endfacet
   facet normal 5.772219e-01 7.947495e-01 -1.875852e-01
      outer loop
         vertex 2.749448e+02 3.006718e+02 1.975743e+02
         vertex 2.202580e+02 3.363139e+02 1.803029e+02
         vertex 2.751232e+02 3.006718e+02 1.981234e+02
      endloop
   endfacet
   facet normal 5.772339e-01 7.947398e-01 -1.875891e-01
      outer loop
         vertex 2.749448e+02 3.006718e+02 1.975743e+02
         vertex 2.751232e+02 3.006718e+02 1.981234e+02
         vertex 3.085633e+02 2.653322e+02 1.513028e+02
      endloop
   endfacet
   facet normal 5.772241e-01 7.947445e-01 -1.875996e-01
      outer loop
         vertex 3.085633e+02 2.653322e+02 1.513028e+02
         vertex 2.751232e+02 3.006718e+02 1.981234e+02
         vertex 3.090304e+02 2.650287e+02 1.514545e+02
      endloop
   endfacet
   facet normal 5.772242e-01 7.947441e-01 -1.876008e-01
      outer loop
         vertex 3.085633e+02 2.653322e+02 1.513028e+02
         vertex 3.090304e+02 2.650287e+02 1.514545e+02
         vertex 2.877838e+02 2.653312e+02 8.736248e+01
      endloop
   endfacet
   facet normal 5.772254e-01 7.947431e-01 -1.876012e-01
      outer loop
         vertex 2.877838e+02 2.653312e+02 8.736248e+01
         vertex 3.090304e+02 2.650287e+02 1.514545e+02
         vertex 2.880725e+02 2.650277e+02 8.696512e+01
      endloop
   endfacet
   facet normal 5.772239e-01 7.947438e-01 -1.876029e-01
      outer loop
         vertex 2.877838e+02 2.653312e+02 8.736248e+01
         vertex 2.880725e+02 2.650277e+02 8.696512e+01
         vertex 2.333857e+02 3.006698e+02 6.969374e+01
      endloop
   endfacet
   facet normal 5.772271e-01 7.947345e-01 -1.876326e-01
      outer loop
         vertex 2.333857e+02 3.006698e+02 6.969374e+01
         vertex 2.880725e+02 2.650277e+02 8.696512e+01
         vertex 2.332073e+02 3.006698e+02 6.914466e+01
      endloop
   endfacet
   facet normal 5.772014e-01 7.947551e-01 -1.876242e-01
      outer loop
         vertex 2.333857e+02 3.006698e+02 6.969374e+01
         vertex 2.332073e+02 3.006698e+02 6.914466e+01
         vertex 1.997672e+02 3.360094e+02 1.159653e+02
      endloop
   endfacet
   facet normal 5.772329e-01 7.947402e-01 -1.875905e-01
      outer loop
         vertex 1.997672e+02 3.360094e+02 1.159653e+02
         vertex 2.332073e+02 3.006698e+02 6.914466e+01
         vertex 1.993001e+02 3.363129e+02 1.158136e+02
      endloop
   endfacet
   facet normal 5.772345e-01 7.947358e-01 -1.876042e-01
      outer loop
         vertex 1.997672e+02 3.360094e+02 1.159653e+02
         vertex 1.993001e+02 3.363129e+02 1.158136e+02
         vertex 2.205467e+02 3.360104e+02 1.799056e+02
      endloop
   endfacet
   facet normal 5.772255e-01 7.947431e-01 -1.876011e-01
      outer loop
         vertex 2.205467e+02 3.360104e+02 1.799056e+02
         vertex 1.993001e+02 3.363129e+02 1.158136e+02
         vertex 2.202580e+02 3.363139e+02 1.803029e+02
      endloop
   endfacet
   facet normal 9.147960e-01 -2.734363e-01 -2.972891e-01
      outer loop
         vertex 1.933337e+02 2.555785e+02 1.701461e+02
         vertex 1.834913e+02 2.555780e+02 1.398604e+02
         vertex 2.205467e+02 3.360104e+02 1.799056e+02
      endloop
   endfacet
   facet normal 9.147960e-01 -2.734363e-01 -2.972891e-01
      outer loop
         vertex 2.205467e+02 3.360104e+02 1.799056e+02
         vertex 1.834913e+02 2.555780e+02 1.398604e+02
         vertex 1.997672e+02 3.360094e+02 1.159653e+02
      endloop
   endfacet
   facet normal 8.122138e-01 8.931294e-03 5.832915e-01
      outer loop
         vertex 1.834913e+02 2.555780e+02 1.398604e+02
         vertex 1.994149e+02 2.388392e+02 1.179437e+02
         vertex 1.997672e+02 3.360094e+02 1.159653e+02
      endloop
   endfacet
   facet normal 8.122138e-01 8.931295e-03 5.832915e-01
      outer loop
         vertex 1.997672e+02 3.360094e+02 1.159653e+02
         vertex 1.994149e+02 2.388392e+02 1.179437e+02
         vertex 2.333857e+02 3.006698e+02 6.969374e+01
      endloop
   endfacet
   facet normal 1.089710e-01 5.736425e-01 8.118248e-01
      outer loop
         vertex 1.994149e+02 2.388392e+02 1.179437e+02
         vertex 2.251809e+02 2.221009e+02 1.263126e+02
         vertex 2.333857e+02 3.006698e+02 6.969374e+01
      endloop
   endfacet
   facet normal 1.089710e-01 5.736425e-01 8.118248e-01
      outer loop
         vertex 2.333857e+02 3.006698e+02 6.969374e+01
         vertex 2.251809e+02 2.221009e+02 1.263126e+02
         vertex 2.877838e+02 2.653312e+02 8.736248e+01
      endloop
   endfacet
   facet normal -4.916898e-01 8.559862e-01 1.597775e-01
      outer loop
         vertex 2.251809e+02 2.221009e+02 1.263126e+02
         vertex 2.350232e+02 2.221013e+02 1.565982e+02
         vertex 2.877838e+02 2.653312e+02 8.736248e+01
      endloop
   endfacet
   facet normal -4.916899e-01 8.559861e-01 1.597774e-01
      outer loop
         vertex 2.877838e+02 2.653312e+02 8.736248e+01
         vertex 2.350232e+02 2.221013e+02 1.565982e+02
         vertex 3.085633e+02 2.653322e+02 1.513028e+02
      endloop
   endfacet
   facet normal -3.891077e-01 5.736186e-01 -7.208030e-01
      outer loop
         vertex 2.350232e+02 2.221013e+02 1.565982e+02
         vertex 2.190996e+02 2.388401e+02 1.785150e+02
         vertex 3.085633e+02 2.653322e+02 1.513028e+02
      endloop
   endfacet
   facet normal -3.891077e-01 5.736185e-01 -7.208030e-01
      outer loop
         vertex 3.085633e+02 2.653322e+02 1.513028e+02
         vertex 2.190996e+02 2.388401e+02 1.785150e+02
         vertex 2.749448e+02 3.006718e+02 1.975743e+02
      endloop
   endfacet
   facet normal 3.141353e-01 8.907275e-03 -9.493364e-01
      outer loop
         vertex 2.190996e+02 2.388401e+02 1.785150e+02
         vertex 1.933337e+02 2.555785e+02 1.701461e+02
         vertex 2.749448e+02 3.006718e+02 1.975743e+02
      endloop
   endfacet
   facet normal 3.141353e-01 8.907250e-03 -9.493364e-01
      outer loop
         vertex 2.749448e+02 3.006718e+02 1.975743e+02
         vertex 1.933337e+02 2.555785e+02 1.701461e+02
         vertex 2.205467e+02 3.360104e+02 1.799056e+02
      endloop
   endfacet
   facet normal 5.772235e-01 7.947446e-01 -1.876005e-01
      outer loop
         vertex 2.251809e+02 2.221009e+02 1.263126e+02
         vertex 1.994149e+02 2.388392e+02 1.179437e+02
         vertex 2.350232e+02 2.221013e+02 1.565982e+02
      endloop
   endfacet
   facet normal 5.772234e-01 7.947448e-01 -1.876003e-01
      outer loop
         vertex 2.350232e+02 2.221013e+02 1.565982e+02
         vertex 1.994149e+02 2.388392e+02 1.179437e+02
         vertex 1.834913e+02 2.555780e+02 1.398604e+02
      endloop
   endfacet
   facet normal 5.772234e-01 7.947448e-01 -1.876003e-01
      outer loop
         vertex 2.350232e+02 2.221013e+02 1.565982e+02
         vertex 1.834913e+02 2.555780e+02 1.398604e+02
         vertex 2.190996e+02 2.388401e+02 1.785150e+02
      endloop
   endfacet
   facet normal 5.772235e-01 7.947446e-01 -1.876005e-01
      outer loop
         vertex 2.190996e+02 2.388401e+02 1.785150e+02
         vertex 1.834913e+02 2.555780e+02 1.398604e+02
         vertex 1.933337e+02 2.555785e+02 1.701461e+02
      endloop
   endfacet
   facet normal 7.978493e-01 -3.796194e-01 -4.683221e-01
      outer loop
         vertex 1.465347e+02 2.215709e+02 9.214446e+01
         vertex 1.302266e+02 1.938290e+02 8.684892e+01
         vertex 1.266833e+02 2.634496e+02 2.437839e+01
      endloop
   endfacet
   facet normal 7.978493e-01 -3.796194e-01 -4.683222e-01
      outer loop
         vertex 1.266833e+02 2.634496e+02 2.437839e+01
         vertex 1.302266e+02 1.938290e+02 8.684892e+01
         vertex 9.568035e+01 2.107100e+02 1.431112e+01
      endloop
   endfacet
   facet normal 7.979377e-01 5.885590e-01 1.299762e-01
      outer loop
         vertex 1.302307e+02 2.387183e+02 1.145889e+02
         vertex 1.465347e+02 2.215709e+02 9.214446e+01
         vertex 9.568813e+01 2.960484e+02 6.704708e+01
      endloop
   endfacet
   facet normal 7.979377e-01 5.885590e-01 1.299762e-01
      outer loop
         vertex 9.568813e+01 2.960484e+02 6.704708e+01
         vertex 1.465347e+02 2.215709e+02 9.214446e+01
         vertex 1.266833e+02 2.634496e+02 2.437839e+01
      endloop
   endfacet
   facet normal -1.227708e-01 5.886310e-01 7.990250e-01
      outer loop
         vertex 1.038463e+02 2.215742e+02 1.231647e+02
         vertex 1.302307e+02 2.387183e+02 1.145889e+02
         vertex 4.552908e+01 2.634559e+02 8.335052e+01
      endloop
   endfacet
   facet normal -1.227708e-01 5.886309e-01 7.990250e-01
      outer loop
         vertex 4.552908e+01 2.634559e+02 8.335052e+01
         vertex 1.302307e+02 2.387183e+02 1.145889e+02
         vertex 9.568813e+01 2.960484e+02 6.704708e+01
      endloop
   endfacet
   facet normal -6.918884e-01 -3.795028e-01 6.142215e-01
      outer loop
         vertex 1.038437e+02 1.938311e+02 1.060205e+02
         vertex 1.038463e+02 2.215742e+02 1.231647e+02
         vertex 4.552427e+01 2.107139e+02 5.075789e+01
      endloop
   endfacet
   facet normal -6.918883e-01 -3.795031e-01 6.142214e-01
      outer loop
         vertex 4.552427e+01 2.107139e+02 5.075789e+01
         vertex 1.038463e+02 2.215742e+02 1.231647e+02
         vertex 4.552908e+01 2.634559e+02 8.335052e+01
      endloop
   endfacet
   facet normal -1.229137e-01 -9.779146e-01 -1.690423e-01
      outer loop
         vertex 1.302266e+02 1.938290e+02 8.684892e+01
         vertex 1.038437e+02 1.938311e+02 1.060205e+02
         vertex 9.568035e+01 2.107100e+02 1.431112e+01
      endloop
   endfacet
   facet normal -1.229139e-01 -9.779146e-01 -1.690423e-01
      outer loop
         vertex 9.568035e+01 2.107100e+02 1.431112e+01
         vertex 1.038437e+02 1.938311e+02 1.060205e+02
         vertex 4.552427e+01 2.107139e+02 5.075789e+01
      endloop
   endfacet
   facet normal 5.257720e-01 -4.471978e-01 7.235869e-01
      outer loop
         vertex 1.302266e+02 1.938290e+02 8.684892e+01
         vertex 1.465347e+02 2.215709e+02 9.214446e+01
         vertex 1.038437e+02 1.938311e+02 1.060205e+02
      endloop
   endfacet
   facet normal 5.257720e-01 -4.471978e-01 7.235868e-01
      outer loop
         vertex 1.038437e+02 1.938311e+02 1.060205e+02
         vertex 1.465347e+02 2.215709e+02 9.214446e+01
         vertex 1.302307e+02 2.387183e+02 1.145889e+02
      endloop
   endfacet
   facet normal 5.257719e-01 -4.471978e-01 7.235869e-01
      outer loop
         vertex 1.038437e+02 1.938311e+02 1.060205e+02
         vertex 1.302307e+02 2.387183e+02 1.145889e+02
         vertex 1.038463e+02 2.215742e+02 1.231647e+02
      endloop
   endfacet
   facet normal -5.257776e-01 4.471921e-01 -7.235863e-01
      outer loop
         vertex 9.552564e+01 2.954956e+02 6.682351e+01
         vertex 9.568813e+01 2.960484e+02 6.704708e+01
         vertex 1.261576e+02 2.632788e+02 2.465482e+01
      endloop
   endfacet
   facet normal -5.257561e-01 4.472144e-01 -7.235881e-01
      outer loop
         vertex 1.261576e+02 2.632788e+02 2.465482e+01
         vertex 9.568813e+01 2.960484e+02 6.704708e+01
         vertex 1.266833e+02 2.634496e+02 2.437839e+01
      endloop
   endfacet
   facet normal -5.257561e-01 4.471915e-01 -7.236023e-01
      outer loop
         vertex 1.261576e+02 2.632788e+02 2.465482e+01
         vertex 1.266833e+02 2.634496e+02 2.437839e+01
         vertex 9.551793e+01 2.111572e+02 1.470552e+01
      endloop
   endfacet
   facet normal -5.257615e-01 4.471938e-01 -7.235970e-01
      outer loop
         vertex 9.551793e+01 2.111572e+02 1.470552e+01
         vertex 1.266833e+02 2.634496e+02 2.437839e+01
         vertex 9.568035e+01 2.107100e+02 1.431112e+01
      endloop
   endfacet
   facet normal -5.257760e-01 4.471844e-01 -7.235922e-01
      outer loop
         vertex 9.551793e+01 2.111572e+02 1.470552e+01
         vertex 9.568035e+01 2.107100e+02 1.431112e+01
         vertex 4.594961e+01 2.111611e+02 5.072521e+01
      endloop
   endfacet
   facet normal -5.257687e-01 4.472085e-01 -7.235826e-01
      outer loop
         vertex 4.594961e+01 2.111611e+02 5.072521e+01
         vertex 9.568035e+01 2.107100e+02 1.431112e+01
         vertex 4.552427e+01 2.107139e+02 5.075789e+01
      endloop
   endfacet
   facet normal -5.257618e-01 4.472012e-01 -7.235922e-01
      outer loop
         vertex 4.594961e+01 2.111611e+02 5.072521e+01
         vertex 4.552427e+01 2.107139e+02 5.075789e+01
         vertex 4.595437e+01 2.632851e+02 8.293590e+01
      endloop
   endfacet
   facet normal -5.257738e-01 4.471973e-01 -7.235858e-01
      outer loop
         vertex 4.595437e+01 2.632851e+02 8.293590e+01
         vertex 4.552427e+01 2.107139e+02 5.075789e+01
         vertex 4.552908e+01 2.634559e+02 8.335052e+01
      endloop
   endfacet
   facet normal -5.257725e-01 4.471996e-01 -7.235854e-01
      outer loop
         vertex 4.595437e+01 2.632851e+02 8.293590e+01
         vertex 4.552908e+01 2.634559e+02 8.335052e+01
         vertex 9.552564e+01 2.954956e+02 6.682351e+01
      endloop
   endfacet
   facet normal -5.257699e-01 4.471921e-01 -7.235919e-01
      outer loop
         vertex 9.552564e+01 2.954956e+02 6.682351e+01
         vertex 4.552908e+01 2.634559e+02 8.335052e+01
         vertex 9.568813e+01 2.960484e+02 6.704708e+01
      endloop
   endfacet
   facet normal 6.918884e-01 3.795029e-01 -6.142214e-01
      outer loop
         vertex 1.038987e+02 2.216711e+02 1.224955e+02
         vertex 1.038962e+02 1.943862e+02 1.056345e+02
         vertex 4.595437e+01 2.632851e+02 8.293590e+01
      endloop
   endfacet
   facet normal 6.918884e-01 3.795029e-01 -6.142215e-01
      outer loop
         vertex 4.595437e+01 2.632851e+02 8.293590e+01
         vertex 1.038962e+02 1.943862e+02 1.056345e+02
         vertex 4.594961e+01 2.111611e+02 5.072521e+01
      endloop
   endfacet
   facet normal 1.229138e-01 9.779146e-01 1.690422e-01
      outer loop
         vertex 1.038962e+02 1.943862e+02 1.056345e+02
         vertex 1.298433e+02 1.943842e+02 8.677954e+01
         vertex 4.594961e+01 2.111611e+02 5.072521e+01
      endloop
   endfacet
   facet normal 1.229138e-01 9.779146e-01 1.690421e-01
      outer loop
         vertex 4.594961e+01 2.111611e+02 5.072521e+01
         vertex 1.298433e+02 1.943842e+02 8.677954e+01
         vertex 9.551793e+01 2.111572e+02 1.470552e+01
      endloop
   endfacet
   facet normal -7.978493e-01 3.796195e-01 4.683221e-01
      outer loop
         vertex 1.298433e+02 1.943842e+02 8.677954e+01
         vertex 1.458820e+02 2.216678e+02 9.198762e+01
         vertex 9.551793e+01 2.111572e+02 1.470552e+01
      endloop
   endfacet
   facet normal -7.978493e-01 3.796194e-01 4.683221e-01
      outer loop
         vertex 9.551793e+01 2.111572e+02 1.470552e+01
         vertex 1.458820e+02 2.216678e+02 9.198762e+01
         vertex 1.261576e+02 2.632788e+02 2.465482e+01
      endloop
   endfacet
   facet normal -7.979377e-01 -5.885590e-01 -1.299762e-01
      outer loop
         vertex 1.458820e+02 2.216678e+02 9.198762e+01
         vertex 1.298473e+02 2.385321e+02 1.140613e+02
         vertex 1.261576e+02 2.632788e+02 2.465482e+01
      endloop
   endfacet
   facet normal -7.979376e-01 -5.885590e-01 -1.299762e-01
      outer loop
         vertex 1.261576e+02 2.632788e+02 2.465482e+01
         vertex 1.298473e+02 2.385321e+02 1.140613e+02
         vertex 9.552564e+01 2.954956e+02 6.682351e+01
      endloop
   endfacet
   facet normal 1.227710e-01 -5.886310e-01 -7.990250e-01
      outer loop
         vertex 1.298473e+02 2.385321e+02 1.140613e+02
         vertex 1.038987e+02 2.216711e+02 1.224955e+02
         vertex 9.552564e+01 2.954956e+02 6.682351e+01
      endloop
   endfacet
   facet normal 1.227707e-01 -5.886310e-01 -7.990250e-01
      outer loop
         vertex 9.552564e+01 2.954956e+02 6.682351e+01
         vertex 1.038987e+02 2.216711e+02 1.224955e+02
         vertex 4.595437e+01 2.632851e+02 8.293590e+01
      endloop
   endfacet
   facet normal -5.257720e-01 4.471979e-01 -7.235868e-01
      outer loop
         vertex 1.298473e+02 2.385321e+02 1.140613e+02
         vertex 1.458820e+02 2.216678e+02 9.198762e+01
         vertex 1.038987e+02 2.216711e+02 1.224955e+02
      endloop
   endfacet
   facet normal -5.257720e-01 4.471979e-01 -7.235868e-01
      outer loop
         vertex 1.038987e+02 2.216711e+02 1.224955e+02
         vertex 1.458820e+02 2.216678e+02 9.198762e+01
         vertex 1.298433e+02 1.943842e+02 8.677954e+01
      endloop
   endfacet
   facet normal -5.257719e-01 4.471979e-01 -7.235868e-01
      outer loop
         vertex 1.038987e+02 2.216711e+02 1.224955e+02
         vertex 1.298433e+02 1.943842e+02 8.677954e+01
         vertex 1.038962e+02 1.943862e+02 1.056345e+02
      endloop
   endfacet
   facet normal -1.925495e-04 -2.504076e-01 -9.681405e-01
      outer loop
         vertex 1.813971e+02 2.582363e+02 1.401309e+02
         vertex 1.487841e+02 2.582344e+02 1.401379e+02
         vertex 1.960818e+02 3.364365e+02 1.199017e+02
      endloop
   endfacet
   facet normal -1.925868e-04 -2.504075e-01 -9.681405e-01
      outer loop
         vertex 1.960818e+02 3.364365e+02 1.199017e+02
         vertex 1.487841e+02 2.582344e+02 1.401379e+02
         vertex 1.340818e+02 3.364330e+02 1.199149e+02
      endloop
   endfacet
   facet normal 9.207135e-01 -2.503356e-01 -2.993638e-01
      outer loop
         vertex 1.914817e+02 2.582377e+02 1.711456e+02
         vertex 1.813971e+02 2.582363e+02 1.401309e+02
         vertex 2.152535e+02 3.364393e+02 1.788631e+02
      endloop
   endfacet
   facet normal 9.207135e-01 -2.503356e-01 -2.993639e-01
      outer loop
         vertex 2.152535e+02 3.364393e+02 1.788631e+02
         vertex 1.813971e+02 2.582363e+02 1.401309e+02
         vertex 1.960818e+02 3.364365e+02 1.199017e+02
      endloop
   endfacet
   facet normal 5.692447e-01 -2.503251e-01 7.831333e-01
      outer loop
         vertex 1.651014e+02 2.582368e+02 1.903206e+02
         vertex 1.914817e+02 2.582377e+02 1.711456e+02
         vertex 1.651022e+02 3.364375e+02 2.153165e+02
      endloop
   endfacet
   facet normal 5.692447e-01 -2.503251e-01 7.831333e-01
      outer loop
         vertex 1.651022e+02 3.364375e+02 2.153165e+02
         vertex 1.914817e+02 2.582377e+02 1.711456e+02
         vertex 2.152535e+02 3.364393e+02 1.788631e+02
      endloop
   endfacet
   facet normal -5.688810e-01 -2.503904e-01 7.833767e-01
      outer loop
         vertex 1.387128e+02 2.582347e+02 1.711568e+02
         vertex 1.651014e+02 2.582368e+02 1.903206e+02
         vertex 1.149354e+02 3.364336e+02 1.788845e+02
      endloop
   endfacet
   facet normal -5.688811e-01 -2.503905e-01 7.833766e-01
      outer loop
         vertex 1.149354e+02 3.364336e+02 1.788845e+02
         vertex 1.651014e+02 2.582368e+02 1.903206e+02
         vertex 1.651022e+02 3.364375e+02 2.153165e+02
      endloop
   endfacet
   facet normal -9.208127e-01 -2.504415e-01 -2.989701e-01
      outer loop
         vertex 1.487841e+02 2.582344e+02 1.401379e+02
         vertex 1.387128e+02 2.582347e+02 1.711568e+02
         vertex 1.340818e+02 3.364330e+02 1.199149e+02
      endloop
   endfacet
   facet normal -9.208127e-01 -2.504415e-01 -2.989700e-01
      outer loop
         vertex 1.340818e+02 3.364330e+02 1.199149e+02
         vertex 1.387128e+02 2.582347e+02 1.711568e+02
         vertex 1.149354e+02 3.364336e+02 1.788845e+02
      endloop
   endfacet
   facet normal 5.757661e-05 -1.000000e+00 2.830195e-05
      outer loop
         vertex 1.487841e+02 2.582344e+02 1.401379e+02
         vertex 1.813971e+02 2.582363e+02 1.401309e+02
         vertex 1.387128e+02 2.582347e+02 1.711568e+02
      endloop
   endfacet
   facet normal 5.761269e-05 -1.000000e+00 2.835159e-05
      outer loop
         vertex 1.387128e+02 2.582347e+02 1.711568e+02
         vertex 1.813971e+02 2.582363e+02 1.401309e+02
         vertex 1.914817e+02 2.582377e+02 1.711456e+02
      endloop
   endfacet
   facet normal 5.761277e-05 -1.000000e+00 2.874928e-05
      outer loop
         vertex 1.387128e+02 2.582347e+02 1.711568e+02
         vertex 1.914817e+02 2.582377e+02 1.711456e+02
         vertex 1.651014e+02 2.582368e+02 1.903206e+02
      endloop
   endfacet
   facet normal -3.960259e-05 1.000000e+00 -3.417620e-05
      outer loop
         vertex 2.146656e+02 3.364393e+02 1.786722e+02
         vertex 2.152535e+02 3.364393e+02 1.788631e+02
         vertex 1.957186e+02 3.364365e+02 1.204018e+02
      endloop
   endfacet
   facet normal -4.471058e-05 1.000000e+00 -3.246937e-05
      outer loop
         vertex 1.957186e+02 3.364365e+02 1.204018e+02
         vertex 2.152535e+02 3.364393e+02 1.788631e+02
         vertex 1.960818e+02 3.364365e+02 1.199017e+02
      endloop
   endfacet
   facet normal -5.740202e-05 1.000000e+00 -4.168605e-05
      outer loop
         vertex 1.957186e+02 3.364365e+02 1.204018e+02
         vertex 1.960818e+02 3.364365e+02 1.199017e+02
         vertex 1.344452e+02 3.364330e+02 1.204149e+02
      endloop
   endfacet
   facet normal -5.769844e-05 1.000000e+00 -7.728855e-05
      outer loop
         vertex 1.344452e+02 3.364330e+02 1.204149e+02
         vertex 1.960818e+02 3.364365e+02 1.199017e+02
         vertex 1.340818e+02 3.364330e+02 1.199149e+02
      endloop
   endfacet
   facet normal -1.041428e-04 1.000000e+00 -4.352961e-05
      outer loop
         vertex 1.344452e+02 3.364330e+02 1.204149e+02
         vertex 1.340818e+02 3.364330e+02 1.199149e+02
         vertex 1.155231e+02 3.364336e+02 1.786934e+02
      endloop
   endfacet
   facet normal -6.036552e-05 1.000000e+00 -2.970737e-05
      outer loop
         vertex 1.155231e+02 3.364336e+02 1.786934e+02
         vertex 1.340818e+02 3.364330e+02 1.199149e+02
         vertex 1.149354e+02 3.364336e+02 1.788845e+02
      endloop
   endfacet
   facet normal -5.919172e-05 1.000000e+00 -2.609739e-05
      outer loop
         vertex 1.155231e+02 3.364336e+02 1.786934e+02
         vertex 1.149354e+02 3.364336e+02 1.788845e+02
         vertex 1.651021e+02 3.364375e+02 2.146985e+02
      endloop
   endfacet
   facet normal -7.783448e-05 1.000000e+00 1.664216e-08
      outer loop
         vertex 1.651021e+02 3.364375e+02 2.146985e+02
         vertex 1.149354e+02 3.364336e+02 1.788845e+02
         vertex 1.651022e+02 3.364375e+02 2.153165e+02
      endloop
   endfacet
   facet normal -3.667329e-05 1.000000e+00 7.841290e-09
      outer loop
         vertex 1.651021e+02 3.364375e+02 2.146985e+02
         vertex 1.651022e+02 3.364375e+02 2.153165e+02
         vertex 2.146656e+02 3.364393e+02 1.786722e+02
      endloop
   endfacet
   facet normal -4.642089e-05 1.000000e+00 -1.317633e-05
      outer loop
         vertex 2.146656e+02 3.364393e+02 1.786722e+02
         vertex 1.651022e+02 3.364375e+02 2.153165e+02
         vertex 2.152535e+02 3.364393e+02 1.788631e+02
      endloop
   endfacet
   facet normal 5.688810e-01 2.503905e-01 -7.833767e-01
      outer loop
         vertex 1.651012e+02 2.587368e+02 1.898624e+02
         vertex 1.391485e+02 2.587347e+02 1.710151e+02
         vertex 1.651021e+02 3.364375e+02 2.146985e+02
      endloop
   endfacet
   facet normal 5.688810e-01 2.503904e-01 -7.833767e-01
      outer loop
         vertex 1.651021e+02 3.364375e+02 2.146985e+02
         vertex 1.391485e+02 2.587347e+02 1.710151e+02
         vertex 1.155231e+02 3.364336e+02 1.786934e+02
      endloop
   endfacet
   facet normal 9.208127e-01 2.504414e-01 2.989701e-01
      outer loop
         vertex 1.391485e+02 2.587347e+02 1.710151e+02
         vertex 1.490535e+02 2.587344e+02 1.405085e+02
         vertex 1.155231e+02 3.364336e+02 1.786934e+02
      endloop
   endfacet
   facet normal 9.208127e-01 2.504414e-01 2.989701e-01
      outer loop
         vertex 1.155231e+02 3.364336e+02 1.786934e+02
         vertex 1.490535e+02 2.587344e+02 1.405085e+02
         vertex 1.344452e+02 3.364330e+02 1.204149e+02
      endloop
   endfacet
   facet normal 1.925862e-04 2.504075e-01 9.681405e-01
      outer loop
         vertex 1.490535e+02 2.587344e+02 1.405085e+02
         vertex 1.811278e+02 2.587363e+02 1.405017e+02
         vertex 1.344452e+02 3.364330e+02 1.204149e+02
      endloop
   endfacet
   facet normal 1.926418e-04 2.504075e-01 9.681405e-01
      outer loop
         vertex 1.344452e+02 3.364330e+02 1.204149e+02
         vertex 1.811278e+02 2.587363e+02 1.405017e+02
         vertex 1.957186e+02 3.364365e+02 1.204018e+02
      endloop
   endfacet
   facet normal -9.207135e-01 2.503355e-01 2.993639e-01
      outer loop
         vertex 1.811278e+02 2.587363e+02 1.405017e+02
         vertex 1.910459e+02 2.587377e+02 1.710040e+02
         vertex 1.957186e+02 3.364365e+02 1.204018e+02
      endloop
   endfacet
   facet normal -9.207135e-01 2.503355e-01 2.993638e-01
      outer loop
         vertex 1.957186e+02 3.364365e+02 1.204018e+02
         vertex 1.910459e+02 2.587377e+02 1.710040e+02
         vertex 2.146656e+02 3.364393e+02 1.786722e+02
      endloop
   endfacet
   facet normal -5.692447e-01 2.503250e-01 -7.831333e-01
      outer loop
         vertex 1.910459e+02 2.587377e+02 1.710040e+02
         vertex 1.651012e+02 2.587368e+02 1.898624e+02
         vertex 2.146656e+02 3.364393e+02 1.786722e+02
      endloop
   endfacet
   facet normal -5.692448e-01 2.503250e-01 -7.831333e-01
      outer loop
         vertex 2.146656e+02 3.364393e+02 1.786722e+02
         vertex 1.651012e+02 2.587368e+02 1.898624e+02
         vertex 1.651021e+02 3.364375e+02 2.146985e+02
      endloop
   endfacet
   facet normal -5.761424e-05 1.000000e+00 -2.816476e-05
      outer loop
         vertex 1.811278e+02 2.587363e+02 1.405017e+02
         vertex 1.490535e+02 2.587344e+02 1.405085e+02
         vertex 1.910459e+02 2.587377e+02 1.710040e+02
      endloop
   endfacet
   facet normal -5.743162e-05 1.000000e+00 -2.841623e-05
      outer loop
         vertex 1.910459e+02 2.587377e+02 1.710040e+02
         vertex 1.490535e+02 2.587344e+02 1.405085e+02
         vertex 1.391485e+02 2.587347e+02 1.710151e+02
      endloop
   endfacet
   facet normal -5.743162e-05 1.000000e+00 -2.844193e-05
      outer loop
         vertex 1.910459e+02 2.587377e+02 1.710040e+02
         vertex 1.391485e+02 2.587347e+02 1.710151e+02
         vertex 1.651012e+02 2.587368e+02 1.898624e+02
      endloop
   endfacet
   facet normal -3.704923e-01 5.886116e-01 -7.185206e-01
      outer loop
         vertex 2.378169e+02 2.215847e+02 1.584589e+02
         vertex 2.215122e+02 2.387254e+02 1.809079e+02
         vertex 3.083925e+02 2.634765e+02 1.563856e+02
      endloop
   endfacet
   facet normal -3.704923e-01 5.886116e-01 -7.185206e-01
      outer loop
         vertex 3.083925e+02 2.634765e+02 1.563856e+02
         vertex 2.215122e+02 2.387254e+02 1.809079e+02
         vertex 2.773959e+02 2.960626e+02 1.990629e+02
      endloop
   endfacet
   facet normal 1.986752e-01 -3.794335e-01 -9.036362e-01
      outer loop
         vertex 2.479015e+02 1.938423e+02 1.723250e+02
         vertex 2.378169e+02 2.215847e+02 1.584589e+02
         vertex 3.275642e+02 2.107360e+02 1.827462e+02
      endloop
   endfacet
   facet normal 1.986752e-01 -3.794334e-01 -9.036363e-01
      outer loop
         vertex 3.275642e+02 2.107360e+02 1.827462e+02
         vertex 2.378169e+02 2.215847e+02 1.584589e+02
         vertex 3.083925e+02 2.634765e+02 1.563856e+02
      endloop
   endfacet
   facet normal 1.989453e-01 -9.778894e-01 6.444452e-02
      outer loop
         vertex 2.378294e+02 1.938374e+02 2.033437e+02
         vertex 2.479015e+02 1.938423e+02 1.723250e+02
         vertex 3.084163e+02 2.107266e+02 2.417154e+02
      endloop
   endfacet
   facet normal 1.989451e-01 -9.778894e-01 6.444478e-02
      outer loop
         vertex 3.084163e+02 2.107266e+02 2.417154e+02
         vertex 2.479015e+02 1.938423e+02 1.723250e+02
         vertex 3.275642e+02 2.107360e+02 1.827462e+02
      endloop
   endfacet
   facet normal -3.700555e-01 -3.797106e-01 8.478672e-01
      outer loop
         vertex 2.215199e+02 2.215767e+02 2.086482e+02
         vertex 2.378294e+02 1.938374e+02 2.033437e+02
         vertex 2.774106e+02 2.634614e+02 2.517997e+02
      endloop
   endfacet
   facet normal -3.700555e-01 -3.797107e-01 8.478672e-01
      outer loop
         vertex 2.774106e+02 2.634614e+02 2.517997e+02
         vertex 2.378294e+02 1.938374e+02 2.033437e+02
         vertex 3.084163e+02 2.107266e+02 2.417154e+02
      endloop
   endfacet
   facet normal -7.219871e-01 5.884403e-01 3.639679e-01
      outer loop
         vertex 2.215122e+02 2.387254e+02 1.809079e+02
         vertex 2.215199e+02 2.215767e+02 2.086482e+02
         vertex 2.773959e+02 2.960626e+02 1.990629e+02
      endloop
   endfacet
   facet normal -7.219871e-01 5.884403e-01 3.639679e-01
      outer loop
         vertex 2.773959e+02 2.960626e+02 1.990629e+02
         vertex 2.215199e+02 2.215767e+02 2.086482e+02
         vertex 2.774106e+02 2.634614e+02 2.517997e+02
      endloop
   endfacet
   facet normal -8.506386e-01 -4.473056e-01 -2.762818e-01
      outer loop
         vertex 2.479015e+02 1.938423e+02 1.723250e+02
         vertex 2.378294e+02 1.938374e+02 2.033437e+02
         vertex 2.378169e+02 2.215847e+02 1.584589e+02
      endloop
   endfacet
   facet normal -8.506387e-01 -4.473055e-01 -2.762817e-01
      outer loop
         vertex 2.378169e+02 2.215847e+02 1.584589e+02
         vertex 2.378294e+02 1.938374e+02 2.033437e+02
         vertex 2.215199e+02 2.215767e+02 2.086482e+02
      endloop
   endfacet
   facet normal -8.506387e-01 -4.473055e-01 -2.762817e-01
      outer loop
         vertex 2.378169e+02 2.215847e+02 1.584589e+02
         vertex 2.215199e+02 2.215767e+02 2.086482e+02
         vertex 2.215122e+02 2.387254e+02 1.809079e+02
      endloop
   endfacet
   facet normal 8.506388e-01 4.473050e-01 2.762824e-01
      outer loop
         vertex 3.082923e+02 2.633056e+02 1.569710e+02
         vertex 3.083925e+02 2.634765e+02 1.563856e+02
         vertex 2.776589e+02 2.955098e+02 1.991482e+02
      endloop
   endfacet
   facet normal 8.506368e-01 4.473136e-01 2.762744e-01
      outer loop
         vertex 2.776589e+02 2.955098e+02 1.991482e+02
         vertex 3.083925e+02 2.634765e+02 1.563856e+02
         vertex 2.773959e+02 2.960626e+02 1.990629e+02
      endloop
   endfacet
   facet normal 8.506328e-01 4.473136e-01 2.762867e-01
      outer loop
         vertex 2.776589e+02 2.955098e+02 1.991482e+02
         vertex 2.773959e+02 2.960626e+02 1.990629e+02
         vertex 2.776734e+02 2.632907e+02 2.512670e+02
      endloop
   endfacet
   facet normal 8.506386e-01 4.473057e-01 2.762817e-01
      outer loop
         vertex 2.776734e+02 2.632907e+02 2.512670e+02
         vertex 2.773959e+02 2.960626e+02 1.990629e+02
         vertex 2.774106e+02 2.634614e+02 2.517997e+02
      endloop
   endfacet
   facet normal 8.506387e-01 4.473055e-01 2.762818e-01
      outer loop
         vertex 2.776734e+02 2.632907e+02 2.512670e+02
         vertex 2.774106e+02 2.634614e+02 2.517997e+02
         vertex 3.083158e+02 2.111739e+02 2.413009e+02
      endloop
   endfacet
   facet normal 8.506360e-01 4.473008e-01 2.762976e-01
      outer loop
         vertex 3.083158e+02 2.111739e+02 2.413009e+02
         vertex 2.774106e+02 2.634614e+02 2.517997e+02
         vertex 3.084163e+02 2.107266e+02 2.417154e+02
      endloop
   endfacet
   facet normal 8.506459e-01 4.472904e-01 2.762839e-01
      outer loop
         vertex 3.083158e+02 2.111739e+02 2.413009e+02
         vertex 3.084163e+02 2.107266e+02 2.417154e+02
         vertex 3.272393e+02 2.111831e+02 1.830228e+02
      endloop
   endfacet
   facet normal 8.506381e-01 4.473068e-01 2.762815e-01
      outer loop
         vertex 3.272393e+02 2.111831e+02 1.830228e+02
         vertex 3.084163e+02 2.107266e+02 2.417154e+02
         vertex 3.275642e+02 2.107360e+02 1.827462e+02
      endloop
   endfacet
   facet normal 8.506381e-01 4.473058e-01 2.762831e-01
      outer loop
         vertex 3.272393e+02 2.111831e+02 1.830228e+02
         vertex 3.275642e+02 2.107360e+02 1.827462e+02
         vertex 3.082923e+02 2.633056e+02 1.569710e+02
      endloop
   endfacet
   facet normal 8.506384e-01 4.473056e-01 2.762825e-01
      outer loop
         vertex 3.082923e+02 2.633056e+02 1.569710e+02
         vertex 3.275642e+02 2.107360e+02 1.827462e+02
         vertex 3.083925e+02 2.634765e+02 1.563856e+02
      endloop
   endfacet
   facet normal 3.700555e-01 3.797106e-01 -8.478672e-01
      outer loop
         vertex 2.381802e+02 1.943926e+02 2.031745e+02
         vertex 2.221401e+02 2.216738e+02 2.083914e+02
         vertex 3.083158e+02 2.111739e+02 2.413009e+02
      endloop
   endfacet
   facet normal 3.700555e-01 3.797107e-01 -8.478672e-01
      outer loop
         vertex 3.083158e+02 2.111739e+02 2.413009e+02
         vertex 2.221401e+02 2.216738e+02 2.083914e+02
         vertex 2.776734e+02 2.632907e+02 2.512670e+02
      endloop
   endfacet
   facet normal 7.219872e-01 -5.884402e-01 -3.639680e-01
      outer loop
         vertex 2.221401e+02 2.216738e+02 2.083914e+02
         vertex 2.221325e+02 2.385393e+02 1.811092e+02
         vertex 2.776734e+02 2.632907e+02 2.512670e+02
      endloop
   endfacet
   facet normal 7.219872e-01 -5.884401e-01 -3.639680e-01
      outer loop
         vertex 2.776734e+02 2.632907e+02 2.512670e+02
         vertex 2.221325e+02 2.385393e+02 1.811092e+02
         vertex 2.776589e+02 2.955098e+02 1.991482e+02
      endloop
   endfacet
   facet normal 3.704922e-01 -5.886115e-01 7.185207e-01
      outer loop
         vertex 2.221325e+02 2.385393e+02 1.811092e+02
         vertex 2.381679e+02 2.216816e+02 1.590311e+02
         vertex 2.776589e+02 2.955098e+02 1.991482e+02
      endloop
   endfacet
   facet normal 3.704923e-01 -5.886115e-01 7.185207e-01
      outer loop
         vertex 2.776589e+02 2.955098e+02 1.991482e+02
         vertex 2.381679e+02 2.216816e+02 1.590311e+02
         vertex 3.082923e+02 2.633056e+02 1.569710e+02
      endloop
   endfacet
   facet normal -1.986752e-01 3.794334e-01 9.036362e-01
      outer loop
         vertex 2.381679e+02 2.216816e+02 1.590311e+02
         vertex 2.480859e+02 1.943975e+02 1.726682e+02
         vertex 3.082923e+02 2.633056e+02 1.569710e+02
      endloop
   endfacet
   facet normal -1.986752e-01 3.794334e-01 9.036362e-01
      outer loop
         vertex 3.082923e+02 2.633056e+02 1.569710e+02
         vertex 2.480859e+02 1.943975e+02 1.726682e+02
         vertex 3.272393e+02 2.111831e+02 1.830228e+02
      endloop
   endfacet
   facet normal -1.989452e-01 9.778894e-01 -6.444471e-02
      outer loop
         vertex 2.480859e+02 1.943975e+02 1.726682e+02
         vertex 2.381802e+02 1.943926e+02 2.031745e+02
         vertex 3.272393e+02 2.111831e+02 1.830228e+02
      endloop
   endfacet
   facet normal -1.989452e-01 9.778894e-01 -6.444470e-02
      outer loop
         vertex 3.272393e+02 2.111831e+02 1.830228e+02
         vertex 2.381802e+02 1.943926e+02 2.031745e+02
         vertex 3.083158e+02 2.111739e+02 2.413009e+02
      endloop
   endfacet
   facet normal 8.506388e-01 4.473054e-01 2.762817e-01
      outer loop
         vertex 2.221325e+02 2.385393e+02 1.811092e+02
         vertex 2.221401e+02 2.216738e+02 2.083914e+02
         vertex 2.381679e+02 2.216816e+02 1.590311e+02
      endloop
   endfacet
   facet normal 8.506388e-01 4.473054e-01 2.762817e-01
      outer loop
         vertex 2.381679e+02 2.216816e+02 1.590311e+02
         vertex 2.221401e+02 2.216738e+02 2.083914e+02
         vertex 2.381802e+02 1.943926e+02 2.031745e+02
      endloop
   endfacet
   facet normal 8.506388e-01 4.473054e-01 2.762816e-01
      outer loop
         vertex 2.381679e+02 2.216816e+02 1.590311e+02
         vertex 2.381802e+02 1.943926e+02 2.031745e+02
         vertex 2.480859e+02 1.943975e+02 1.726682e+02
      endloop
   endfacet
   facet normal 1.986919e-01 9.779419e-01 -6.442874e-02
      outer loop
         vertex 2.378238e+02 1.622673e+02 1.217997e+02
         vertex 2.479031e+02 1.622629e+02 1.528161e+02
         vertex 3.084059e+02 1.453977e+02 8.341057e+01
      endloop
   endfacet
   facet normal 1.986918e-01 9.779420e-01 -6.442886e-02
      outer loop
         vertex 3.084059e+02 1.453977e+02 8.341057e+01
         vertex 2.479031e+02 1.622629e+02 1.528161e+02
         vertex 3.275675e+02 1.453893e+02 1.423753e+02
      endloop
   endfacet
   facet normal -3.703450e-01 3.796742e-01 -8.477571e-01
      outer loop
         vertex 2.215198e+02 1.345244e+02 1.164973e+02
         vertex 2.378238e+02 1.622673e+02 1.217997e+02
         vertex 2.774107e+02 9.265605e+01 7.333015e+01
      endloop
   endfacet
   facet normal -3.703448e-01 3.796743e-01 -8.477571e-01
      outer loop
         vertex 2.774107e+02 9.265605e+01 7.333015e+01
         vertex 2.378238e+02 1.622673e+02 1.217997e+02
         vertex 3.084059e+02 1.453977e+02 8.341057e+01
      endloop
   endfacet
   facet normal -7.219282e-01 -5.885930e-01 -3.638378e-01
      outer loop
         vertex 2.215227e+02 1.173738e+02 1.442365e+02
         vertex 2.215198e+02 1.345244e+02 1.164973e+02
         vertex 2.774162e+02 6.005149e+01 1.260648e+02
      endloop
   endfacet
   facet normal -7.219283e-01 -5.885930e-01 -3.638376e-01
      outer loop
         vertex 2.774162e+02 6.005149e+01 1.260648e+02
         vertex 2.215198e+02 1.345244e+02 1.164973e+02
         vertex 2.774107e+02 9.265605e+01 7.333015e+01
      endloop
   endfacet
   facet normal -3.701819e-01 -5.887474e-01 7.185693e-01
      outer loop
         vertex 2.378284e+02 1.345172e+02 1.666828e+02
         vertex 2.215227e+02 1.173738e+02 1.442365e+02
         vertex 3.084148e+02 9.264244e+01 1.687370e+02
      endloop
   endfacet
   facet normal -3.701819e-01 -5.887474e-01 7.185693e-01
      outer loop
         vertex 3.084148e+02 9.264244e+01 1.687370e+02
         vertex 2.215227e+02 1.173738e+02 1.442365e+02
         vertex 2.774162e+02 6.005149e+01 1.260648e+02
      endloop
   endfacet
   facet normal 1.987926e-01 3.794244e-01 9.036142e-01
      outer loop
         vertex 2.479031e+02 1.622629e+02 1.528161e+02
         vertex 2.378284e+02 1.345172e+02 1.666828e+02
         vertex 3.275675e+02 1.453893e+02 1.423753e+02
      endloop
   endfacet
   facet normal 1.987926e-01 3.794244e-01 9.036142e-01
      outer loop
         vertex 3.275675e+02 1.453893e+02 1.423753e+02
         vertex 2.378284e+02 1.345172e+02 1.666828e+02
         vertex 3.084148e+02 9.264244e+01 1.687370e+02
      endloop
   endfacet
   facet normal -8.506835e-01 4.470806e-01 2.765077e-01
      outer loop
         vertex 2.479031e+02 1.622629e+02 1.528161e+02
         vertex 2.378238e+02 1.622673e+02 1.217997e+02
         vertex 2.378284e+02 1.345172e+02 1.666828e+02
      endloop
   endfacet
   facet normal -8.506835e-01 4.470806e-01 2.765077e-01
      outer loop
         vertex 2.378284e+02 1.345172e+02 1.666828e+02
         vertex 2.378238e+02 1.622673e+02 1.217997e+02
         vertex 2.215198e+02 1.345244e+02 1.164973e+02
      endloop
   endfacet
   facet normal -8.506836e-01 4.470805e-01 2.765077e-01
      outer loop
         vertex 2.378284e+02 1.345172e+02 1.666828e+02
         vertex 2.215198e+02 1.345244e+02 1.164973e+02
         vertex 2.215227e+02 1.173738e+02 1.442365e+02
      endloop
   endfacet
   facet normal 8.506843e-01 -4.470822e-01 -2.765026e-01
      outer loop
         vertex 2.776736e+02 9.282681e+01 7.386279e+01
         vertex 2.774107e+02 9.265605e+01 7.333015e+01
         vertex 3.083056e+02 1.449504e+02 8.382508e+01
      endloop
   endfacet
   facet normal 8.506846e-01 -4.470826e-01 -2.765011e-01
      outer loop
         vertex 3.083056e+02 1.449504e+02 8.382508e+01
         vertex 2.774107e+02 9.265605e+01 7.333015e+01
         vertex 3.084059e+02 1.453977e+02 8.341057e+01
      endloop
   endfacet
   facet normal 8.506805e-01 -4.470869e-01 -2.765067e-01
      outer loop
         vertex 3.083056e+02 1.449504e+02 8.382508e+01
         vertex 3.084059e+02 1.453977e+02 8.341057e+01
         vertex 3.272426e+02 1.449421e+02 1.420988e+02
      endloop
   endfacet
   facet normal 8.506818e-01 -4.470843e-01 -2.765071e-01
      outer loop
         vertex 3.272426e+02 1.449421e+02 1.420988e+02
         vertex 3.084059e+02 1.453977e+02 8.341057e+01
         vertex 3.275675e+02 1.453893e+02 1.423753e+02
      endloop
   endfacet
   facet normal 8.506818e-01 -4.470817e-01 -2.765113e-01
      outer loop
         vertex 3.272426e+02 1.449421e+02 1.420988e+02
         vertex 3.275675e+02 1.453893e+02 1.423753e+02
         vertex 3.083143e+02 9.281335e+01 1.681516e+02
      endloop
   endfacet
   facet normal 8.506842e-01 -4.470802e-01 -2.765063e-01
      outer loop
         vertex 3.083143e+02 9.281335e+01 1.681516e+02
         vertex 3.275675e+02 1.453893e+02 1.423753e+02
         vertex 3.084148e+02 9.264244e+01 1.687370e+02
      endloop
   endfacet
   facet normal 8.506832e-01 -4.470819e-01 -2.765066e-01
      outer loop
         vertex 3.083143e+02 9.281335e+01 1.681516e+02
         vertex 3.084148e+02 9.264244e+01 1.687370e+02
         vertex 2.776790e+02 6.060432e+01 1.259795e+02
      endloop
   endfacet
   facet normal 8.506845e-01 -4.470759e-01 -2.765121e-01
      outer loop
         vertex 2.776790e+02 6.060432e+01 1.259795e+02
         vertex 3.084148e+02 9.264244e+01 1.687370e+02
         vertex 2.774162e+02 6.005149e+01 1.260648e+02
      endloop
   endfacet
   facet normal 8.506869e-01 -4.470759e-01 -2.765048e-01
      outer loop
         vertex 2.776790e+02 6.060432e+01 1.259795e+02
         vertex 2.774162e+02 6.005149e+01 1.260648e+02
         vertex 2.776736e+02 9.282681e+01 7.386279e+01
      endloop
   endfacet
   facet normal 8.506863e-01 -4.470767e-01 -2.765053e-01
      outer loop
         vertex 2.776736e+02 9.282681e+01 7.386279e+01
         vertex 2.774162e+02 6.005149e+01 1.260648e+02
         vertex 2.774107e+02 9.265605e+01 7.333015e+01
      endloop
   endfacet
   facet normal 3.701819e-01 5.887474e-01 -7.185693e-01
      outer loop
         vertex 2.221429e+02 1.175602e+02 1.440350e+02
         vertex 2.381793e+02 1.344204e+02 1.661105e+02
         vertex 2.776790e+02 6.060432e+01 1.259795e+02
      endloop
   endfacet
   facet normal 3.701819e-01 5.887474e-01 -7.185693e-01
      outer loop
         vertex 2.776790e+02 6.060432e+01 1.259795e+02
         vertex 2.381793e+02 1.344204e+02 1.661105e+02
         vertex 3.083143e+02 9.281335e+01 1.681516e+02
      endloop
   endfacet
   facet normal -1.987926e-01 -3.794244e-01 -9.036142e-01
      outer loop
         vertex 2.381793e+02 1.344204e+02 1.661105e+02
         vertex 2.480875e+02 1.617078e+02 1.524728e+02
         vertex 3.083143e+02 9.281335e+01 1.681516e+02
      endloop
   endfacet
   facet normal -1.987926e-01 -3.794244e-01 -9.036142e-01
      outer loop
         vertex 3.083143e+02 9.281335e+01 1.681516e+02
         vertex 2.480875e+02 1.617078e+02 1.524728e+02
         vertex 3.272426e+02 1.449421e+02 1.420988e+02
      endloop
   endfacet
   facet normal -1.986919e-01 -9.779420e-01 6.442874e-02
      outer loop
         vertex 2.480875e+02 1.617078e+02 1.524728e+02
         vertex 2.381747e+02 1.617121e+02 1.219688e+02
         vertex 3.272426e+02 1.449421e+02 1.420988e+02
      endloop
   endfacet
   facet normal -1.986919e-01 -9.779420e-01 6.442872e-02
      outer loop
         vertex 3.272426e+02 1.449421e+02 1.420988e+02
         vertex 2.381747e+02 1.617121e+02 1.219688e+02
         vertex 3.083056e+02 1.449504e+02 8.382508e+01
      endloop
   endfacet
   facet normal 3.703450e-01 -3.796742e-01 8.477571e-01
      outer loop
         vertex 2.381747e+02 1.617121e+02 1.219688e+02
         vertex 2.221401e+02 1.344274e+02 1.167539e+02
         vertex 3.083056e+02 1.449504e+02 8.382508e+01
      endloop
   endfacet
   facet normal 3.703450e-01 -3.796743e-01 8.477571e-01
      outer loop
         vertex 3.083056e+02 1.449504e+02 8.382508e+01
         vertex 2.221401e+02 1.344274e+02 1.167539e+02
         vertex 2.776736e+02 9.282681e+01 7.386279e+01
      endloop
   endfacet
   facet normal 7.219283e-01 5.885929e-01 3.638377e-01
      outer loop
         vertex 2.221401e+02 1.344274e+02 1.167539e+02
         vertex 2.221429e+02 1.175602e+02 1.440350e+02
         vertex 2.776736e+02 9.282681e+01 7.386279e+01
      endloop
   endfacet
   facet normal 7.219283e-01 5.885930e-01 3.638377e-01
      outer loop
         vertex 2.776736e+02 9.282681e+01 7.386279e+01
         vertex 2.221429e+02 1.175602e+02 1.440350e+02
         vertex 2.776790e+02 6.060432e+01 1.259795e+02
      endloop
   endfacet
   facet normal 8.506836e-01 -4.470806e-01 -2.765076e-01
      outer loop
         vertex 2.480875e+02 1.617078e+02 1.524728e+02
         vertex 2.381793e+02 1.344204e+02 1.661105e+02
         vertex 2.381747e+02 1.617121e+02 1.219688e+02
      endloop
   endfacet
   facet normal 8.506836e-01 -4.470806e-01 -2.765076e-01
      outer loop
         vertex 2.381747e+02 1.617121e+02 1.219688e+02
         vertex 2.381793e+02 1.344204e+02 1.661105e+02
         vertex 2.221429e+02 1.175602e+02 1.440350e+02
      endloop
   endfacet
   facet normal 8.506835e-01 -4.470806e-01 -2.765077e-01
      outer loop
         vertex 2.381747e+02 1.617121e+02 1.219688e+02
         vertex 2.221429e+02 1.175602e+02 1.440350e+02
         vertex 2.221401e+02 1.344274e+02 1.167539e+02
      endloop
   endfacet
   facet normal 3.143194e-01 -8.795471e-03 9.492765e-01
      outer loop
         vertex 1.112076e+02 2.385195e+02 1.789709e+02
         vertex 1.372905e+02 2.554669e+02 1.704915e+02
         vertex 5.507415e+01 3.006665e+02 1.981334e+02
      endloop
   endfacet
   facet normal 3.143194e-01 -8.795476e-03 9.492765e-01
      outer loop
         vertex 5.507415e+01 3.006665e+02 1.981334e+02
         vertex 1.372905e+02 2.554669e+02 1.704915e+02
         vertex 1.099331e+02 3.363112e+02 1.802990e+02
      endloop
   endfacet
   facet normal -3.889235e-01 -5.735827e-01 7.209309e-01
      outer loop
         vertex 9.508332e+01 2.215696e+02 1.567867e+02
         vertex 1.112076e+02 2.385195e+02 1.789709e+02
         vertex 2.116069e+01 2.650165e+02 1.514743e+02
      endloop
   endfacet
   facet normal -3.889235e-01 -5.735827e-01 7.209309e-01
      outer loop
         vertex 2.116069e+01 2.650165e+02 1.514743e+02
         vertex 1.112076e+02 2.385195e+02 1.789709e+02
         vertex 5.507415e+01 3.006665e+02 1.981334e+02
      endloop
   endfacet
   facet normal -4.916538e-01 -8.560392e-01 -1.596040e-01
      outer loop
         vertex 1.050419e+02 2.215671e+02 1.261231e+02
         vertex 9.508332e+01 2.215696e+02 1.567867e+02
         vertex 4.210620e+01 2.650112e+02 8.698089e+01
      endloop
   endfacet
   facet normal -4.916538e-01 -8.560392e-01 -1.596039e-01
      outer loop
         vertex 4.210620e+01 2.650112e+02 8.698089e+01
         vertex 9.508332e+01 2.215696e+02 1.567867e+02
         vertex 2.116069e+01 2.650165e+02 1.514743e+02
      endloop
   endfacet
   facet normal 1.088588e-01 -5.737086e-01 -8.117932e-01
      outer loop
         vertex 1.311248e+02 2.385145e+02 1.176437e+02
         vertex 1.050419e+02 2.215671e+02 1.261231e+02
         vertex 9.696516e+01 3.006559e+02 6.914655e+01
      endloop
   endfacet
   facet normal 1.088589e-01 -5.737086e-01 -8.117932e-01
      outer loop
         vertex 9.696516e+01 3.006559e+02 6.914655e+01
         vertex 1.050419e+02 2.215671e+02 1.261231e+02
         vertex 4.210620e+01 2.650112e+02 8.698089e+01
      endloop
   endfacet
   facet normal 8.121018e-01 -8.921436e-03 -5.834475e-01
      outer loop
         vertex 1.472491e+02 2.554644e+02 1.398279e+02
         vertex 1.311248e+02 2.385145e+02 1.176437e+02
         vertex 1.308786e+02 3.363059e+02 1.158056e+02
      endloop
   endfacet
   facet normal 8.121018e-01 -8.921437e-03 -5.834476e-01
      outer loop
         vertex 1.308786e+02 3.363059e+02 1.158056e+02
         vertex 1.311248e+02 2.385145e+02 1.176437e+02
         vertex 9.696516e+01 3.006559e+02 6.914655e+01
      endloop
   endfacet
   facet normal 9.148321e-01 2.735351e-01 2.970873e-01
      outer loop
         vertex 1.372905e+02 2.554669e+02 1.704915e+02
         vertex 1.472491e+02 2.554644e+02 1.398279e+02
         vertex 1.099331e+02 3.363112e+02 1.802990e+02
      endloop
   endfacet
   facet normal 9.148321e-01 2.735351e-01 2.970872e-01
      outer loop
         vertex 1.099331e+02 3.363112e+02 1.802990e+02
         vertex 1.472491e+02 2.554644e+02 1.398279e+02
         vertex 1.308786e+02 3.363059e+02 1.158056e+02
      endloop
   endfacet
   facet normal 5.773219e-01 -7.946823e-01 1.875619e-01
      outer loop
         vertex 1.311248e+02 2.385145e+02 1.176437e+02
         vertex 1.472491e+02 2.554644e+02 1.398279e+02
         vertex 1.050419e+02 2.215671e+02 1.261231e+02
      endloop
   endfacet
   facet normal 5.773218e-01 -7.946823e-01 1.875619e-01
      outer loop
         vertex 1.050419e+02 2.215671e+02 1.261231e+02
         vertex 1.472491e+02 2.554644e+02 1.398279e+02
         vertex 1.372905e+02 2.554669e+02 1.704915e+02
      endloop
   endfacet
   facet normal 5.773218e-01 -7.946823e-01 1.875619e-01
      outer loop
         vertex 1.050419e+02 2.215671e+02 1.261231e+02
         vertex 1.372905e+02 2.554669e+02 1.704915e+02
         vertex 9.508332e+01 2.215696e+02 1.567867e+02
      endloop
   endfacet
   facet normal 5.773218e-01 -7.946823e-01 1.875619e-01
      outer loop
         vertex 9.508332e+01 2.215696e+02 1.567867e+02
         vertex 1.372905e+02 2.554669e+02 1.704915e+02
         vertex 1.112076e+02 2.385195e+02 1.789709e+02
      endloop
   endfacet
   facet normal -5.773183e-01 7.946920e-01 -1.875320e-01
      outer loop
         vertex 5.525248e+01 3.006664e+02 1.975843e+02
         vertex 5.507415e+01 3.006665e+02 1.981334e+02
         vertex 1.096444e+02 3.360077e+02 1.799018e+02
      endloop
   endfacet
   facet normal -5.773226e-01 7.946806e-01 -1.875667e-01
      outer loop
         vertex 1.096444e+02 3.360077e+02 1.799018e+02
         vertex 5.507415e+01 3.006665e+02 1.981334e+02
         vertex 1.099331e+02 3.363112e+02 1.802990e+02
      endloop
   endfacet
   facet normal -5.773256e-01 7.946792e-01 -1.875634e-01
      outer loop
         vertex 1.096444e+02 3.360077e+02 1.799018e+02
         vertex 1.099331e+02 3.363112e+02 1.802990e+02
         vertex 1.304115e+02 3.360024e+02 1.159575e+02
      endloop
   endfacet
   facet normal -5.773443e-01 7.946643e-01 -1.875693e-01
      outer loop
         vertex 1.304115e+02 3.360024e+02 1.159575e+02
         vertex 1.099331e+02 3.363112e+02 1.802990e+02
         vertex 1.308786e+02 3.363059e+02 1.158056e+02
      endloop
   endfacet
   facet normal -5.773410e-01 7.946733e-01 -1.875410e-01
      outer loop
         vertex 1.304115e+02 3.360024e+02 1.159575e+02
         vertex 1.308786e+02 3.363059e+02 1.158056e+02
         vertex 9.678683e+01 3.006559e+02 6.969567e+01
      endloop
   endfacet
   facet normal -5.773367e-01 7.946753e-01 -1.875458e-01
      outer loop
         vertex 9.678683e+01 3.006559e+02 6.969567e+01
         vertex 1.308786e+02 3.363059e+02 1.158056e+02
         vertex 9.696516e+01 3.006559e+02 6.914655e+01
      endloop
   endfacet
   facet normal -5.773191e-01 7.946895e-01 -1.875401e-01
      outer loop
         vertex 9.678683e+01 3.006559e+02 6.969567e+01
         vertex 9.696516e+01 3.006559e+02 6.914655e+01
         vertex 4.239495e+01 2.653147e+02 8.737817e+01
      endloop
   endfacet
   facet normal -5.773223e-01 7.946811e-01 -1.875656e-01
      outer loop
         vertex 4.239495e+01 2.653147e+02 8.737817e+01
         vertex 9.696516e+01 3.006559e+02 6.914655e+01
         vertex 4.210620e+01 2.650112e+02 8.698089e+01
      endloop
   endfacet
   facet normal -5.773247e-01 7.946800e-01 -1.875629e-01
      outer loop
         vertex 4.239495e+01 2.653147e+02 8.737817e+01
         vertex 4.210620e+01 2.650112e+02 8.698089e+01
         vertex 2.162778e+01 2.653200e+02 1.513225e+02
      endloop
   endfacet
   facet normal -5.773191e-01 7.946845e-01 -1.875612e-01
      outer loop
         vertex 2.162778e+01 2.653200e+02 1.513225e+02
         vertex 4.210620e+01 2.650112e+02 8.698089e+01
         vertex 2.116069e+01 2.650165e+02 1.514743e+02
      endloop
   endfacet
   facet normal -5.773195e-01 7.946834e-01 -1.875644e-01
      outer loop
         vertex 2.162778e+01 2.653200e+02 1.513225e+02
         vertex 2.116069e+01 2.650165e+02 1.514743e+02
         vertex 5.525248e+01 3.006664e+02 1.975843e+02
      endloop
   endfacet
   facet normal -5.773420e-01 7.946729e-01 -1.875397e-01
      outer loop
         vertex 5.525248e+01 3.006664e+02 1.975843e+02
         vertex 2.116069e+01 2.650165e+02 1.514743e+02
         vertex 5.507415e+01 3.006665e+02 1.981334e+02
      endloop
   endfacet
   facet normal 3.889236e-01 5.735827e-01 -7.209309e-01
      outer loop
         vertex 1.110988e+02 2.388374e+02 1.785199e+02
         vertex 9.517229e+01 2.220953e+02 1.566077e+02
         vertex 5.525248e+01 3.006664e+02 1.975843e+02
      endloop
   endfacet
   facet normal 3.889236e-01 5.735827e-01 -7.209309e-01
      outer loop
         vertex 5.525248e+01 3.006664e+02 1.975843e+02
         vertex 9.517229e+01 2.220953e+02 1.566077e+02
         vertex 2.162778e+01 2.653200e+02 1.513225e+02
      endloop
   endfacet
   facet normal 4.916538e-01 8.560392e-01 1.596039e-01
      outer loop
         vertex 9.517229e+01 2.220953e+02 1.566077e+02
         vertex 1.050088e+02 2.220928e+02 1.263201e+02
         vertex 2.162778e+01 2.653200e+02 1.513225e+02
      endloop
   endfacet
   facet normal 4.916538e-01 8.560392e-01 1.596038e-01
      outer loop
         vertex 2.162778e+01 2.653200e+02 1.513225e+02
         vertex 1.050088e+02 2.220928e+02 1.263201e+02
         vertex 4.239495e+01 2.653147e+02 8.737817e+01
      endloop
   endfacet
   facet normal -1.088588e-01 5.737086e-01 8.117932e-01
      outer loop
         vertex 1.050088e+02 2.220928e+02 1.263201e+02
         vertex 1.307718e+02 2.388324e+02 1.179447e+02
         vertex 4.239495e+01 2.653147e+02 8.737817e+01
      endloop
   endfacet
   facet normal -1.088588e-01 5.737087e-01 8.117931e-01
      outer loop
         vertex 4.239495e+01 2.653147e+02 8.737817e+01
         vertex 1.307718e+02 2.388324e+02 1.179447e+02
         vertex 9.678683e+01 3.006559e+02 6.969567e+01
      endloop
   endfacet
   facet normal -8.121018e-01 8.921430e-03 5.834475e-01
      outer loop
         vertex 1.307718e+02 2.388324e+02 1.179447e+02
         vertex 1.466983e+02 2.555745e+02 1.398569e+02
         vertex 9.678683e+01 3.006559e+02 6.969567e+01
      endloop
   endfacet
   facet normal -8.121018e-01 8.921430e-03 5.834475e-01
      outer loop
         vertex 9.678683e+01 3.006559e+02 6.969567e+01
         vertex 1.466983e+02 2.555745e+02 1.398569e+02
         vertex 1.304115e+02 3.360024e+02 1.159575e+02
      endloop
   endfacet
   facet normal -9.148320e-01 -2.735352e-01 -2.970873e-01
      outer loop
         vertex 1.466983e+02 2.555745e+02 1.398569e+02
         vertex 1.368618e+02 2.555769e+02 1.701444e+02
         vertex 1.304115e+02 3.360024e+02 1.159575e+02
      endloop
   endfacet
   facet normal -9.148321e-01 -2.735351e-01 -2.970872e-01
      outer loop
         vertex 1.304115e+02 3.360024e+02 1.159575e+02
         vertex 1.368618e+02 2.555769e+02 1.701444e+02
         vertex 1.096444e+02 3.360077e+02 1.799018e+02
      endloop
   endfacet
   facet normal -3.143195e-01 8.795485e-03 -9.492765e-01
      outer loop
         vertex 1.368618e+02 2.555769e+02 1.701444e+02
         vertex 1.110988e+02 2.388374e+02 1.785199e+02
         vertex 1.096444e+02 3.360077e+02 1.799018e+02
      endloop
   endfacet
   facet normal -3.143194e-01 8.795487e-03 -9.492765e-01
      outer loop
         vertex 1.096444e+02 3.360077e+02 1.799018e+02
         vertex 1.110988e+02 2.388374e+02 1.785199e+02
         vertex 5.525248e+01 3.006664e+02 1.975843e+02
      endloop
   endfacet
   facet normal -5.773221e-01 7.946821e-01 -1.875620e-01
      outer loop
         vertex 1.466983e+02 2.555745e+02 1.398569e+02
         vertex 1.307718e+02 2.388324e+02 1.179447e+02
         vertex 1.368618e+02 2.555769e+02 1.701444e+02
      endloop
   endfacet
   facet normal -5.773217e-01 7.946824e-01 -1.875622e-01
      outer loop
         vertex 1.368618e+02 2.555769e+02 1.701444e+02
         vertex 1.307718e+02 2.388324e+02 1.179447e+02
         vertex 1.050088e+02 2.220928e+02 1.263201e+02
      endloop
   endfacet
   facet normal -5.773221e-01 7.946822e-01 -1.875618e-01
      outer loop
         vertex 1.368618e+02 2.555769e+02 1.701444e+02
         vertex 1.050088e+02 2.220928e+02 1.263201e+02
         vertex 1.110988e+02 2.388374e+02 1.785199e+02
      endloop
   endfacet
   facet normal -5.773218e-01 7.946824e-01 -1.875619e-01
      outer loop
         vertex 1.110988e+02 2.388374e+02 1.785199e+02
         vertex 1.050088e+02 2.220928e+02 1.263201e+02
         vertex 9.517229e+01 2.220953e+02 1.566077e+02
      endloop
   endfacet
   facet normal 3.039708e-01 -8.560483e-01 4.180707e-01
      outer loop
         vertex 1.922683e+02 2.215663e+02 2.273733e+02
         vertex 2.183463e+02 2.215680e+02 2.084161e+02
         vertex 2.201872e+02 2.650095e+02 2.960291e+02
      endloop
   endfacet
   facet normal 3.039708e-01 -8.560483e-01 4.180707e-01
      outer loop
         vertex 2.201872e+02 2.650095e+02 2.960291e+02
         vertex 2.183463e+02 2.215680e+02 2.084161e+02
         vertex 2.750357e+02 2.650132e+02 2.561574e+02
      endloop
   endfacet
   facet normal -5.651708e-01 -5.736917e-01 5.928404e-01
      outer loop
         vertex 1.661822e+02 2.385145e+02 2.189054e+02
         vertex 1.922683e+02 2.215663e+02 2.273733e+02
         vertex 1.653214e+02 3.006559e+02 2.782191e+02
      endloop
   endfacet
   facet normal -5.651710e-01 -5.736917e-01 5.928403e-01
      outer loop
         vertex 1.653214e+02 3.006559e+02 2.782191e+02
         vertex 1.922683e+02 2.215663e+02 2.273733e+02
         vertex 2.201872e+02 2.650095e+02 2.960291e+02
      endloop
   endfacet
   facet normal -9.999470e-01 -8.891583e-03 -5.195997e-03
      outer loop
         vertex 1.661740e+02 2.554644e+02 1.914804e+02
         vertex 1.661822e+02 2.385145e+02 2.189054e+02
         vertex 1.653041e+02 3.363059e+02 2.205373e+02
      endloop
   endfacet
   facet normal -9.999470e-01 -8.891583e-03 -5.195997e-03
      outer loop
         vertex 1.653041e+02 3.363059e+02 2.205373e+02
         vertex 1.661822e+02 2.385145e+02 2.189054e+02
         vertex 1.653214e+02 3.006559e+02 2.782191e+02
      endloop
   endfacet
   facet normal -5.655814e-01 2.735520e-01 -7.780019e-01
      outer loop
         vertex 1.922519e+02 2.554661e+02 1.725232e+02
         vertex 1.661740e+02 2.554644e+02 1.914804e+02
         vertex 2.201526e+02 3.363096e+02 1.806655e+02
      endloop
   endfacet
   facet normal -5.655814e-01 2.735519e-01 -7.780019e-01
      outer loop
         vertex 2.201526e+02 3.363096e+02 1.806655e+02
         vertex 1.661740e+02 2.554644e+02 1.914804e+02
         vertex 1.653041e+02 3.363059e+02 2.205373e+02
      endloop
   endfacet
   facet normal 3.035603e-01 -8.804591e-03 -9.527716e-01
      outer loop
         vertex 2.183380e+02 2.385179e+02 1.809911e+02
         vertex 1.922519e+02 2.554661e+02 1.725232e+02
         vertex 2.750184e+02 3.006632e+02 1.984756e+02
      endloop
   endfacet
   facet normal 3.035603e-01 -8.804584e-03 -9.527716e-01
      outer loop
         vertex 2.750184e+02 3.006632e+02 1.984756e+02
         vertex 1.922519e+02 2.554661e+02 1.725232e+02
         vertex 2.201526e+02 3.363096e+02 1.806655e+02
      endloop
   endfacet
   facet normal 7.383364e-01 -5.736046e-01 -3.547353e-01
      outer loop
         vertex 2.183463e+02 2.215680e+02 2.084161e+02
         vertex 2.183380e+02 2.385179e+02 1.809911e+02
         vertex 2.750357e+02 2.650132e+02 2.561574e+02
      endloop
   endfacet
   facet normal 7.383363e-01 -5.736049e-01 -3.547351e-01
      outer loop
         vertex 2.750357e+02 2.650132e+02 2.561574e+02
         vertex 2.183380e+02 2.385179e+02 1.809911e+02
         vertex 2.750184e+02 3.006632e+02 1.984756e+02
      endloop
   endfacet
   facet normal -3.569028e-01 -7.946717e-01 -4.910369e-01
      outer loop
         vertex 1.922519e+02 2.554661e+02 1.725232e+02
         vertex 2.183380e+02 2.385179e+02 1.809911e+02
         vertex 1.661740e+02 2.554644e+02 1.914804e+02
      endloop
   endfacet
   facet normal -3.569028e-01 -7.946717e-01 -4.910369e-01
      outer loop
         vertex 1.661740e+02 2.554644e+02 1.914804e+02
         vertex 2.183380e+02 2.385179e+02 1.809911e+02
         vertex 2.183463e+02 2.215680e+02 2.084161e+02
      endloop
   endfacet
   facet normal -3.569028e-01 -7.946717e-01 -4.910369e-01
      outer loop
         vertex 1.661740e+02 2.554644e+02 1.914804e+02
         vertex 2.183463e+02 2.215680e+02 2.084161e+02
         vertex 1.661822e+02 2.385145e+02 2.189054e+02
      endloop
   endfacet
   facet normal -3.569028e-01 -7.946717e-01 -4.910370e-01
      outer loop
         vertex 1.661822e+02 2.385145e+02 2.189054e+02
         vertex 2.183463e+02 2.215680e+02 2.084161e+02
         vertex 1.922683e+02 2.215663e+02 2.273733e+02
      endloop
   endfacet
   facet normal 3.569048e-01 7.946691e-01 4.910397e-01
      outer loop
         vertex 2.201528e+02 3.360060e+02 1.811566e+02
         vertex 2.201526e+02 3.363096e+02 1.806655e+02
         vertex 1.657713e+02 3.360024e+02 2.206889e+02
      endloop
   endfacet
   facet normal 3.569042e-01 7.946698e-01 4.910390e-01
      outer loop
         vertex 1.657713e+02 3.360024e+02 2.206889e+02
         vertex 2.201526e+02 3.363096e+02 1.806655e+02
         vertex 1.653041e+02 3.363059e+02 2.205373e+02
      endloop
   endfacet
   facet normal 3.569058e-01 7.946708e-01 4.910363e-01
      outer loop
         vertex 1.657713e+02 3.360024e+02 2.206889e+02
         vertex 1.653041e+02 3.363059e+02 2.205373e+02
         vertex 1.657884e+02 3.006559e+02 2.778796e+02
      endloop
   endfacet
   facet normal 3.569029e-01 7.946717e-01 4.910369e-01
      outer loop
         vertex 1.657884e+02 3.006559e+02 2.778796e+02
         vertex 1.653041e+02 3.363059e+02 2.205373e+02
         vertex 1.653214e+02 3.006559e+02 2.782191e+02
      endloop
   endfacet
   facet normal 3.569029e-01 7.946717e-01 4.910369e-01
      outer loop
         vertex 1.657884e+02 3.006559e+02 2.778796e+02
         vertex 1.653214e+02 3.006559e+02 2.782191e+02
         vertex 2.201870e+02 2.653131e+02 2.955380e+02
      endloop
   endfacet
   facet normal 3.568975e-01 7.946682e-01 4.910465e-01
      outer loop
         vertex 2.201870e+02 2.653131e+02 2.955380e+02
         vertex 1.653214e+02 3.006559e+02 2.782191e+02
         vertex 2.201872e+02 2.650095e+02 2.960291e+02
      endloop
   endfacet
   facet normal 3.569082e-01 7.946647e-01 4.910444e-01
      outer loop
         vertex 2.201870e+02 2.653131e+02 2.955380e+02
         vertex 2.201872e+02 2.650095e+02 2.960291e+02
         vertex 2.745686e+02 2.653167e+02 2.560058e+02
      endloop
   endfacet
   facet normal 3.569043e-01 7.946697e-01 4.910391e-01
      outer loop
         vertex 2.745686e+02 2.653167e+02 2.560058e+02
         vertex 2.201872e+02 2.650095e+02 2.960291e+02
         vertex 2.750357e+02 2.650132e+02 2.561574e+02
      endloop
   endfacet
   facet normal 3.569060e-01 7.946708e-01 4.910361e-01
      outer loop
         vertex 2.745686e+02 2.653167e+02 2.560058e+02
         vertex 2.750357e+02 2.650132e+02 2.561574e+02
         vertex 2.745514e+02 3.006632e+02 1.988151e+02
      endloop
   endfacet
   facet normal 3.569043e-01 7.946713e-01 4.910364e-01
      outer loop
         vertex 2.745514e+02 3.006632e+02 1.988151e+02
         vertex 2.750357e+02 2.650132e+02 2.561574e+02
         vertex 2.750184e+02 3.006632e+02 1.984756e+02
      endloop
   endfacet
   facet normal 3.569038e-01 7.946721e-01 4.910357e-01
      outer loop
         vertex 2.745514e+02 3.006632e+02 1.988151e+02
         vertex 2.750184e+02 3.006632e+02 1.984756e+02
         vertex 2.201528e+02 3.360060e+02 1.811566e+02
      endloop
   endfacet
   facet normal 3.569011e-01 7.946703e-01 4.910404e-01
      outer loop
         vertex 2.201528e+02 3.360060e+02 1.811566e+02
         vertex 2.750184e+02 3.006632e+02 1.984756e+02
         vertex 2.201526e+02 3.363096e+02 1.806655e+02
      endloop
   endfacet
   facet normal 5.651708e-01 5.736919e-01 -5.928403e-01
      outer loop
         vertex 1.924110e+02 2.220920e+02 2.272333e+02
         vertex 1.666448e+02 2.388323e+02 2.188693e+02
         vertex 2.201870e+02 2.653131e+02 2.955380e+02
      endloop
   endfacet
   facet normal 5.651710e-01 5.736916e-01 -5.928403e-01
      outer loop
         vertex 2.201870e+02 2.653131e+02 2.955380e+02
         vertex 1.666448e+02 2.388323e+02 2.188693e+02
         vertex 1.657884e+02 3.006559e+02 2.778796e+02
      endloop
   endfacet
   facet normal 9.999470e-01 8.891582e-03 5.195999e-03
      outer loop
         vertex 1.666448e+02 2.388323e+02 2.188693e+02
         vertex 1.666367e+02 2.555744e+02 1.917807e+02
         vertex 1.657884e+02 3.006559e+02 2.778796e+02
      endloop
   endfacet
   facet normal 9.999470e-01 8.891585e-03 5.195997e-03
      outer loop
         vertex 1.657884e+02 3.006559e+02 2.778796e+02
         vertex 1.666367e+02 2.555744e+02 1.917807e+02
         vertex 1.657713e+02 3.360024e+02 2.206889e+02
      endloop
   endfacet
   facet normal 5.655813e-01 -2.735520e-01 7.780020e-01
      outer loop
         vertex 1.666367e+02 2.555744e+02 1.917807e+02
         vertex 1.923948e+02 2.555761e+02 1.730560e+02
         vertex 1.657713e+02 3.360024e+02 2.206889e+02
      endloop
   endfacet
   facet normal 5.655814e-01 -2.735520e-01 7.780019e-01
      outer loop
         vertex 1.657713e+02 3.360024e+02 2.206889e+02
         vertex 1.923948e+02 2.555761e+02 1.730560e+02
         vertex 2.201528e+02 3.360060e+02 1.811566e+02
      endloop
   endfacet
   facet normal -3.035602e-01 8.804582e-03 9.527716e-01
      outer loop
         vertex 1.923948e+02 2.555761e+02 1.730560e+02
         vertex 2.181610e+02 2.388358e+02 1.814200e+02
         vertex 2.201528e+02 3.360060e+02 1.811566e+02
      endloop
   endfacet
   facet normal -3.035602e-01 8.804581e-03 9.527716e-01
      outer loop
         vertex 2.201528e+02 3.360060e+02 1.811566e+02
         vertex 2.181610e+02 2.388358e+02 1.814200e+02
         vertex 2.745514e+02 3.006632e+02 1.988151e+02
      endloop
   endfacet
   facet normal -7.383363e-01 5.736048e-01 3.547352e-01
      outer loop
         vertex 2.181610e+02 2.388358e+02 1.814200e+02
         vertex 2.181691e+02 2.220937e+02 2.085087e+02
         vertex 2.745514e+02 3.006632e+02 1.988151e+02
      endloop
   endfacet
   facet normal -7.383363e-01 5.736048e-01 3.547351e-01
      outer loop
         vertex 2.745514e+02 3.006632e+02 1.988151e+02
         vertex 2.181691e+02 2.220937e+02 2.085087e+02
         vertex 2.745686e+02 2.653167e+02 2.560058e+02
      endloop
   endfacet
   facet normal -3.039707e-01 8.560482e-01 -4.180708e-01
      outer loop
         vertex 2.181691e+02 2.220937e+02 2.085087e+02
         vertex 1.924110e+02 2.220920e+02 2.272333e+02
         vertex 2.745686e+02 2.653167e+02 2.560058e+02
      endloop
   endfacet
   facet normal -3.039708e-01 8.560483e-01 -4.180706e-01
      outer loop
         vertex 2.745686e+02 2.653167e+02 2.560058e+02
         vertex 1.924110e+02 2.220920e+02 2.272333e+02
         vertex 2.201870e+02 2.653131e+02 2.955380e+02
      endloop
   endfacet
   facet normal 3.569032e-01 7.946714e-01 4.910371e-01
      outer loop
         vertex 1.666367e+02 2.555744e+02 1.917807e+02
         vertex 1.666448e+02 2.388323e+02 2.188693e+02
         vertex 1.923948e+02 2.555761e+02 1.730560e+02
      endloop
   endfacet
   facet normal 3.569025e-01 7.946719e-01 4.910369e-01
      outer loop
         vertex 1.923948e+02 2.555761e+02 1.730560e+02
         vertex 1.666448e+02 2.388323e+02 2.188693e+02
         vertex 1.924110e+02 2.220920e+02 2.272333e+02
      endloop
   endfacet
   facet normal 3.569030e-01 7.946717e-01 4.910368e-01
      outer loop
         vertex 1.923948e+02 2.555761e+02 1.730560e+02
         vertex 1.924110e+02 2.220920e+02 2.272333e+02
         vertex 2.181610e+02 2.388358e+02 1.814200e+02
      endloop
   endfacet
   facet normal 3.569030e-01 7.946717e-01 4.910368e-01
      outer loop
         vertex 2.181610e+02 2.388358e+02 1.814200e+02
         vertex 1.924110e+02 2.220920e+02 2.272333e+02
         vertex 2.181691e+02 2.220937e+02 2.085087e+02
      endloop
   endfacet
   facet normal -5.082902e-01 -8.451867e-01 -1.652288e-01
      outer loop
         vertex 2.262397e+02 1.363432e+02 1.993730e+02
         vertex 2.361967e+02 1.363498e+02 1.687088e+02
         vertex 2.883139e+02 9.141819e+01 2.382181e+02
      endloop
   endfacet
   facet normal -5.082903e-01 -8.451867e-01 -1.652287e-01
      outer loop
         vertex 2.883139e+02 9.141819e+01 2.382181e+02
         vertex 2.361967e+02 1.363498e+02 1.687088e+02
         vertex 3.092560e+02 9.143206e+01 1.737236e+02
      endloop
   endfacet
   facet normal -6.741977e-01 -3.883951e-01 6.281772e-01
      outer loop
         vertex 2.262393e+02 1.637655e+02 2.163274e+02
         vertex 2.262397e+02 1.363432e+02 1.993730e+02
         vertex 2.883130e+02 1.490942e+02 2.738775e+02
      endloop
   endfacet
   facet normal -6.741977e-01 -3.883952e-01 6.281772e-01
      outer loop
         vertex 2.883130e+02 1.490942e+02 2.738775e+02
         vertex 2.262397e+02 1.363432e+02 1.993730e+02
         vertex 2.883139e+02 9.141819e+01 2.382181e+02
      endloop
   endfacet
   facet normal -5.083130e-01 5.255174e-01 6.822385e-01
      outer loop
         vertex 2.361958e+02 1.911944e+02 2.026176e+02
         vertex 2.262393e+02 1.637655e+02 2.163274e+02
         vertex 3.092540e+02 2.067841e+02 2.450424e+02
      endloop
   endfacet
   facet normal -5.083131e-01 5.255177e-01 6.822382e-01
      outer loop
         vertex 3.092540e+02 2.067841e+02 2.450424e+02
         vertex 2.262393e+02 1.637655e+02 2.163274e+02
         vertex 2.883130e+02 1.490942e+02 2.738775e+02
      endloop
   endfacet
   facet normal -1.765210e-01 9.826389e-01 -5.710710e-02
      outer loop
         vertex 2.461528e+02 1.912009e+02 1.719535e+02
         vertex 2.361958e+02 1.911944e+02 2.026176e+02
         vertex 3.301961e+02 2.067979e+02 1.805478e+02
      endloop
   endfacet
   facet normal -1.765209e-01 9.826389e-01 -5.710671e-02
      outer loop
         vertex 3.301961e+02 2.067979e+02 1.805478e+02
         vertex 2.361958e+02 1.911944e+02 2.026176e+02
         vertex 3.092540e+02 2.067841e+02 2.450424e+02
      endloop
   endfacet
   facet normal -1.061342e-02 5.258475e-01 -8.505127e-01
      outer loop
         vertex 2.461532e+02 1.637787e+02 1.549991e+02
         vertex 2.461528e+02 1.912009e+02 1.719535e+02
         vertex 3.301970e+02 1.491219e+02 1.448884e+02
      endloop
   endfacet
   facet normal -1.061353e-02 5.258473e-01 -8.505128e-01
      outer loop
         vertex 3.301970e+02 1.491219e+02 1.448884e+02
         vertex 2.461528e+02 1.912009e+02 1.719535e+02
         vertex 3.301961e+02 2.067979e+02 1.805478e+02
      endloop
   endfacet
   facet normal -1.764981e-01 -3.880654e-01 -9.045737e-01
      outer loop
         vertex 2.361967e+02 1.363498e+02 1.687088e+02
         vertex 2.461532e+02 1.637787e+02 1.549991e+02
         vertex 3.092560e+02 9.143206e+01 1.737236e+02
      endloop
   endfacet
   facet normal -1.764982e-01 -3.880654e-01 -9.045737e-01
      outer loop
         vertex 3.092560e+02 9.143206e+01 1.737236e+02
         vertex 2.461532e+02 1.637787e+02 1.549991e+02
         vertex 3.301970e+02 1.491219e+02 1.448884e+02
      endloop
   endfacet
   facet normal -9.342551e-01 1.875193e-01 -3.033215e-01
      outer loop
         vertex 2.262397e+02 1.363432e+02 1.993730e+02
         vertex 2.262393e+02 1.637655e+02 2.163274e+02
         vertex 2.361967e+02 1.363498e+02 1.687088e+02
      endloop
   endfacet
   facet normal -9.342551e-01 1.875194e-01 -3.033215e-01
      outer loop
         vertex 2.361967e+02 1.363498e+02 1.687088e+02
         vertex 2.262393e+02 1.637655e+02 2.163274e+02
         vertex 2.361958e+02 1.911944e+02 2.026176e+02
      endloop
   endfacet
   facet normal -9.342550e-01 1.875194e-01 -3.033217e-01
      outer loop
         vertex 2.361967e+02 1.363498e+02 1.687088e+02
         vertex 2.361958e+02 1.911944e+02 2.026176e+02
         vertex 2.461532e+02 1.637787e+02 1.549991e+02
      endloop
   endfacet
   facet normal -9.342549e-01 1.875197e-01 -3.033218e-01
      outer loop
         vertex 2.461532e+02 1.637787e+02 1.549991e+02
         vertex 2.361958e+02 1.911944e+02 2.026176e+02
         vertex 2.461528e+02 1.912009e+02 1.719535e+02
      endloop
   endfacet
   facet normal 9.342570e-01 -1.875086e-01 3.033224e-01
      outer loop
         vertex 3.300178e+02 2.063067e+02 1.807934e+02
         vertex 3.301961e+02 2.067979e+02 1.805478e+02
         vertex 3.092540e+02 2.062930e+02 2.447388e+02
      endloop
   endfacet
   facet normal 9.342525e-01 -1.875333e-01 3.033207e-01
      outer loop
         vertex 3.092540e+02 2.062930e+02 2.447388e+02
         vertex 3.301961e+02 2.067979e+02 1.805478e+02
         vertex 3.092540e+02 2.067841e+02 2.450424e+02
      endloop
   endfacet
   facet normal 9.342575e-01 -1.875264e-01 3.033096e-01
      outer loop
         vertex 3.092540e+02 2.062930e+02 2.447388e+02
         vertex 3.092540e+02 2.067841e+02 2.450424e+02
         vertex 2.884913e+02 1.490943e+02 2.733284e+02
      endloop
   endfacet
   facet normal 9.342553e-01 -1.875204e-01 3.033201e-01
      outer loop
         vertex 2.884913e+02 1.490943e+02 2.733284e+02
         vertex 3.092540e+02 2.067841e+02 2.450424e+02
         vertex 2.883130e+02 1.490942e+02 2.738775e+02
      endloop
   endfacet
   facet normal 9.342557e-01 -1.875185e-01 3.033202e-01
      outer loop
         vertex 2.884913e+02 1.490943e+02 2.733284e+02
         vertex 2.883130e+02 1.490942e+02 2.738775e+02
         vertex 2.884922e+02 9.190938e+01 2.379726e+02
      endloop
   endfacet
   facet normal 9.342540e-01 -1.875209e-01 3.033239e-01
      outer loop
         vertex 2.884922e+02 9.190938e+01 2.379726e+02
         vertex 2.883130e+02 1.490942e+02 2.738775e+02
         vertex 2.883139e+02 9.141819e+01 2.382181e+02
      endloop
   endfacet
   facet normal 9.342545e-01 -1.875223e-01 3.033215e-01
      outer loop
         vertex 2.884922e+02 9.190938e+01 2.379726e+02
         vertex 2.883139e+02 9.141819e+01 2.382181e+02
         vertex 3.092559e+02 9.192313e+01 1.740272e+02
      endloop
   endfacet
   facet normal 9.342575e-01 -1.875055e-01 3.033226e-01
      outer loop
         vertex 3.092559e+02 9.192313e+01 1.740272e+02
         vertex 2.883139e+02 9.141819e+01 2.382181e+02
         vertex 3.092560e+02 9.143206e+01 1.737236e+02
      endloop
   endfacet
   facet normal 9.342524e-01 -1.875125e-01 3.033339e-01
      outer loop
         vertex 3.092559e+02 9.192313e+01 1.740272e+02
         vertex 3.092560e+02 9.143206e+01 1.737236e+02
         vertex 3.300187e+02 1.491218e+02 1.454376e+02
      endloop
   endfacet
   facet normal 9.342549e-01 -1.875192e-01 3.033220e-01
      outer loop
         vertex 3.300187e+02 1.491218e+02 1.454376e+02
         vertex 3.092560e+02 9.143206e+01 1.737236e+02
         vertex 3.301970e+02 1.491219e+02 1.448884e+02
      endloop
   endfacet
   facet normal 9.342549e-01 -1.875196e-01 3.033220e-01
      outer loop
         vertex 3.300187e+02 1.491218e+02 1.454376e+02
         vertex 3.301970e+02 1.491219e+02 1.448884e+02
         vertex 3.300178e+02 2.063067e+02 1.807934e+02
      endloop
   endfacet
   facet normal 9.342589e-01 -1.875140e-01 3.033130e-01
      outer loop
         vertex 3.300178e+02 2.063067e+02 1.807934e+02
         vertex 3.301970e+02 1.491219e+02 1.448884e+02
         vertex 3.301961e+02 2.067979e+02 1.805478e+02
      endloop
   endfacet
   facet normal 6.741977e-01 3.883951e-01 -6.281772e-01
      outer loop
         vertex 2.267356e+02 1.366046e+02 1.993262e+02
         vertex 2.267351e+02 1.636906e+02 2.160727e+02
         vertex 2.884922e+02 9.190938e+01 2.379726e+02
      endloop
   endfacet
   facet normal 6.741977e-01 3.883951e-01 -6.281772e-01
      outer loop
         vertex 2.884922e+02 9.190938e+01 2.379726e+02
         vertex 2.267351e+02 1.636906e+02 2.160727e+02
         vertex 2.884913e+02 1.490943e+02 2.733284e+02
      endloop
   endfacet
   facet normal 5.083131e-01 -5.255176e-01 -6.822382e-01
      outer loop
         vertex 2.267351e+02 1.636906e+02 2.160727e+02
         vertex 2.365695e+02 1.907830e+02 2.025310e+02
         vertex 2.884913e+02 1.490943e+02 2.733284e+02
      endloop
   endfacet
   facet normal 5.083131e-01 -5.255176e-01 -6.822382e-01
      outer loop
         vertex 2.884913e+02 1.490943e+02 2.733284e+02
         vertex 2.365695e+02 1.907830e+02 2.025310e+02
         vertex 3.092540e+02 2.062930e+02 2.447388e+02
      endloop
   endfacet
   facet normal 1.765209e-01 -9.826389e-01 5.710681e-02
      outer loop
         vertex 2.365695e+02 1.907830e+02 2.025310e+02
         vertex 2.464043e+02 1.907895e+02 1.722429e+02
         vertex 3.092540e+02 2.062930e+02 2.447388e+02
      endloop
   endfacet
   facet normal 1.765210e-01 -9.826389e-01 5.710679e-02
      outer loop
         vertex 3.092540e+02 2.062930e+02 2.447388e+02
         vertex 2.464043e+02 1.907895e+02 1.722429e+02
         vertex 3.300178e+02 2.063067e+02 1.807934e+02
      endloop
   endfacet
   facet normal 1.061356e-02 -5.258475e-01 8.505127e-01
      outer loop
         vertex 2.464043e+02 1.907895e+02 1.722429e+02
         vertex 2.464048e+02 1.637036e+02 1.554965e+02
         vertex 3.300178e+02 2.063067e+02 1.807934e+02
      endloop
   endfacet
   facet normal 1.061344e-02 -5.258473e-01 8.505128e-01
      outer loop
         vertex 3.300178e+02 2.063067e+02 1.807934e+02
         vertex 2.464048e+02 1.637036e+02 1.554965e+02
         vertex 3.300187e+02 1.491218e+02 1.454376e+02
      endloop
   endfacet
   facet normal 1.764982e-01 3.880654e-01 9.045737e-01
      outer loop
         vertex 2.464048e+02 1.637036e+02 1.554965e+02
         vertex 2.365704e+02 1.366111e+02 1.690381e+02
         vertex 3.300187e+02 1.491218e+02 1.454376e+02
      endloop
   endfacet
   facet normal 1.764982e-01 3.880654e-01 9.045737e-01
      outer loop
         vertex 3.300187e+02 1.491218e+02 1.454376e+02
         vertex 2.365704e+02 1.366111e+02 1.690381e+02
         vertex 3.092559e+02 9.192313e+01 1.740272e+02
      endloop
   endfacet
   facet normal 5.082903e-01 8.451866e-01 1.652289e-01
      outer loop
         vertex 2.365704e+02 1.366111e+02 1.690381e+02
         vertex 2.267356e+02 1.366046e+02 1.993262e+02
         vertex 3.092559e+02 9.192313e+01 1.740272e+02
      endloop
   endfacet
   facet normal 5.082902e-01 8.451867e-01 1.652287e-01
      outer loop
         vertex 3.092559e+02 9.192313e+01 1.740272e+02
         vertex 2.267356e+02 1.366046e+02 1.993262e+02
         vertex 2.884922e+02 9.190938e+01 2.379726e+02
      endloop
   endfacet
   facet normal 9.342550e-01 -1.875195e-01 3.033216e-01
      outer loop
         vertex 2.267351e+02 1.636906e+02 2.160727e+02
         vertex 2.267356e+02 1.366046e+02 1.993262e+02
         vertex 2.365695e+02 1.907830e+02 2.025310e+02
      endloop
   endfacet
   facet normal 9.342550e-01 -1.875195e-01 3.033216e-01
      outer loop
         vertex 2.365695e+02 1.907830e+02 2.025310e+02
         vertex 2.267356e+02 1.366046e+02 1.993262e+02
         vertex 2.365704e+02 1.366111e+02 1.690381e+02
      endloop
   endfacet
   facet normal 9.342551e-01 -1.875194e-01 3.033214e-01
      outer loop
         vertex 2.365695e+02 1.907830e+02 2.025310e+02
         vertex 2.365704e+02 1.366111e+02 1.690381e+02
         vertex 2.464043e+02 1.907895e+02 1.722429e+02
      endloop
   endfacet
   facet normal 9.342551e-01 -1.875194e-01 3.033216e-01
      outer loop
         vertex 2.464043e+02 1.907895e+02 1.722429e+02
         vertex 2.365704e+02 1.366111e+02 1.690381e+02
         vertex 2.464048e+02 1.637036e+02 1.554965e+02
      endloop
   endfacet
   facet normal -9.999465e-01 8.779010e-03 5.478273e-03
      outer loop
         vertex 1.661745e+02 1.006257e+02 1.336656e+02
         vertex 1.661731e+02 1.175810e+02 1.062438e+02
         vertex 1.653055e+02 1.978981e+01 1.045932e+02
      endloop
   endfacet
   facet normal -9.999465e-01 8.779010e-03 5.478273e-03
      outer loop
         vertex 1.653055e+02 1.978981e+01 1.045932e+02
         vertex 1.661731e+02 1.175810e+02 1.062438e+02
         vertex 1.653026e+02 5.545105e+01 4.691832e+01
      endloop
   endfacet
   facet normal -5.653326e-01 -2.737665e-01 7.781073e-01
      outer loop
         vertex 1.922577e+02 1.006232e+02 1.526154e+02
         vertex 1.661745e+02 1.006257e+02 1.336656e+02
         vertex 2.201652e+02 1.978451e+01 1.444495e+02
      endloop
   endfacet
   facet normal -5.653325e-01 -2.737664e-01 7.781074e-01
      outer loop
         vertex 2.201652e+02 1.978451e+01 1.444495e+02
         vertex 1.661745e+02 1.006257e+02 1.336656e+02
         vertex 1.653055e+02 1.978981e+01 1.045932e+02
      endloop
   endfacet
   facet normal 3.038266e-01 8.653081e-03 9.526881e-01
      outer loop
         vertex 2.183396e+02 1.175760e+02 1.441435e+02
         vertex 1.922577e+02 1.006232e+02 1.526154e+02
         vertex 2.750220e+02 5.544045e+01 1.266310e+02
      endloop
   endfacet
   facet normal 3.038266e-01 8.653079e-03 9.526881e-01
      outer loop
         vertex 2.750220e+02 5.544045e+01 1.266310e+02
         vertex 1.922577e+02 1.006232e+02 1.526154e+02
         vertex 2.201652e+02 1.978451e+01 1.444495e+02
      endloop
   endfacet
   facet normal 7.383719e-01 5.736180e-01 3.546398e-01
      outer loop
         vertex 2.183383e+02 1.345312e+02 1.167218e+02
         vertex 2.183396e+02 1.175760e+02 1.441435e+02
         vertex 2.750191e+02 9.110169e+01 6.895615e+01
      endloop
   endfacet
   facet normal 7.383718e-01 5.736181e-01 3.546397e-01
      outer loop
         vertex 2.750191e+02 9.110169e+01 6.895615e+01
         vertex 2.183396e+02 1.175760e+02 1.441435e+02
         vertex 2.750220e+02 5.544045e+01 1.266310e+02
      endloop
   endfacet
   facet normal 3.037579e-01 8.561635e-01 -4.179894e-01
      outer loop
         vertex 1.922550e+02 1.345338e+02 9.777194e+01
         vertex 2.183383e+02 1.345312e+02 1.167218e+02
         vertex 2.201594e+02 9.110699e+01 2.909979e+01
      endloop
   endfacet
   facet normal 3.037580e-01 8.561635e-01 -4.179894e-01
      outer loop
         vertex 2.201594e+02 9.110699e+01 2.909979e+01
         vertex 2.183383e+02 1.345312e+02 1.167218e+02
         vertex 2.750191e+02 9.110169e+01 6.895615e+01
      endloop
   endfacet
   facet normal -5.654012e-01 5.737440e-01 -5.925701e-01
      outer loop
         vertex 1.661731e+02 1.175810e+02 1.062438e+02
         vertex 1.922550e+02 1.345338e+02 9.777194e+01
         vertex 1.653026e+02 5.545105e+01 4.691832e+01
      endloop
   endfacet
   facet normal -5.654013e-01 5.737440e-01 -5.925701e-01
      outer loop
         vertex 1.653026e+02 5.545105e+01 4.691832e+01
         vertex 1.922550e+02 1.345338e+02 9.777194e+01
         vertex 2.201594e+02 9.110699e+01 2.909979e+01
      endloop
   endfacet
   facet normal -3.568535e-01 7.945364e-01 4.912917e-01
      outer loop
         vertex 1.661745e+02 1.006257e+02 1.336656e+02
         vertex 1.922577e+02 1.006232e+02 1.526154e+02
         vertex 1.661731e+02 1.175810e+02 1.062438e+02
      endloop
   endfacet
   facet normal -3.568537e-01 7.945363e-01 4.912917e-01
      outer loop
         vertex 1.661731e+02 1.175810e+02 1.062438e+02
         vertex 1.922577e+02 1.006232e+02 1.526154e+02
         vertex 2.183396e+02 1.175760e+02 1.441435e+02
      endloop
   endfacet
   facet normal -3.568536e-01 7.945363e-01 4.912917e-01
      outer loop
         vertex 1.661731e+02 1.175810e+02 1.062438e+02
         vertex 2.183396e+02 1.175760e+02 1.441435e+02
         vertex 1.922550e+02 1.345338e+02 9.777194e+01
      endloop
   endfacet
   facet normal -3.568537e-01 7.945363e-01 4.912917e-01
      outer loop
         vertex 1.922550e+02 1.345338e+02 9.777194e+01
         vertex 2.183396e+02 1.175760e+02 1.441435e+02
         vertex 2.183383e+02 1.345312e+02 1.167218e+02
      endloop
   endfacet
   facet normal 3.568539e-01 -7.945360e-01 -4.912920e-01
      outer loop
         vertex 2.201652e+02 2.008814e+01 1.439585e+02
         vertex 2.201652e+02 1.978451e+01 1.444495e+02
         vertex 1.657726e+02 2.009339e+01 1.044415e+02
      endloop
   endfacet
   facet normal 3.568536e-01 -7.945364e-01 -4.912916e-01
      outer loop
         vertex 1.657726e+02 2.009339e+01 1.044415e+02
         vertex 2.201652e+02 1.978451e+01 1.444495e+02
         vertex 1.653055e+02 1.978981e+01 1.045932e+02
      endloop
   endfacet
   facet normal 3.568536e-01 -7.945364e-01 -4.912916e-01
      outer loop
         vertex 1.657726e+02 2.009339e+01 1.044415e+02
         vertex 1.653055e+02 1.978981e+01 1.045932e+02
         vertex 1.657697e+02 5.545100e+01 4.725766e+01
      endloop
   endfacet
   facet normal 3.568495e-01 -7.945377e-01 -4.912925e-01
      outer loop
         vertex 1.657697e+02 5.545100e+01 4.725766e+01
         vertex 1.653055e+02 1.978981e+01 1.045932e+02
         vertex 1.653026e+02 5.545105e+01 4.691832e+01
      endloop
   endfacet
   facet normal 3.568516e-01 -7.945350e-01 -4.912953e-01
      outer loop
         vertex 1.657697e+02 5.545100e+01 4.725766e+01
         vertex 1.653026e+02 5.545105e+01 4.691832e+01
         vertex 2.201595e+02 9.080335e+01 2.959086e+01
      endloop
   endfacet
   facet normal 3.568539e-01 -7.945365e-01 -4.912911e-01
      outer loop
         vertex 2.201595e+02 9.080335e+01 2.959086e+01
         vertex 1.653026e+02 5.545105e+01 4.691832e+01
         vertex 2.201594e+02 9.110699e+01 2.909979e+01
      endloop
   endfacet
   facet normal 3.568533e-01 -7.945367e-01 -4.912912e-01
      outer loop
         vertex 2.201595e+02 9.080335e+01 2.959086e+01
         vertex 2.201594e+02 9.110699e+01 2.909979e+01
         vertex 2.745521e+02 9.079810e+01 6.910786e+01
      endloop
   endfacet
   facet normal 3.568596e-01 -7.945287e-01 -4.912997e-01
      outer loop
         vertex 2.745521e+02 9.079810e+01 6.910786e+01
         vertex 2.201594e+02 9.110699e+01 2.909979e+01
         vertex 2.750191e+02 9.110169e+01 6.895615e+01
      endloop
   endfacet
   facet normal 3.568655e-01 -7.945325e-01 -4.912892e-01
      outer loop
         vertex 2.745521e+02 9.079810e+01 6.910786e+01
         vertex 2.750191e+02 9.110169e+01 6.895615e+01
         vertex 2.745549e+02 5.544049e+01 1.262917e+02
      endloop
   endfacet
   facet normal 3.568568e-01 -7.945353e-01 -4.912911e-01
      outer loop
         vertex 2.745549e+02 5.544049e+01 1.262917e+02
         vertex 2.750191e+02 9.110169e+01 6.895615e+01
         vertex 2.750220e+02 5.544045e+01 1.266310e+02
      endloop
   endfacet
   facet normal 3.568552e-01 -7.945374e-01 -4.912889e-01
      outer loop
         vertex 2.745549e+02 5.544049e+01 1.262917e+02
         vertex 2.750220e+02 5.544045e+01 1.266310e+02
         vertex 2.201652e+02 2.008814e+01 1.439585e+02
      endloop
   endfacet
   facet normal 3.568534e-01 -7.945361e-01 -4.912921e-01
      outer loop
         vertex 2.201652e+02 2.008814e+01 1.439585e+02
         vertex 2.750220e+02 5.544045e+01 1.266310e+02
         vertex 2.201652e+02 1.978451e+01 1.444495e+02
      endloop
   endfacet
   facet normal 5.653325e-01 2.737665e-01 -7.781073e-01
      outer loop
         vertex 1.666371e+02 1.005158e+02 1.333651e+02
         vertex 1.924005e+02 1.005133e+02 1.520826e+02
         vertex 1.657726e+02 2.009339e+01 1.044415e+02
      endloop
   endfacet
   facet normal 5.653325e-01 2.737665e-01 -7.781073e-01
      outer loop
         vertex 1.657726e+02 2.009339e+01 1.044415e+02
         vertex 1.924005e+02 1.005133e+02 1.520826e+02
         vertex 2.201652e+02 2.008814e+01 1.439585e+02
      endloop
   endfacet
   facet normal -3.038266e-01 -8.653075e-03 -9.526881e-01
      outer loop
         vertex 1.924005e+02 1.005133e+02 1.520826e+02
         vertex 2.181625e+02 1.172582e+02 1.437146e+02
         vertex 2.201652e+02 2.008814e+01 1.439585e+02
      endloop
   endfacet
   facet normal -3.038266e-01 -8.653075e-03 -9.526880e-01
      outer loop
         vertex 2.201652e+02 2.008814e+01 1.439585e+02
         vertex 2.181625e+02 1.172582e+02 1.437146e+02
         vertex 2.745549e+02 5.544049e+01 1.262917e+02
      endloop
   endfacet
   facet normal -7.383718e-01 -5.736181e-01 -3.546398e-01
      outer loop
         vertex 2.181625e+02 1.172582e+02 1.437146e+02
         vertex 2.181611e+02 1.340055e+02 1.166292e+02
         vertex 2.745549e+02 5.544049e+01 1.262917e+02
      endloop
   endfacet
   facet normal -7.383718e-01 -5.736181e-01 -3.546397e-01
      outer loop
         vertex 2.745549e+02 5.544049e+01 1.262917e+02
         vertex 2.181611e+02 1.340055e+02 1.166292e+02
         vertex 2.745521e+02 9.079810e+01 6.910786e+01
      endloop
   endfacet
   facet normal -3.037579e-01 -8.561635e-01 4.179894e-01
      outer loop
         vertex 2.181611e+02 1.340055e+02 1.166292e+02
         vertex 1.923978e+02 1.340080e+02 9.791174e+01
         vertex 2.745521e+02 9.079810e+01 6.910786e+01
      endloop
   endfacet
   facet normal -3.037579e-01 -8.561635e-01 4.179894e-01
      outer loop
         vertex 2.745521e+02 9.079810e+01 6.910786e+01
         vertex 1.923978e+02 1.340080e+02 9.791174e+01
         vertex 2.201595e+02 9.080335e+01 2.959086e+01
      endloop
   endfacet
   facet normal 5.654012e-01 -5.737440e-01 5.925701e-01
      outer loop
         vertex 1.923978e+02 1.340080e+02 9.791174e+01
         vertex 1.666358e+02 1.172632e+02 1.062797e+02
         vertex 2.201595e+02 9.080335e+01 2.959086e+01
      endloop
   endfacet
   facet normal 5.654011e-01 -5.737441e-01 5.925701e-01
      outer loop
         vertex 2.201595e+02 9.080335e+01 2.959086e+01
         vertex 1.666358e+02 1.172632e+02 1.062797e+02
         vertex 1.657697e+02 5.545100e+01 4.725766e+01
      endloop
   endfacet
   facet normal 9.999465e-01 -8.779010e-03 -5.478273e-03
      outer loop
         vertex 1.666358e+02 1.172632e+02 1.062797e+02
         vertex 1.666371e+02 1.005158e+02 1.333651e+02
         vertex 1.657697e+02 5.545100e+01 4.725766e+01
      endloop
   endfacet
   facet normal 9.999465e-01 -8.779009e-03 -5.478274e-03
      outer loop
         vertex 1.657697e+02 5.545100e+01 4.725766e+01
         vertex 1.666371e+02 1.005158e+02 1.333651e+02
         vertex 1.657726e+02 2.009339e+01 1.044415e+02
      endloop
   endfacet
   facet normal 3.568537e-01 -7.945363e-01 -4.912917e-01
      outer loop
         vertex 1.924005e+02 1.005133e+02 1.520826e+02
         vertex 1.666371e+02 1.005158e+02 1.333651e+02
         vertex 2.181625e+02 1.172582e+02 1.437146e+02
      endloop
   endfacet
   facet normal 3.568537e-01 -7.945363e-01 -4.912917e-01
      outer loop
         vertex 2.181625e+02 1.172582e+02 1.437146e+02
         vertex 1.666371e+02 1.005158e+02 1.333651e+02
         vertex 1.666358e+02 1.172632e+02 1.062797e+02
      endloop
   endfacet
   facet normal 3.568537e-01 -7.945363e-01 -4.912917e-01
      outer loop
         vertex 2.181625e+02 1.172582e+02 1.437146e+02
         vertex 1.666358e+02 1.172632e+02 1.062797e+02
         vertex 2.181611e+02 1.340055e+02 1.166292e+02
      endloop
   endfacet
   facet normal 3.568537e-01 -7.945363e-01 -4.912917e-01
      outer loop
         vertex 2.181611e+02 1.340055e+02 1.166292e+02
         vertex 1.666358e+02 1.172632e+02 1.062797e+02
         vertex 1.923978e+02 1.340080e+02 9.791174e+01
      endloop
   endfacet
   facet normal -3.039854e-01 -8.843789e-03 -9.526356e-01
      outer loop
         vertex 1.379538e+02 2.554670e+02 1.725318e+02
         vertex 1.118711e+02 2.385196e+02 1.810120e+02
         vertex 1.100579e+02 3.363112e+02 1.806828e+02
      endloop
   endfacet
   facet normal -3.039854e-01 -8.843789e-03 -9.526356e-01
      outer loop
         vertex 1.100579e+02 3.363112e+02 1.806828e+02
         vertex 1.118711e+02 2.385196e+02 1.810120e+02
         vertex 5.519950e+01 3.006665e+02 1.985190e+02
      endloop
   endfacet
   facet normal 5.652384e-01 2.735078e-01 -7.782667e-01
      outer loop
         vertex 1.640402e+02 2.554657e+02 1.914773e+02
         vertex 1.379538e+02 2.554670e+02 1.725318e+02
         vertex 1.649242e+02 3.363085e+02 2.205301e+02
      endloop
   endfacet
   facet normal 5.652383e-01 2.735078e-01 -7.782667e-01
      outer loop
         vertex 1.649242e+02 3.363085e+02 2.205301e+02
         vertex 1.379538e+02 2.554670e+02 1.725318e+02
         vertex 1.100579e+02 3.363112e+02 1.806828e+02
      endloop
   endfacet
   facet normal 9.999444e-01 -8.906769e-03 -5.641642e-03
      outer loop
         vertex 1.640439e+02 2.385171e+02 2.189031e+02
         vertex 1.640402e+02 2.554657e+02 1.914773e+02
         vertex 1.649321e+02 3.006612e+02 2.782135e+02
      endloop
   endfacet
   facet normal 9.999444e-01 -8.906770e-03 -5.641641e-03
      outer loop
         vertex 1.649321e+02 3.006612e+02 2.782135e+02
         vertex 1.640402e+02 2.554657e+02 1.914773e+02
         vertex 1.649242e+02 3.363085e+02 2.205301e+02
      endloop
   endfacet
   facet normal 5.654268e-01 -5.736729e-01 5.926145e-01
      outer loop
         vertex 1.379613e+02 2.215696e+02 2.273834e+02
         vertex 1.640439e+02 2.385171e+02 2.189031e+02
         vertex 1.100737e+02 2.650165e+02 2.960497e+02
      endloop
   endfacet
   facet normal 5.654268e-01 -5.736729e-01 5.926145e-01
      outer loop
         vertex 1.100737e+02 2.650165e+02 2.960497e+02
         vertex 1.640439e+02 2.385171e+02 2.189031e+02
         vertex 1.649321e+02 3.006612e+02 2.782135e+02
      endloop
   endfacet
   facet normal -3.037969e-01 -8.560245e-01 4.182457e-01
      outer loop
         vertex 1.118749e+02 2.215709e+02 2.084379e+02
         vertex 1.379613e+02 2.215696e+02 2.273834e+02
         vertex 5.520743e+01 2.650191e+02 2.562024e+02
      endloop
   endfacet
   facet normal -3.037970e-01 -8.560246e-01 4.182455e-01
      outer loop
         vertex 5.520743e+01 2.650191e+02 2.562024e+02
         vertex 1.379613e+02 2.215696e+02 2.273834e+02
         vertex 1.100737e+02 2.650165e+02 2.960497e+02
      endloop
   endfacet
   facet normal -7.385031e-01 -5.736099e-01 -3.543796e-01
      outer loop
         vertex 1.118711e+02 2.385196e+02 1.810120e+02
         vertex 1.118749e+02 2.215709e+02 2.084379e+02
         vertex 5.519950e+01 3.006665e+02 1.985190e+02
      endloop
   endfacet
   facet normal -7.385031e-01 -5.736099e-01 -3.543796e-01
      outer loop
         vertex 5.519950e+01 3.006665e+02 1.985190e+02
         vertex 1.118749e+02 2.215709e+02 2.084379e+02
         vertex 5.520743e+01 2.650191e+02 2.562024e+02
      endloop
   endfacet
   facet normal 3.566718e-01 -7.946995e-01 -4.911597e-01
      outer loop
         vertex 1.379538e+02 2.554670e+02 1.725318e+02
         vertex 1.640402e+02 2.554657e+02 1.914773e+02
         vertex 1.118711e+02 2.385196e+02 1.810120e+02
      endloop
   endfacet
   facet normal 3.566718e-01 -7.946997e-01 -4.911594e-01
      outer loop
         vertex 1.118711e+02 2.385196e+02 1.810120e+02
         vertex 1.640402e+02 2.554657e+02 1.914773e+02
         vertex 1.640439e+02 2.385171e+02 2.189031e+02
      endloop
   endfacet
   facet normal 3.566720e-01 -7.946995e-01 -4.911597e-01
      outer loop
         vertex 1.118711e+02 2.385196e+02 1.810120e+02
         vertex 1.640439e+02 2.385171e+02 2.189031e+02
         vertex 1.118749e+02 2.215709e+02 2.084379e+02
      endloop
   endfacet
   facet normal 3.566720e-01 -7.946996e-01 -4.911594e-01
      outer loop
         vertex 1.118749e+02 2.215709e+02 2.084379e+02
         vertex 1.640439e+02 2.385171e+02 2.189031e+02
         vertex 1.379613e+02 2.215696e+02 2.273834e+02
      endloop
   endfacet
   facet normal -3.566766e-01 7.947025e-01 4.911514e-01
      outer loop
         vertex 1.100579e+02 3.360077e+02 1.811739e+02
         vertex 1.100579e+02 3.363112e+02 1.806828e+02
         vertex 5.566666e+01 3.006665e+02 1.988583e+02
      endloop
   endfacet
   facet normal -3.566644e-01 7.946948e-01 4.911727e-01
      outer loop
         vertex 5.566666e+01 3.006665e+02 1.988583e+02
         vertex 1.100579e+02 3.363112e+02 1.806828e+02
         vertex 5.519950e+01 3.006665e+02 1.985190e+02
      endloop
   endfacet
   facet normal -3.566570e-01 7.947044e-01 4.911625e-01
      outer loop
         vertex 5.566666e+01 3.006665e+02 1.988583e+02
         vertex 5.519950e+01 3.006665e+02 1.985190e+02
         vertex 5.567451e+01 2.653226e+02 2.560506e+02
      endloop
   endfacet
   facet normal -3.566818e-01 7.946963e-01 4.911577e-01
      outer loop
         vertex 5.567451e+01 2.653226e+02 2.560506e+02
         vertex 5.519950e+01 3.006665e+02 1.985190e+02
         vertex 5.520743e+01 2.650191e+02 2.562024e+02
      endloop
   endfacet
   facet normal -3.566769e-01 7.946931e-01 4.911664e-01
      outer loop
         vertex 5.567451e+01 2.653226e+02 2.560506e+02
         vertex 5.520743e+01 2.650191e+02 2.562024e+02
         vertex 1.100737e+02 2.653200e+02 2.955586e+02
      endloop
   endfacet
   facet normal -3.566818e-01 7.946867e-01 4.911732e-01
      outer loop
         vertex 1.100737e+02 2.653200e+02 2.955586e+02
         vertex 5.520743e+01 2.650191e+02 2.562024e+02
         vertex 1.100737e+02 2.650165e+02 2.960497e+02
      endloop
   endfacet
   facet normal -3.566620e-01 7.946931e-01 4.911772e-01
      outer loop
         vertex 1.100737e+02 2.653200e+02 2.955586e+02
         vertex 1.100737e+02 2.650165e+02 2.960497e+02
         vertex 1.644649e+02 3.006612e+02 2.778743e+02
      endloop
   endfacet
   facet normal -3.566655e-01 7.946953e-01 4.911712e-01
      outer loop
         vertex 1.644649e+02 3.006612e+02 2.778743e+02
         vertex 1.100737e+02 2.650165e+02 2.960497e+02
         vertex 1.649321e+02 3.006612e+02 2.782135e+02
      endloop
   endfacet
   facet normal -3.566589e-01 7.947038e-01 4.911622e-01
      outer loop
         vertex 1.644649e+02 3.006612e+02 2.778743e+02
         vertex 1.649321e+02 3.006612e+02 2.782135e+02
         vertex 1.644571e+02 3.360051e+02 2.206820e+02
      endloop
   endfacet
   facet normal -3.566502e-01 7.947067e-01 4.911639e-01
      outer loop
         vertex 1.644571e+02 3.360051e+02 2.206820e+02
         vertex 1.649321e+02 3.006612e+02 2.782135e+02
         vertex 1.649242e+02 3.363085e+02 2.205301e+02
      endloop
   endfacet
   facet normal -3.566610e-01 7.947138e-01 4.911445e-01
      outer loop
         vertex 1.644571e+02 3.360051e+02 2.206820e+02
         vertex 1.649242e+02 3.363085e+02 2.205301e+02
         vertex 1.100579e+02 3.360077e+02 1.811739e+02
      endloop
   endfacet
   facet normal -3.566673e-01 7.947055e-01 4.911533e-01
      outer loop
         vertex 1.100579e+02 3.360077e+02 1.811739e+02
         vertex 1.649242e+02 3.363085e+02 2.205301e+02
         vertex 1.100579e+02 3.363112e+02 1.806828e+02
      endloop
   endfacet
   facet normal -5.652384e-01 -2.735079e-01 7.782667e-01
      outer loop
         vertex 1.378111e+02 2.555770e+02 1.730646e+02
         vertex 1.635776e+02 2.555758e+02 1.917778e+02
         vertex 1.100579e+02 3.360077e+02 1.811739e+02
      endloop
   endfacet
   facet normal -5.652383e-01 -2.735078e-01 7.782667e-01
      outer loop
         vertex 1.100579e+02 3.360077e+02 1.811739e+02
         vertex 1.635776e+02 2.555758e+02 1.917778e+02
         vertex 1.644571e+02 3.360051e+02 2.206820e+02
      endloop
   endfacet
   facet normal -9.999444e-01 8.906768e-03 5.641641e-03
      outer loop
         vertex 1.635776e+02 2.555758e+02 1.917778e+02
         vertex 1.635813e+02 2.388350e+02 2.188672e+02
         vertex 1.644571e+02 3.360051e+02 2.206820e+02
      endloop
   endfacet
   facet normal -9.999444e-01 8.906768e-03 5.641641e-03
      outer loop
         vertex 1.644571e+02 3.360051e+02 2.206820e+02
         vertex 1.635813e+02 2.388350e+02 2.188672e+02
         vertex 1.644649e+02 3.006612e+02 2.778743e+02
      endloop
   endfacet
   facet normal -5.654267e-01 5.736729e-01 -5.926146e-01
      outer loop
         vertex 1.635813e+02 2.388350e+02 2.188672e+02
         vertex 1.378186e+02 2.220954e+02 2.272435e+02
         vertex 1.644649e+02 3.006612e+02 2.778743e+02
      endloop
   endfacet
   facet normal -5.654268e-01 5.736729e-01 -5.926145e-01
      outer loop
         vertex 1.644649e+02 3.006612e+02 2.778743e+02
         vertex 1.378186e+02 2.220954e+02 2.272435e+02
         vertex 1.100737e+02 2.653200e+02 2.955586e+02
      endloop
   endfacet
   facet normal 3.037972e-01 8.560245e-01 -4.182455e-01
      outer loop
         vertex 1.378186e+02 2.220954e+02 2.272435e+02
         vertex 1.120521e+02 2.220966e+02 2.085303e+02
         vertex 1.100737e+02 2.653200e+02 2.955586e+02
      endloop
   endfacet
   facet normal 3.037969e-01 8.560246e-01 -4.182455e-01
      outer loop
         vertex 1.100737e+02 2.653200e+02 2.955586e+02
         vertex 1.120521e+02 2.220966e+02 2.085303e+02
         vertex 5.567451e+01 2.653226e+02 2.560506e+02
      endloop
   endfacet
   facet normal 7.385030e-01 5.736101e-01 3.543794e-01
      outer loop
         vertex 1.120521e+02 2.220966e+02 2.085303e+02
         vertex 1.120484e+02 2.388374e+02 1.814409e+02
         vertex 5.567451e+01 2.653226e+02 2.560506e+02
      endloop
   endfacet
   facet normal 7.385031e-01 5.736099e-01 3.543796e-01
      outer loop
         vertex 5.567451e+01 2.653226e+02 2.560506e+02
         vertex 1.120484e+02 2.388374e+02 1.814409e+02
         vertex 5.566666e+01 3.006665e+02 1.988583e+02
      endloop
   endfacet
   facet normal 3.039854e-01 8.843787e-03 9.526356e-01
      outer loop
         vertex 1.120484e+02 2.388374e+02 1.814409e+02
         vertex 1.378111e+02 2.555770e+02 1.730646e+02
         vertex 5.566666e+01 3.006665e+02 1.988583e+02
      endloop
   endfacet
   facet normal 3.039854e-01 8.843792e-03 9.526356e-01
      outer loop
         vertex 5.566666e+01 3.006665e+02 1.988583e+02
         vertex 1.378111e+02 2.555770e+02 1.730646e+02
         vertex 1.100579e+02 3.360077e+02 1.811739e+02
      endloop
   endfacet
   facet normal -3.566717e-01 7.946996e-01 4.911597e-01
      outer loop
         vertex 1.635813e+02 2.388350e+02 2.188672e+02
         vertex 1.635776e+02 2.555758e+02 1.917778e+02
         vertex 1.378186e+02 2.220954e+02 2.272435e+02
      endloop
   endfacet
   facet normal -3.566718e-01 7.946996e-01 4.911597e-01
      outer loop
         vertex 1.378186e+02 2.220954e+02 2.272435e+02
         vertex 1.635776e+02 2.555758e+02 1.917778e+02
         vertex 1.378111e+02 2.555770e+02 1.730646e+02
      endloop
   endfacet
   facet normal -3.566718e-01 7.946996e-01 4.911597e-01
      outer loop
         vertex 1.378186e+02 2.220954e+02 2.272435e+02
         vertex 1.378111e+02 2.555770e+02 1.730646e+02
         vertex 1.120521e+02 2.220966e+02 2.085303e+02
      endloop
   endfacet
   facet normal -3.566724e-01 7.946996e-01 4.911592e-01
      outer loop
         vertex 1.120521e+02 2.220966e+02 2.085303e+02
         vertex 1.378111e+02 2.555770e+02 1.730646e+02
         vertex 1.120484e+02 2.388374e+02 1.814409e+02
      endloop
   endfacet
   facet normal -3.143558e-01 8.451563e-01 -4.323093e-01
      outer loop
         vertex 2.190096e+02 2.197431e+02 2.093283e+02
         vertex 1.929319e+02 2.197406e+02 2.282859e+02
         vertex 2.751605e+02 2.646699e+02 2.563290e+02
      endloop
   endfacet
   facet normal -3.143558e-01 8.451563e-01 -4.323092e-01
      outer loop
         vertex 2.751605e+02 2.646699e+02 2.563290e+02
         vertex 1.929319e+02 2.197406e+02 2.282859e+02
         vertex 2.203126e+02 2.646646e+02 2.962016e+02
      endloop
   endfacet
   facet normal 3.887304e-01 3.882679e-01 -8.355458e-01
      outer loop
         vertex 2.351297e+02 1.923191e+02 2.040845e+02
         vertex 2.190096e+02 2.197431e+02 2.093283e+02
         vertex 3.090652e+02 2.069902e+02 2.452998e+02
      endloop
   endfacet
   facet normal 3.887304e-01 3.882677e-01 -8.355459e-01
      outer loop
         vertex 3.090652e+02 2.069902e+02 2.452998e+02
         vertex 2.190096e+02 2.197431e+02 2.093283e+02
         vertex 2.751605e+02 2.646699e+02 2.563290e+02
      endloop
   endfacet
   facet normal 4.914096e-01 -5.256349e-01 -6.944239e-01
      outer loop
         vertex 2.251721e+02 1.648925e+02 2.177982e+02
         vertex 2.351297e+02 1.923191e+02 2.040845e+02
         vertex 2.881219e+02 1.493053e+02 2.741432e+02
      endloop
   endfacet
   facet normal 4.914094e-01 -5.256351e-01 -6.944239e-01
      outer loop
         vertex 2.881219e+02 1.493053e+02 2.741432e+02
         vertex 2.351297e+02 1.923191e+02 2.040845e+02
         vertex 3.090652e+02 2.069902e+02 2.452998e+02
      endloop
   endfacet
   facet normal -1.089975e-01 -9.826494e-01 -1.500654e-01
      outer loop
         vertex 1.990945e+02 1.648900e+02 2.367557e+02
         vertex 2.251721e+02 1.648925e+02 2.177982e+02
         vertex 2.332740e+02 1.493000e+02 3.140158e+02
      endloop
   endfacet
   facet normal -1.089974e-01 -9.826494e-01 -1.500654e-01
      outer loop
         vertex 2.332740e+02 1.493000e+02 3.140158e+02
         vertex 2.251721e+02 1.648925e+02 2.177982e+02
         vertex 2.881219e+02 1.493053e+02 2.741432e+02
      endloop
   endfacet
   facet normal -8.120837e-01 -5.257609e-01 2.531711e-01
      outer loop
         vertex 1.829744e+02 1.923140e+02 2.419996e+02
         vertex 1.990945e+02 1.648900e+02 2.367557e+02
         vertex 1.993693e+02 2.069796e+02 3.250449e+02
      endloop
   endfacet
   facet normal -8.120836e-01 -5.257609e-01 2.531712e-01
      outer loop
         vertex 1.993693e+02 2.069796e+02 3.250449e+02
         vertex 1.990945e+02 1.648900e+02 2.367557e+02
         vertex 2.332740e+02 1.493000e+02 3.140158e+02
      endloop
   endfacet
   facet normal -9.147627e-01 3.881420e-01 1.120491e-01
      outer loop
         vertex 1.929319e+02 2.197406e+02 2.282859e+02
         vertex 1.829744e+02 1.923140e+02 2.419996e+02
         vertex 2.203126e+02 2.646646e+02 2.962016e+02
      endloop
   endfacet
   facet normal -9.147627e-01 3.881419e-01 1.120492e-01
      outer loop
         vertex 2.203126e+02 2.646646e+02 2.962016e+02
         vertex 1.829744e+02 1.923140e+02 2.419996e+02
         vertex 1.993693e+02 2.069796e+02 3.250449e+02
      endloop
   endfacet
   facet normal -5.775605e-01 -1.875754e-01 -7.945057e-01
      outer loop
         vertex 2.190096e+02 2.197431e+02 2.093283e+02
         vertex 2.351297e+02 1.923191e+02 2.040845e+02
         vertex 1.929319e+02 2.197406e+02 2.282859e+02
      endloop
   endfacet
   facet normal -5.775605e-01 -1.875753e-01 -7.945058e-01
      outer loop
         vertex 1.929319e+02 2.197406e+02 2.282859e+02
         vertex 2.351297e+02 1.923191e+02 2.040845e+02
         vertex 2.251721e+02 1.648925e+02 2.177982e+02
      endloop
   endfacet
   facet normal -5.775605e-01 -1.875753e-01 -7.945057e-01
      outer loop
         vertex 1.929319e+02 2.197406e+02 2.282859e+02
         vertex 2.251721e+02 1.648925e+02 2.177982e+02
         vertex 1.829744e+02 1.923140e+02 2.419996e+02
      endloop
   endfacet
   facet normal -5.775604e-01 -1.875751e-01 -7.945058e-01
      outer loop
         vertex 1.829744e+02 1.923140e+02 2.419996e+02
         vertex 2.251721e+02 1.648925e+02 2.177982e+02
         vertex 1.990945e+02 1.648900e+02 2.367557e+02
      endloop
   endfacet
   facet normal 5.775519e-01 1.875687e-01 7.945135e-01
      outer loop
         vertex 1.998363e+02 2.069797e+02 3.247055e+02
         vertex 1.993693e+02 2.069796e+02 3.250449e+02
         vertex 2.334523e+02 1.497911e+02 3.137702e+02
      endloop
   endfacet
   facet normal 5.775492e-01 1.875666e-01 7.945160e-01
      outer loop
         vertex 2.334523e+02 1.497911e+02 3.137702e+02
         vertex 1.993693e+02 2.069796e+02 3.250449e+02
         vertex 2.332740e+02 1.493000e+02 3.140158e+02
      endloop
   endfacet
   facet normal 5.775625e-01 1.875579e-01 7.945084e-01
      outer loop
         vertex 2.334523e+02 1.497911e+02 3.137702e+02
         vertex 2.332740e+02 1.493000e+02 3.140158e+02
         vertex 2.878333e+02 1.497964e+02 2.742371e+02
      endloop
   endfacet
   facet normal 5.775608e-01 1.875722e-01 7.945063e-01
      outer loop
         vertex 2.878333e+02 1.497964e+02 2.742371e+02
         vertex 2.332740e+02 1.493000e+02 3.140158e+02
         vertex 2.881219e+02 1.493053e+02 2.741432e+02
      endloop
   endfacet
   facet normal 5.775628e-01 1.875737e-01 7.945045e-01
      outer loop
         vertex 2.878333e+02 1.497964e+02 2.742371e+02
         vertex 2.881219e+02 1.493053e+02 2.741432e+02
         vertex 3.085982e+02 2.069902e+02 2.456393e+02
      endloop
   endfacet
   facet normal 5.775627e-01 1.875738e-01 7.945045e-01
      outer loop
         vertex 3.085982e+02 2.069902e+02 2.456393e+02
         vertex 2.881219e+02 1.493053e+02 2.741432e+02
         vertex 3.090652e+02 2.069902e+02 2.452998e+02
      endloop
   endfacet
   facet normal 5.775623e-01 1.875767e-01 7.945041e-01
      outer loop
         vertex 3.085982e+02 2.069902e+02 2.456393e+02
         vertex 3.090652e+02 2.069902e+02 2.452998e+02
         vertex 2.749821e+02 2.641788e+02 2.565746e+02
      endloop
   endfacet
   facet normal 5.775625e-01 1.875768e-01 7.945040e-01
      outer loop
         vertex 2.749821e+02 2.641788e+02 2.565746e+02
         vertex 3.090652e+02 2.069902e+02 2.452998e+02
         vertex 2.751605e+02 2.646699e+02 2.563290e+02
      endloop
   endfacet
   facet normal 5.775602e-01 1.875782e-01 7.945053e-01
      outer loop
         vertex 2.749821e+02 2.641788e+02 2.565746e+02
         vertex 2.751605e+02 2.646699e+02 2.563290e+02
         vertex 2.206012e+02 2.641735e+02 2.961076e+02
      endloop
   endfacet
   facet normal 5.775604e-01 1.875765e-01 7.945055e-01
      outer loop
         vertex 2.206012e+02 2.641735e+02 2.961076e+02
         vertex 2.751605e+02 2.646699e+02 2.563290e+02
         vertex 2.203126e+02 2.646646e+02 2.962016e+02
      endloop
   endfacet
   facet normal 5.775596e-01 1.875759e-01 7.945063e-01
      outer loop
         vertex 2.206012e+02 2.641735e+02 2.961076e+02
         vertex 2.203126e+02 2.646646e+02 2.962016e+02
         vertex 1.998363e+02 2.069797e+02 3.247055e+02
      endloop
   endfacet
   facet normal 5.775505e-01 1.875817e-01 7.945115e-01
      outer loop
         vertex 1.998363e+02 2.069797e+02 3.247055e+02
         vertex 2.203126e+02 2.646646e+02 2.962016e+02
         vertex 1.993693e+02 2.069796e+02 3.250449e+02
      endloop
   endfacet
   facet normal -3.887304e-01 -3.882678e-01 8.355458e-01
      outer loop
         vertex 2.191185e+02 2.194817e+02 2.098143e+02
         vertex 2.350409e+02 1.923941e+02 2.046348e+02
         vertex 2.749821e+02 2.641788e+02 2.565746e+02
      endloop
   endfacet
   facet normal -3.887303e-01 -3.882678e-01 8.355458e-01
      outer loop
         vertex 2.749821e+02 2.641788e+02 2.565746e+02
         vertex 2.350409e+02 1.923941e+02 2.046348e+02
         vertex 3.085982e+02 2.069902e+02 2.456393e+02
      endloop
   endfacet
   facet normal -4.914094e-01 5.256350e-01 6.944239e-01
      outer loop
         vertex 2.350409e+02 1.923941e+02 2.046348e+02
         vertex 2.252055e+02 1.653039e+02 2.181803e+02
         vertex 3.085982e+02 2.069902e+02 2.456393e+02
      endloop
   endfacet
   facet normal -4.914095e-01 5.256351e-01 6.944239e-01
      outer loop
         vertex 3.085982e+02 2.069902e+02 2.456393e+02
         vertex 2.252055e+02 1.653039e+02 2.181803e+02
         vertex 2.878333e+02 1.497964e+02 2.742371e+02
      endloop
   endfacet
   facet normal 1.089975e-01 9.826494e-01 1.500654e-01
      outer loop
         vertex 2.252055e+02 1.653039e+02 2.181803e+02
         vertex 1.994476e+02 1.653014e+02 2.369054e+02
         vertex 2.878333e+02 1.497964e+02 2.742371e+02
      endloop
   endfacet
   facet normal 1.089976e-01 9.826494e-01 1.500653e-01
      outer loop
         vertex 2.878333e+02 1.497964e+02 2.742371e+02
         vertex 1.994476e+02 1.653014e+02 2.369054e+02
         vertex 2.334523e+02 1.497911e+02 3.137702e+02
      endloop
   endfacet
   facet normal 8.120836e-01 5.257610e-01 -2.531711e-01
      outer loop
         vertex 1.994476e+02 1.653014e+02 2.369054e+02
         vertex 1.835252e+02 1.923891e+02 2.420849e+02
         vertex 2.334523e+02 1.497911e+02 3.137702e+02
      endloop
   endfacet
   facet normal 8.120836e-01 5.257610e-01 -2.531711e-01
      outer loop
         vertex 2.334523e+02 1.497911e+02 3.137702e+02
         vertex 1.835252e+02 1.923891e+02 2.420849e+02
         vertex 1.998363e+02 2.069797e+02 3.247055e+02
      endloop
   endfacet
   facet normal 9.147627e-01 -3.881419e-01 -1.120492e-01
      outer loop
         vertex 1.835252e+02 1.923891e+02 2.420849e+02
         vertex 1.933606e+02 2.194793e+02 2.285394e+02
         vertex 1.998363e+02 2.069797e+02 3.247055e+02
      endloop
   endfacet
   facet normal 9.147627e-01 -3.881419e-01 -1.120492e-01
      outer loop
         vertex 1.998363e+02 2.069797e+02 3.247055e+02
         vertex 1.933606e+02 2.194793e+02 2.285394e+02
         vertex 2.206012e+02 2.641735e+02 2.961076e+02
      endloop
   endfacet
   facet normal 3.143558e-01 -8.451563e-01 4.323092e-01
      outer loop
         vertex 1.933606e+02 2.194793e+02 2.285394e+02
         vertex 2.191185e+02 2.194817e+02 2.098143e+02
         vertex 2.206012e+02 2.641735e+02 2.961076e+02
      endloop
   endfacet
   facet normal 3.143558e-01 -8.451563e-01 4.323092e-01
      outer loop
         vertex 2.206012e+02 2.641735e+02 2.961076e+02
         vertex 2.191185e+02 2.194817e+02 2.098143e+02
         vertex 2.749821e+02 2.641788e+02 2.565746e+02
      endloop
   endfacet
   facet normal 5.775605e-01 1.875755e-01 7.945057e-01
      outer loop
         vertex 1.994476e+02 1.653014e+02 2.369054e+02
         vertex 2.252055e+02 1.653039e+02 2.181803e+02
         vertex 1.835252e+02 1.923891e+02 2.420849e+02
      endloop
   endfacet
   facet normal 5.775604e-01 1.875753e-01 7.945058e-01
      outer loop
         vertex 1.835252e+02 1.923891e+02 2.420849e+02
         vertex 2.252055e+02 1.653039e+02 2.181803e+02
         vertex 2.350409e+02 1.923941e+02 2.046348e+02
      endloop
   endfacet
   facet normal 5.775604e-01 1.875751e-01 7.945058e-01
      outer loop
         vertex 1.835252e+02 1.923891e+02 2.420849e+02
         vertex 2.350409e+02 1.923941e+02 2.046348e+02
         vertex 1.933606e+02 2.194793e+02 2.285394e+02
      endloop
   endfacet
   facet normal 5.775605e-01 1.875754e-01 7.945057e-01
      outer loop
         vertex 1.933606e+02 2.194793e+02 2.285394e+02
         vertex 2.350409e+02 1.923941e+02 2.046348e+02
         vertex 2.191185e+02 2.194817e+02 2.098143e+02
      endloop
   endfacet
   facet normal 4.915183e-01 8.560777e-01 1.598147e-01
      outer loop
         vertex 2.351242e+02 1.345248e+02 1.683602e+02
         vertex 2.251668e+02 1.345175e+02 1.990242e+02
         vertex 3.090542e+02 9.108877e+01 1.736580e+02
      endloop
   endfacet
   facet normal 4.915183e-01 8.560776e-01 1.598149e-01
      outer loop
         vertex 3.090542e+02 9.108877e+01 1.736580e+02
         vertex 2.251668e+02 1.345175e+02 1.990242e+02
         vertex 2.881112e+02 9.107327e+01 2.381522e+02
      endloop
   endfacet
   facet normal 3.888004e-01 5.738409e-01 -7.207919e-01
      outer loop
         vertex 2.190018e+02 1.175782e+02 1.461720e+02
         vertex 2.351242e+02 1.345248e+02 1.683602e+02
         vertex 2.751448e+02 5.544569e+01 1.269907e+02
      endloop
   endfacet
   facet normal 3.888003e-01 5.738409e-01 -7.207919e-01
      outer loop
         vertex 2.751448e+02 5.544569e+01 1.269907e+02
         vertex 2.351242e+02 1.345248e+02 1.683602e+02
         vertex 3.090542e+02 9.108877e+01 1.736580e+02
      endloop
   endfacet
   facet normal -3.143580e-01 8.998743e-03 -9.492619e-01
      outer loop
         vertex 1.929221e+02 1.006242e+02 1.546479e+02
         vertex 2.190018e+02 1.175782e+02 1.461720e+02
         vertex 2.202925e+02 1.978710e+01 1.448176e+02
      endloop
   endfacet
   facet normal -3.143580e-01 8.998743e-03 -9.492619e-01
      outer loop
         vertex 2.202925e+02 1.978710e+01 1.448176e+02
         vertex 2.190018e+02 1.175782e+02 1.461720e+02
         vertex 2.751448e+02 5.544569e+01 1.269907e+02
      endloop
   endfacet
   facet normal -9.147984e-01 -2.736066e-01 -2.971251e-01
      outer loop
         vertex 1.829647e+02 1.006168e+02 1.853119e+02
         vertex 1.929221e+02 1.006242e+02 1.546479e+02
         vertex 1.993495e+02 1.977159e+01 2.093118e+02
      endloop
   endfacet
   facet normal -9.147984e-01 -2.736066e-01 -2.971251e-01
      outer loop
         vertex 1.993495e+02 1.977159e+01 2.093118e+02
         vertex 1.929221e+02 1.006242e+02 1.546479e+02
         vertex 2.202925e+02 1.978710e+01 1.448176e+02
      endloop
   endfacet
   facet normal -8.120804e-01 8.630219e-03 5.834817e-01
      outer loop
         vertex 1.990870e+02 1.175634e+02 2.075000e+02
         vertex 1.829647e+02 1.006168e+02 1.853119e+02
         vertex 2.332589e+02 5.541467e+01 2.559791e+02
      endloop
   endfacet
   facet normal -8.120805e-01 8.630152e-03 5.834817e-01
      outer loop
         vertex 2.332589e+02 5.541467e+01 2.559791e+02
         vertex 1.829647e+02 1.006168e+02 1.853119e+02
         vertex 1.993495e+02 1.977159e+01 2.093118e+02
      endloop
   endfacet
   facet normal -1.089221e-01 5.734723e-01 8.119517e-01
      outer loop
         vertex 2.251668e+02 1.345175e+02 1.990242e+02
         vertex 1.990870e+02 1.175634e+02 2.075000e+02
         vertex 2.881112e+02 9.107327e+01 2.381522e+02
      endloop
   endfacet
   facet normal -1.089221e-01 5.734723e-01 8.119517e-01
      outer loop
         vertex 2.881112e+02 9.107327e+01 2.381522e+02
         vertex 1.990870e+02 1.175634e+02 2.075000e+02
         vertex 2.332589e+02 5.541467e+01 2.559791e+02
      endloop
   endfacet
   facet normal -5.774607e-01 7.946372e-01 -1.873258e-01
      outer loop
         vertex 1.990870e+02 1.175634e+02 2.075000e+02
         vertex 2.251668e+02 1.345175e+02 1.990242e+02
         vertex 1.829647e+02 1.006168e+02 1.853119e+02
      endloop
   endfacet
   facet normal -5.774607e-01 7.946372e-01 -1.873258e-01
      outer loop
         vertex 1.829647e+02 1.006168e+02 1.853119e+02
         vertex 2.251668e+02 1.345175e+02 1.990242e+02
         vertex 2.351242e+02 1.345248e+02 1.683602e+02
      endloop
   endfacet
   facet normal -5.774606e-01 7.946372e-01 -1.873256e-01
      outer loop
         vertex 1.829647e+02 1.006168e+02 1.853119e+02
         vertex 2.351242e+02 1.345248e+02 1.683602e+02
         vertex 1.929221e+02 1.006242e+02 1.546479e+02
      endloop
   endfacet
   facet normal -5.774607e-01 7.946372e-01 -1.873256e-01
      outer loop
         vertex 1.929221e+02 1.006242e+02 1.546479e+02
         vertex 2.351242e+02 1.345248e+02 1.683602e+02
         vertex 2.190018e+02 1.175782e+02 1.461720e+02
      endloop
   endfacet
   facet normal 5.774596e-01 -7.946380e-01 1.873254e-01
      outer loop
         vertex 1.998165e+02 2.007520e+01 2.091600e+02
         vertex 1.993495e+02 1.977159e+01 2.093118e+02
         vertex 2.205812e+02 2.009058e+01 1.452149e+02
      endloop
   endfacet
   facet normal 5.774586e-01 -7.946388e-01 1.873250e-01
      outer loop
         vertex 2.205812e+02 2.009058e+01 1.452149e+02
         vertex 1.993495e+02 1.977159e+01 2.093118e+02
         vertex 2.202925e+02 1.978710e+01 1.448176e+02
      endloop
   endfacet
   facet normal 5.774604e-01 -7.946380e-01 1.873231e-01
      outer loop
         vertex 2.205812e+02 2.009058e+01 1.452149e+02
         vertex 2.202925e+02 1.978710e+01 1.448176e+02
         vertex 2.749665e+02 5.544556e+01 1.275398e+02
      endloop
   endfacet
   facet normal 5.774603e-01 -7.946382e-01 1.873227e-01
      outer loop
         vertex 2.749665e+02 5.544556e+01 1.275398e+02
         vertex 2.202925e+02 1.978710e+01 1.448176e+02
         vertex 2.751448e+02 5.544569e+01 1.269907e+02
      endloop
   endfacet
   facet normal 5.774627e-01 -7.946362e-01 1.873234e-01
      outer loop
         vertex 2.749665e+02 5.544556e+01 1.275398e+02
         vertex 2.751448e+02 5.544569e+01 1.269907e+02
         vertex 3.085872e+02 9.078517e+01 1.738098e+02
      endloop
   endfacet
   facet normal 5.774542e-01 -7.946403e-01 1.873326e-01
      outer loop
         vertex 3.085872e+02 9.078517e+01 1.738098e+02
         vertex 2.751448e+02 5.544569e+01 1.269907e+02
         vertex 3.090542e+02 9.108877e+01 1.736580e+02
      endloop
   endfacet
   facet normal 5.774531e-01 -7.946433e-01 1.873232e-01
      outer loop
         vertex 3.085872e+02 9.078517e+01 1.738098e+02
         vertex 3.090542e+02 9.108877e+01 1.736580e+02
         vertex 2.878225e+02 9.076979e+01 2.377549e+02
      endloop
   endfacet
   facet normal 5.774660e-01 -7.946329e-01 1.873275e-01
      outer loop
         vertex 2.878225e+02 9.076979e+01 2.377549e+02
         vertex 3.090542e+02 9.108877e+01 1.736580e+02
         vertex 2.881112e+02 9.107327e+01 2.381522e+02
      endloop
   endfacet
   facet normal 5.774614e-01 -7.946350e-01 1.873325e-01
      outer loop
         vertex 2.878225e+02 9.076979e+01 2.377549e+02
         vertex 2.881112e+02 9.107327e+01 2.381522e+02
         vertex 2.334372e+02 5.541480e+01 2.554300e+02
      endloop
   endfacet
   facet normal 5.774607e-01 -7.946372e-01 1.873256e-01
      outer loop
         vertex 2.334372e+02 5.541480e+01 2.554300e+02
         vertex 2.881112e+02 9.107327e+01 2.381522e+02
         vertex 2.332589e+02 5.541467e+01 2.559791e+02
      endloop
   endfacet
   facet normal 5.774607e-01 -7.946372e-01 1.873256e-01
      outer loop
         vertex 2.334372e+02 5.541480e+01 2.554300e+02
         vertex 2.332589e+02 5.541467e+01 2.559791e+02
         vertex 1.998165e+02 2.007520e+01 2.091600e+02
      endloop
   endfacet
   facet normal 5.774598e-01 -7.946376e-01 1.873266e-01
      outer loop
         vertex 1.998165e+02 2.007520e+01 2.091600e+02
         vertex 2.332589e+02 5.541467e+01 2.559791e+02
         vertex 1.993495e+02 1.977159e+01 2.093118e+02
      endloop
   endfacet
   facet normal -3.888003e-01 -5.738409e-01 7.207918e-01
      outer loop
         vertex 2.350353e+02 1.339990e+02 1.685390e+02
         vertex 2.191107e+02 1.172602e+02 1.466230e+02
         vertex 3.085872e+02 9.078517e+01 1.738098e+02
      endloop
   endfacet
   facet normal -3.888003e-01 -5.738409e-01 7.207919e-01
      outer loop
         vertex 3.085872e+02 9.078517e+01 1.738098e+02
         vertex 2.191107e+02 1.172602e+02 1.466230e+02
         vertex 2.749665e+02 5.544556e+01 1.275398e+02
      endloop
   endfacet
   facet normal 3.143580e-01 -8.998802e-03 9.492619e-01
      outer loop
         vertex 2.191107e+02 1.172602e+02 1.466230e+02
         vertex 1.933508e+02 1.005142e+02 1.549949e+02
         vertex 2.749665e+02 5.544556e+01 1.275398e+02
      endloop
   endfacet
   facet normal 3.143580e-01 -8.998727e-03 9.492618e-01
      outer loop
         vertex 2.749665e+02 5.544556e+01 1.275398e+02
         vertex 1.933508e+02 1.005142e+02 1.549949e+02
         vertex 2.205812e+02 2.009058e+01 1.452149e+02
      endloop
   endfacet
   facet normal 9.147984e-01 2.736067e-01 2.971250e-01
      outer loop
         vertex 1.933508e+02 1.005142e+02 1.549949e+02
         vertex 1.835155e+02 1.005069e+02 1.852829e+02
         vertex 2.205812e+02 2.009058e+01 1.452149e+02
      endloop
   endfacet
   facet normal 9.147984e-01 2.736066e-01 2.971251e-01
      outer loop
         vertex 2.205812e+02 2.009058e+01 1.452149e+02
         vertex 1.835155e+02 1.005069e+02 1.852829e+02
         vertex 1.998165e+02 2.007520e+01 2.091600e+02
      endloop
   endfacet
   facet normal 8.120804e-01 -8.630152e-03 -5.834818e-01
      outer loop
         vertex 1.835155e+02 1.005069e+02 1.852829e+02
         vertex 1.994401e+02 1.172457e+02 2.071989e+02
         vertex 1.998165e+02 2.007520e+01 2.091600e+02
      endloop
   endfacet
   facet normal 8.120805e-01 -8.630150e-03 -5.834817e-01
      outer loop
         vertex 1.998165e+02 2.007520e+01 2.091600e+02
         vertex 1.994401e+02 1.172457e+02 2.071989e+02
         vertex 2.334372e+02 5.541480e+01 2.554300e+02
      endloop
   endfacet
   facet normal 1.089222e-01 -5.734722e-01 -8.119517e-01
      outer loop
         vertex 1.994401e+02 1.172457e+02 2.071989e+02
         vertex 2.252000e+02 1.339918e+02 1.988270e+02
         vertex 2.334372e+02 5.541480e+01 2.554300e+02
      endloop
   endfacet
   facet normal 1.089222e-01 -5.734722e-01 -8.119517e-01
      outer loop
         vertex 2.334372e+02 5.541480e+01 2.554300e+02
         vertex 2.252000e+02 1.339918e+02 1.988270e+02
         vertex 2.878225e+02 9.076979e+01 2.377549e+02
      endloop
   endfacet
   facet normal -4.915184e-01 -8.560776e-01 -1.598148e-01
      outer loop
         vertex 2.252000e+02 1.339918e+02 1.988270e+02
         vertex 2.350353e+02 1.339990e+02 1.685390e+02
         vertex 2.878225e+02 9.076979e+01 2.377549e+02
      endloop
   endfacet
   facet normal -4.915183e-01 -8.560777e-01 -1.598149e-01
      outer loop
         vertex 2.878225e+02 9.076979e+01 2.377549e+02
         vertex 2.350353e+02 1.339990e+02 1.685390e+02
         vertex 3.085872e+02 9.078517e+01 1.738098e+02
      endloop
   endfacet
   facet normal 5.774605e-01 -7.946373e-01 1.873257e-01
      outer loop
         vertex 1.835155e+02 1.005069e+02 1.852829e+02
         vertex 1.933508e+02 1.005142e+02 1.549949e+02
         vertex 1.994401e+02 1.172457e+02 2.071989e+02
      endloop
   endfacet
   facet normal 5.774606e-01 -7.946372e-01 1.873257e-01
      outer loop
         vertex 1.994401e+02 1.172457e+02 2.071989e+02
         vertex 1.933508e+02 1.005142e+02 1.549949e+02
         vertex 2.191107e+02 1.172602e+02 1.466230e+02
      endloop
   endfacet
   facet normal 5.774607e-01 -7.946372e-01 1.873257e-01
      outer loop
         vertex 1.994401e+02 1.172457e+02 2.071989e+02
         vertex 2.191107e+02 1.172602e+02 1.466230e+02
         vertex 2.252000e+02 1.339918e+02 1.988270e+02
      endloop
   endfacet
   facet normal 5.774606e-01 -7.946372e-01 1.873258e-01
      outer loop
         vertex 2.252000e+02 1.339918e+02 1.988270e+02
         vertex 2.191107e+02 1.172602e+02 1.466230e+02
         vertex 2.350353e+02 1.339990e+02 1.685390e+02
      endloop
   endfacet
   facet normal 9.999462e-01 8.827305e-03 5.441350e-03
      outer loop
         vertex 1.640278e+02 1.175810e+02 1.062439e+02
         vertex 1.640283e+02 1.006257e+02 1.336656e+02
         vertex 1.648991e+02 5.545104e+01 4.691833e+01
      endloop
   endfacet
   facet normal 9.999462e-01 8.827302e-03 5.441351e-03
      outer loop
         vertex 1.648991e+02 5.545104e+01 4.691833e+01
         vertex 1.640283e+02 1.006257e+02 1.336656e+02
         vertex 1.649001e+02 1.978980e+01 1.045932e+02
      endloop
   endfacet
   facet normal 5.653516e-01 5.737713e-01 -5.925910e-01
      outer loop
         vertex 1.379448e+02 1.345325e+02 9.777294e+01
         vertex 1.640278e+02 1.175810e+02 1.062439e+02
         vertex 1.100399e+02 9.110433e+01 2.910183e+01
      endloop
   endfacet
   facet normal 5.653516e-01 5.737713e-01 -5.925910e-01
      outer loop
         vertex 1.100399e+02 9.110433e+01 2.910183e+01
         vertex 1.640278e+02 1.175810e+02 1.062439e+02
         vertex 1.648991e+02 5.545104e+01 4.691833e+01
      endloop
   endfacet
   facet normal -3.038148e-01 8.561489e-01 -4.179780e-01
      outer loop
         vertex 1.118622e+02 1.345287e+02 1.167238e+02
         vertex 1.379448e+02 1.345325e+02 9.777294e+01
         vertex 5.518168e+01 9.109638e+01 6.896020e+01
      endloop
   endfacet
   facet normal -3.038147e-01 8.561489e-01 -4.179782e-01
      outer loop
         vertex 5.518168e+01 9.109638e+01 6.896020e+01
         vertex 1.379448e+02 1.345325e+02 9.777294e+01
         vertex 1.100399e+02 9.110433e+01 2.910183e+01
      endloop
   endfacet
   facet normal -7.383864e-01 5.735825e-01 3.546670e-01
      outer loop
         vertex 1.118627e+02 1.175734e+02 1.441455e+02
         vertex 1.118622e+02 1.345287e+02 1.167238e+02
         vertex 5.518264e+01 5.543514e+01 1.266351e+02
      endloop
   endfacet
   facet normal -7.383864e-01 5.735825e-01 3.546669e-01
      outer loop
         vertex 5.518264e+01 5.543514e+01 1.266351e+02
         vertex 1.118622e+02 1.345287e+02 1.167238e+02
         vertex 5.518168e+01 9.109638e+01 6.896020e+01
      endloop
   endfacet
   facet normal -3.037919e-01 8.638403e-03 9.526993e-01
      outer loop
         vertex 1.379457e+02 1.006219e+02 1.526164e+02
         vertex 1.118627e+02 1.175734e+02 1.441455e+02
         vertex 1.100418e+02 1.978185e+01 1.444516e+02
      endloop
   endfacet
   facet normal -3.037918e-01 8.638402e-03 9.526993e-01
      outer loop
         vertex 1.100418e+02 1.978185e+01 1.444516e+02
         vertex 1.118627e+02 1.175734e+02 1.441455e+02
         vertex 5.518264e+01 5.543514e+01 1.266351e+02
      endloop
   endfacet
   facet normal 5.653745e-01 -2.737391e-01 7.780864e-01
      outer loop
         vertex 1.640283e+02 1.006257e+02 1.336656e+02
         vertex 1.379457e+02 1.006219e+02 1.526164e+02
         vertex 1.649001e+02 1.978980e+01 1.045932e+02
      endloop
   endfacet
   facet normal 5.653745e-01 -2.737392e-01 7.780865e-01
      outer loop
         vertex 1.649001e+02 1.978980e+01 1.045932e+02
         vertex 1.379457e+02 1.006219e+02 1.526164e+02
         vertex 1.100418e+02 1.978185e+01 1.444516e+02
      endloop
   endfacet
   facet normal 3.568334e-01 7.945535e-01 4.912786e-01
      outer loop
         vertex 1.379457e+02 1.006219e+02 1.526164e+02
         vertex 1.640283e+02 1.006257e+02 1.336656e+02
         vertex 1.118627e+02 1.175734e+02 1.441455e+02
      endloop
   endfacet
   facet normal 3.568334e-01 7.945536e-01 4.912785e-01
      outer loop
         vertex 1.118627e+02 1.175734e+02 1.441455e+02
         vertex 1.640283e+02 1.006257e+02 1.336656e+02
         vertex 1.640278e+02 1.175810e+02 1.062439e+02
      endloop
   endfacet
   facet normal 3.568334e-01 7.945536e-01 4.912785e-01
      outer loop
         vertex 1.118627e+02 1.175734e+02 1.441455e+02
         vertex 1.640278e+02 1.175810e+02 1.062439e+02
         vertex 1.118622e+02 1.345287e+02 1.167238e+02
      endloop
   endfacet
   facet normal 3.568334e-01 7.945535e-01 4.912786e-01
      outer loop
         vertex 1.118622e+02 1.345287e+02 1.167238e+02
         vertex 1.640278e+02 1.175810e+02 1.062439e+02
         vertex 1.379448e+02 1.345325e+02 9.777294e+01
      endloop
   endfacet
   facet normal -3.568343e-01 -7.945533e-01 -4.912783e-01
      outer loop
         vertex 1.644320e+02 5.545097e+01 4.725769e+01
         vertex 1.648991e+02 5.545104e+01 4.691833e+01
         vertex 1.644330e+02 2.009336e+01 1.044415e+02
      endloop
   endfacet
   facet normal -3.568312e-01 -7.945543e-01 -4.912789e-01
      outer loop
         vertex 1.644330e+02 2.009336e+01 1.044415e+02
         vertex 1.648991e+02 5.545104e+01 4.691833e+01
         vertex 1.649001e+02 1.978980e+01 1.045932e+02
      endloop
   endfacet
   facet normal -3.568323e-01 -7.945550e-01 -4.912770e-01
      outer loop
         vertex 1.644330e+02 2.009336e+01 1.044415e+02
         vertex 1.649001e+02 1.978980e+01 1.045932e+02
         vertex 1.100418e+02 2.008548e+01 1.439605e+02
      endloop
   endfacet
   facet normal -3.568335e-01 -7.945535e-01 -4.912786e-01
      outer loop
         vertex 1.100418e+02 2.008548e+01 1.439605e+02
         vertex 1.649001e+02 1.978980e+01 1.045932e+02
         vertex 1.100418e+02 1.978185e+01 1.444516e+02
      endloop
   endfacet
   facet normal -3.568334e-01 -7.945535e-01 -4.912786e-01
      outer loop
         vertex 1.100418e+02 2.008548e+01 1.439605e+02
         vertex 1.100418e+02 1.978185e+01 1.444516e+02
         vertex 5.564973e+01 5.543521e+01 1.262957e+02
      endloop
   endfacet
   facet normal -3.568324e-01 -7.945529e-01 -4.912803e-01
      outer loop
         vertex 5.564973e+01 5.543521e+01 1.262957e+02
         vertex 1.100418e+02 1.978185e+01 1.444516e+02
         vertex 5.518264e+01 5.543514e+01 1.266351e+02
      endloop
   endfacet
   facet normal -3.568313e-01 -7.945542e-01 -4.912789e-01
      outer loop
         vertex 5.564973e+01 5.543521e+01 1.262957e+02
         vertex 5.518264e+01 5.543514e+01 1.266351e+02
         vertex 5.564877e+01 9.079282e+01 6.911191e+01
      endloop
   endfacet
   facet normal -3.568192e-01 -7.945582e-01 -4.912813e-01
      outer loop
         vertex 5.564877e+01 9.079282e+01 6.911191e+01
         vertex 5.518264e+01 5.543514e+01 1.266351e+02
         vertex 5.518168e+01 9.109638e+01 6.896020e+01
      endloop
   endfacet
   facet normal -3.568264e-01 -7.945629e-01 -4.912685e-01
      outer loop
         vertex 5.564877e+01 9.079282e+01 6.911191e+01
         vertex 5.518168e+01 9.109638e+01 6.896020e+01
         vertex 1.100399e+02 9.080070e+01 2.959289e+01
      endloop
   endfacet
   facet normal -3.568396e-01 -7.945454e-01 -4.912871e-01
      outer loop
         vertex 1.100399e+02 9.080070e+01 2.959289e+01
         vertex 5.518168e+01 9.109638e+01 6.896020e+01
         vertex 1.100399e+02 9.110433e+01 2.910183e+01
      endloop
   endfacet
   facet normal -3.568270e-01 -7.945495e-01 -4.912897e-01
      outer loop
         vertex 1.100399e+02 9.080070e+01 2.959289e+01
         vertex 1.100399e+02 9.110433e+01 2.910183e+01
         vertex 1.644320e+02 5.545097e+01 4.725769e+01
      endloop
   endfacet
   facet normal -3.568339e-01 -7.945538e-01 -4.912777e-01
      outer loop
         vertex 1.644320e+02 5.545097e+01 4.725769e+01
         vertex 1.100399e+02 9.110433e+01 2.910183e+01
         vertex 1.648991e+02 5.545104e+01 4.691833e+01
      endloop
   endfacet
   facet normal -5.653516e-01 -5.737713e-01 5.925909e-01
      outer loop
         vertex 1.635652e+02 1.172631e+02 1.062798e+02
         vertex 1.378021e+02 1.340067e+02 9.791274e+01
         vertex 1.644320e+02 5.545097e+01 4.725769e+01
      endloop
   endfacet
   facet normal -5.653516e-01 -5.737713e-01 5.925909e-01
      outer loop
         vertex 1.644320e+02 5.545097e+01 4.725769e+01
         vertex 1.378021e+02 1.340067e+02 9.791274e+01
         vertex 1.100399e+02 9.080070e+01 2.959289e+01
      endloop
   endfacet
   facet normal 3.038147e-01 -8.561489e-01 4.179781e-01
      outer loop
         vertex 1.378021e+02 1.340067e+02 9.791274e+01
         vertex 1.120394e+02 1.340029e+02 1.166311e+02
         vertex 1.100399e+02 9.080070e+01 2.959289e+01
      endloop
   endfacet
   facet normal 3.038147e-01 -8.561489e-01 4.179781e-01
      outer loop
         vertex 1.100399e+02 9.080070e+01 2.959289e+01
         vertex 1.120394e+02 1.340029e+02 1.166311e+02
         vertex 5.564877e+01 9.079282e+01 6.911191e+01
      endloop
   endfacet
   facet normal 7.383865e-01 -5.735824e-01 -3.546670e-01
      outer loop
         vertex 1.120394e+02 1.340029e+02 1.166311e+02
         vertex 1.120398e+02 1.172556e+02 1.437166e+02
         vertex 5.564877e+01 9.079282e+01 6.911191e+01
      endloop
   endfacet
   facet normal 7.383864e-01 -5.735824e-01 -3.546670e-01
      outer loop
         vertex 5.564877e+01 9.079282e+01 6.911191e+01
         vertex 1.120398e+02 1.172556e+02 1.437166e+02
         vertex 5.564973e+01 5.543521e+01 1.262957e+02
      endloop
   endfacet
   facet normal 3.037918e-01 -8.638378e-03 -9.526993e-01
      outer loop
         vertex 1.120398e+02 1.172556e+02 1.437166e+02
         vertex 1.378030e+02 1.005120e+02 1.520836e+02
         vertex 5.564973e+01 5.543521e+01 1.262957e+02
      endloop
   endfacet
   facet normal 3.037918e-01 -8.638399e-03 -9.526993e-01
      outer loop
         vertex 5.564973e+01 5.543521e+01 1.262957e+02
         vertex 1.378030e+02 1.005120e+02 1.520836e+02
         vertex 1.100418e+02 2.008548e+01 1.439605e+02
      endloop
   endfacet
   facet normal -5.653745e-01 2.737392e-01 -7.780865e-01
      outer loop
         vertex 1.378030e+02 1.005120e+02 1.520836e+02
         vertex 1.635656e+02 1.005158e+02 1.333652e+02
         vertex 1.100418e+02 2.008548e+01 1.439605e+02
      endloop
   endfacet
   facet normal -5.653745e-01 2.737392e-01 -7.780865e-01
      outer loop
         vertex 1.100418e+02 2.008548e+01 1.439605e+02
         vertex 1.635656e+02 1.005158e+02 1.333652e+02
         vertex 1.644330e+02 2.009336e+01 1.044415e+02
      endloop
   endfacet
   facet normal -9.999462e-01 -8.827304e-03 -5.441350e-03
      outer loop
         vertex 1.635656e+02 1.005158e+02 1.333652e+02
         vertex 1.635652e+02 1.172631e+02 1.062798e+02
         vertex 1.644330e+02 2.009336e+01 1.044415e+02
      endloop
   endfacet
   facet normal -9.999462e-01 -8.827304e-03 -5.441352e-03
      outer loop
         vertex 1.644330e+02 2.009336e+01 1.044415e+02
         vertex 1.635652e+02 1.172631e+02 1.062798e+02
         vertex 1.644320e+02 5.545097e+01 4.725769e+01
      endloop
   endfacet
   facet normal -3.568335e-01 -7.945535e-01 -4.912785e-01
      outer loop
         vertex 1.635656e+02 1.005158e+02 1.333652e+02
         vertex 1.378030e+02 1.005120e+02 1.520836e+02
         vertex 1.635652e+02 1.172631e+02 1.062798e+02
      endloop
   endfacet
   facet normal -3.568334e-01 -7.945535e-01 -4.912785e-01
      outer loop
         vertex 1.635652e+02 1.172631e+02 1.062798e+02
         vertex 1.378030e+02 1.005120e+02 1.520836e+02
         vertex 1.120398e+02 1.172556e+02 1.437166e+02
      endloop
   endfacet
   facet normal -3.568334e-01 -7.945535e-01 -4.912785e-01
      outer loop
         vertex 1.635652e+02 1.172631e+02 1.062798e+02
         vertex 1.120398e+02 1.172556e+02 1.437166e+02
         vertex 1.378021e+02 1.340067e+02 9.791274e+01
      endloop
   endfacet
   facet normal -3.568334e-01 -7.945536e-01 -4.912785e-01
      outer loop
         vertex 1.378021e+02 1.340067e+02 9.791274e+01
         vertex 1.120398e+02 1.172556e+02 1.437166e+02
         vertex 1.120394e+02 1.340029e+02 1.166311e+02
      endloop
   endfacet
endsolid